date,base_currency,quote_currency,rate
2021-01-04,EUR,EUR,1.0000000000
2021-01-04,EUR,GBP,1.1700000000
2021-01-04,EUR,USD,0.9200000000
2021-01-05,EUR,EUR,1.0000000000
2021-01-05,EUR,GBP,1.1682072066
2021-01-05,EUR,USD,0.9172022319
2021-01-06,EUR,EUR,1.0000000000
2021-01-06,EUR,GBP,1.1666927814
2021-01-06,EUR,USD,0.9145480989
2021-01-07,EUR,EUR,1.0000000000
2021-01-07,EUR,GBP,1.1635694484
2021-01-07,EUR,USD,0.9179785121
2021-01-08,EUR,EUR,1.0000000000
2021-01-08,EUR,GBP,1.1640907872
2021-01-08,EUR,USD,0.9192081430
2021-01-11,EUR,EUR,1.0000000000
2021-01-11,EUR,GBP,1.1713693152
2021-01-11,EUR,USD,0.9172330510
2021-01-12,EUR,EUR,1.0000000000
2021-01-12,EUR,GBP,1.1706802728
2021-01-12,EUR,USD,0.9175914653
2021-01-13,EUR,EUR,1.0000000000
2021-01-13,EUR,GBP,1.1734784256
2021-01-13,EUR,USD,0.9166099267
2021-01-14,EUR,EUR,1.0000000000
2021-01-14,EUR,GBP,1.1708038880
2021-01-14,EUR,USD,0.9162592326
2021-01-15,EUR,EUR,1.0000000000
2021-01-15,EUR,GBP,1.1769182855
2021-01-15,EUR,USD,0.9101207662
2021-01-18,EUR,EUR,1.0000000000
2021-01-18,EUR,GBP,1.1750880005
2021-01-18,EUR,USD,0.9148060979
2021-01-19,EUR,EUR,1.0000000000
2021-01-19,EUR,GBP,1.1699648109
2021-01-19,EUR,USD,0.9189762577
2021-01-20,EUR,EUR,1.0000000000
2021-01-20,EUR,GBP,1.1623022028
2021-01-20,EUR,USD,0.9267676938
2021-01-21,EUR,EUR,1.0000000000
2021-01-21,EUR,GBP,1.1631746830
2021-01-21,EUR,USD,0.9198361382
2021-01-22,EUR,EUR,1.0000000000
2021-01-22,EUR,GBP,1.1643592486
2021-01-22,EUR,USD,0.9146512868
2021-01-25,EUR,EUR,1.0000000000
2021-01-25,EUR,GBP,1.1684444254
2021-01-25,EUR,USD,0.9079705589
2021-01-26,EUR,EUR,1.0000000000
2021-01-26,EUR,GBP,1.1584352637
2021-01-26,EUR,USD,0.9186008890
2021-01-27,EUR,EUR,1.0000000000
2021-01-27,EUR,GBP,1.1662856587
2021-01-27,EUR,USD,0.9142164930
2021-01-28,EUR,EUR,1.0000000000
2021-01-28,EUR,GBP,1.1657859863
2021-01-28,EUR,USD,0.9160979904
2021-01-29,EUR,EUR,1.0000000000
2021-01-29,EUR,GBP,1.1638094177
2021-01-29,EUR,USD,0.9129329078
2021-02-01,EUR,EUR,1.0000000000
2021-02-01,EUR,GBP,1.1650699441
2021-02-01,EUR,USD,0.9129025612
2021-02-02,EUR,EUR,1.0000000000
2021-02-02,EUR,GBP,1.1587134590
2021-02-02,EUR,USD,0.9194457321
2021-02-03,EUR,EUR,1.0000000000
2021-02-03,EUR,GBP,1.1571050813
2021-02-03,EUR,USD,0.9186628281
2021-02-04,EUR,EUR,1.0000000000
2021-02-04,EUR,GBP,1.1568704645
2021-02-04,EUR,USD,0.9208383957
2021-02-05,EUR,EUR,1.0000000000
2021-02-05,EUR,GBP,1.1648909035
2021-02-05,EUR,USD,0.9123073028
2021-02-08,EUR,EUR,1.0000000000
2021-02-08,EUR,GBP,1.1550171307
2021-02-08,EUR,USD,0.9101896865
2021-02-09,EUR,EUR,1.0000000000
2021-02-09,EUR,GBP,1.1534371816
2021-02-09,EUR,USD,0.9053932349
2021-02-10,EUR,EUR,1.0000000000
2021-02-10,EUR,GBP,1.1622343832
2021-02-10,EUR,USD,0.8978115446
2021-02-11,EUR,EUR,1.0000000000
2021-02-11,EUR,GBP,1.1576550446
2021-02-11,EUR,USD,0.9000502744
2021-02-12,EUR,EUR,1.0000000000
2021-02-12,EUR,GBP,1.1545016296
2021-02-12,EUR,USD,0.9001546818
2021-02-15,EUR,EUR,1.0000000000
2021-02-15,EUR,GBP,1.1478821945
2021-02-15,EUR,USD,0.9095444788
2021-02-16,EUR,EUR,1.0000000000
2021-02-16,EUR,GBP,1.1535284098
2021-02-16,EUR,USD,0.9042893715
2021-02-17,EUR,EUR,1.0000000000
2021-02-17,EUR,GBP,1.1469784494
2021-02-17,EUR,USD,0.9071586158
2021-02-18,EUR,EUR,1.0000000000
2021-02-18,EUR,GBP,1.1534523712
2021-02-18,EUR,USD,0.9061432776
2021-02-19,EUR,EUR,1.0000000000
2021-02-19,EUR,GBP,1.1529236502
2021-02-19,EUR,USD,0.9031496681
2021-02-22,EUR,EUR,1.0000000000
2021-02-22,EUR,GBP,1.1589382586
2021-02-22,EUR,USD,0.8961141828
2021-02-23,EUR,EUR,1.0000000000
2021-02-23,EUR,GBP,1.1612410660
2021-02-23,EUR,USD,0.8918934721
2021-02-24,EUR,EUR,1.0000000000
2021-02-24,EUR,GBP,1.1597395322
2021-02-24,EUR,USD,0.8940375172
2021-02-25,EUR,EUR,1.0000000000
2021-02-25,EUR,GBP,1.1621101349
2021-02-25,EUR,USD,0.8938448276
2021-02-26,EUR,EUR,1.0000000000
2021-02-26,EUR,GBP,1.1610455488
2021-02-26,EUR,USD,0.8954422015
2021-03-01,EUR,EUR,1.0000000000
2021-03-01,EUR,GBP,1.1651245866
2021-03-01,EUR,USD,0.8947669151
2021-03-02,EUR,EUR,1.0000000000
2021-03-02,EUR,GBP,1.1618392869
2021-03-02,EUR,USD,0.8963615815
2021-03-03,EUR,EUR,1.0000000000
2021-03-03,EUR,GBP,1.1632692117
2021-03-03,EUR,USD,0.9001463912
2021-03-04,EUR,EUR,1.0000000000
2021-03-04,EUR,GBP,1.1607214956
2021-03-04,EUR,USD,0.9049262987
2021-03-05,EUR,EUR,1.0000000000
2021-03-05,EUR,GBP,1.1644350358
2021-03-05,EUR,USD,0.9051836617
2021-03-08,EUR,EUR,1.0000000000
2021-03-08,EUR,GBP,1.1692703307
2021-03-08,EUR,USD,0.8998577393
2021-03-09,EUR,EUR,1.0000000000
2021-03-09,EUR,GBP,1.1574738078
2021-03-09,EUR,USD,0.9094126214
2021-03-10,EUR,EUR,1.0000000000
2021-03-10,EUR,GBP,1.1561162325
2021-03-10,EUR,USD,0.9056550288
2021-03-11,EUR,EUR,1.0000000000
2021-03-11,EUR,GBP,1.1572567824
2021-03-11,EUR,USD,0.9015346848
2021-03-12,EUR,EUR,1.0000000000
2021-03-12,EUR,GBP,1.1532819298
2021-03-12,EUR,USD,0.9008867051
2021-03-15,EUR,EUR,1.0000000000
2021-03-15,EUR,GBP,1.1469439356
2021-03-15,EUR,USD,0.9055933872
2021-03-16,EUR,EUR,1.0000000000
2021-03-16,EUR,GBP,1.1584841037
2021-03-16,EUR,USD,0.8974591910
2021-03-17,EUR,EUR,1.0000000000
2021-03-17,EUR,GBP,1.1602010883
2021-03-17,EUR,USD,0.8893456735
2021-03-18,EUR,EUR,1.0000000000
2021-03-18,EUR,GBP,1.1641220446
2021-03-18,EUR,USD,0.8914266299
2021-03-19,EUR,EUR,1.0000000000
2021-03-19,EUR,GBP,1.1630813129
2021-03-19,EUR,USD,0.8934058432
2021-03-22,EUR,EUR,1.0000000000
2021-03-22,EUR,GBP,1.1623654863
2021-03-22,EUR,USD,0.8943401766
2021-03-23,EUR,EUR,1.0000000000
2021-03-23,EUR,GBP,1.1682750493
2021-03-23,EUR,USD,0.8944171788
2021-03-24,EUR,EUR,1.0000000000
2021-03-24,EUR,GBP,1.1684956699
2021-03-24,EUR,USD,0.8947974733
2021-03-25,EUR,EUR,1.0000000000
2021-03-25,EUR,GBP,1.1650084230
2021-03-25,EUR,USD,0.8952788755
2021-03-26,EUR,EUR,1.0000000000
2021-03-26,EUR,GBP,1.1502349988
2021-03-26,EUR,USD,0.9068430013
2021-03-29,EUR,EUR,1.0000000000
2021-03-29,EUR,GBP,1.1462783895
2021-03-29,EUR,USD,0.9064880338
2021-03-30,EUR,EUR,1.0000000000
2021-03-30,EUR,GBP,1.1554436586
2021-03-30,EUR,USD,0.9026435512
2021-03-31,EUR,EUR,1.0000000000
2021-03-31,EUR,GBP,1.1527968905
2021-03-31,EUR,USD,0.9132381145
2021-04-01,EUR,EUR,1.0000000000
2021-04-01,EUR,GBP,1.1468826799
2021-04-01,EUR,USD,0.9203059013
2021-04-02,EUR,EUR,1.0000000000
2021-04-02,EUR,GBP,1.1453556489
2021-04-02,EUR,USD,0.9280976058
2021-04-05,EUR,EUR,1.0000000000
2021-04-05,EUR,GBP,1.1494289240
2021-04-05,EUR,USD,0.9180495089
2021-04-06,EUR,EUR,1.0000000000
2021-04-06,EUR,GBP,1.1551120153
2021-04-06,EUR,USD,0.9101111602
2021-04-07,EUR,EUR,1.0000000000
2021-04-07,EUR,GBP,1.1530691125
2021-04-07,EUR,USD,0.9119259744
2021-04-08,EUR,EUR,1.0000000000
2021-04-08,EUR,GBP,1.1642655620
2021-04-08,EUR,USD,0.9071136475
2021-04-09,EUR,EUR,1.0000000000
2021-04-09,EUR,GBP,1.1649827255
2021-04-09,EUR,USD,0.9093434511
2021-04-12,EUR,EUR,1.0000000000
2021-04-12,EUR,GBP,1.1689742703
2021-04-12,EUR,USD,0.9000803148
2021-04-13,EUR,EUR,1.0000000000
2021-04-13,EUR,GBP,1.1735302916
2021-04-13,EUR,USD,0.8946888734
2021-04-14,EUR,EUR,1.0000000000
2021-04-14,EUR,GBP,1.1744295851
2021-04-14,EUR,USD,0.8919810655
2021-04-15,EUR,EUR,1.0000000000
2021-04-15,EUR,GBP,1.1835716644
2021-04-15,EUR,USD,0.8848450484
2021-04-16,EUR,EUR,1.0000000000
2021-04-16,EUR,GBP,1.1826109192
2021-04-16,EUR,USD,0.8821495375
2021-04-19,EUR,EUR,1.0000000000
2021-04-19,EUR,GBP,1.1889110553
2021-04-19,EUR,USD,0.8798874421
2021-04-20,EUR,EUR,1.0000000000
2021-04-20,EUR,GBP,1.1875188780
2021-04-20,EUR,USD,0.8790731189
2021-04-21,EUR,EUR,1.0000000000
2021-04-21,EUR,GBP,1.1890421387
2021-04-21,EUR,USD,0.8812076168
2021-04-22,EUR,EUR,1.0000000000
2021-04-22,EUR,GBP,1.1812242130
2021-04-22,EUR,USD,0.8865753305
2021-04-23,EUR,EUR,1.0000000000
2021-04-23,EUR,GBP,1.1845820101
2021-04-23,EUR,USD,0.8812481279
2021-04-26,EUR,EUR,1.0000000000
2021-04-26,EUR,GBP,1.1849294644
2021-04-26,EUR,USD,0.8867541097
2021-04-27,EUR,EUR,1.0000000000
2021-04-27,EUR,GBP,1.1901516950
2021-04-27,EUR,USD,0.8880152931
2021-04-28,EUR,EUR,1.0000000000
2021-04-28,EUR,GBP,1.1947076748
2021-04-28,EUR,USD,0.8877767032
2021-04-29,EUR,EUR,1.0000000000
2021-04-29,EUR,GBP,1.1955327651
2021-04-29,EUR,USD,0.8859441327
2021-04-30,EUR,EUR,1.0000000000
2021-04-30,EUR,GBP,1.1937683674
2021-04-30,EUR,USD,0.8863436508
2021-05-03,EUR,EUR,1.0000000000
2021-05-03,EUR,GBP,1.2076903643
2021-05-03,EUR,USD,0.8820602267
2021-05-04,EUR,EUR,1.0000000000
2021-05-04,EUR,GBP,1.2086827982
2021-05-04,EUR,USD,0.8773577323
2021-05-05,EUR,EUR,1.0000000000
2021-05-05,EUR,GBP,1.2107528312
2021-05-05,EUR,USD,0.8846422825
2021-05-06,EUR,EUR,1.0000000000
2021-05-06,EUR,GBP,1.2083281970
2021-05-06,EUR,USD,0.8898900464
2021-05-07,EUR,EUR,1.0000000000
2021-05-07,EUR,GBP,1.2114733427
2021-05-07,EUR,USD,0.8927004642
2021-05-10,EUR,EUR,1.0000000000
2021-05-10,EUR,GBP,1.2173504450
2021-05-10,EUR,USD,0.8962740679
2021-05-11,EUR,EUR,1.0000000000
2021-05-11,EUR,GBP,1.2170628792
2021-05-11,EUR,USD,0.8921389836
2021-05-12,EUR,EUR,1.0000000000
2021-05-12,EUR,GBP,1.2023370162
2021-05-12,EUR,USD,0.9025852248
2021-05-13,EUR,EUR,1.0000000000
2021-05-13,EUR,GBP,1.2019993596
2021-05-13,EUR,USD,0.9058720529
2021-05-14,EUR,EUR,1.0000000000
2021-05-14,EUR,GBP,1.2026698780
2021-05-14,EUR,USD,0.9028353605
2021-05-17,EUR,EUR,1.0000000000
2021-05-17,EUR,GBP,1.2042056998
2021-05-17,EUR,USD,0.9084734265
2021-05-18,EUR,EUR,1.0000000000
2021-05-18,EUR,GBP,1.2050587139
2021-05-18,EUR,USD,0.9086080657
2021-05-19,EUR,EUR,1.0000000000
2021-05-19,EUR,GBP,1.2097257290
2021-05-19,EUR,USD,0.9089342282
2021-05-20,EUR,EUR,1.0000000000
2021-05-20,EUR,GBP,1.2053134705
2021-05-20,EUR,USD,0.9122515569
2021-05-21,EUR,EUR,1.0000000000
2021-05-21,EUR,GBP,1.2066008670
2021-05-21,EUR,USD,0.9064191757
2021-05-24,EUR,EUR,1.0000000000
2021-05-24,EUR,GBP,1.2000469786
2021-05-24,EUR,USD,0.9137529695
2021-05-25,EUR,EUR,1.0000000000
2021-05-25,EUR,GBP,1.1954510624
2021-05-25,EUR,USD,0.9119122199
2021-05-26,EUR,EUR,1.0000000000
2021-05-26,EUR,GBP,1.1893856890
2021-05-26,EUR,USD,0.9155458063
2021-05-27,EUR,EUR,1.0000000000
2021-05-27,EUR,GBP,1.1979316227
2021-05-27,EUR,USD,0.9113876458
2021-05-28,EUR,EUR,1.0000000000
2021-05-28,EUR,GBP,1.2000957605
2021-05-28,EUR,USD,0.9075553647
2021-05-31,EUR,EUR,1.0000000000
2021-05-31,EUR,GBP,1.2001098002
2021-05-31,EUR,USD,0.9094517622
2021-06-01,EUR,EUR,1.0000000000
2021-06-01,EUR,GBP,1.1958447464
2021-06-01,EUR,USD,0.9082341441
2021-06-02,EUR,EUR,1.0000000000
2021-06-02,EUR,GBP,1.1903695822
2021-06-02,EUR,USD,0.9057571259
2021-06-03,EUR,EUR,1.0000000000
2021-06-03,EUR,GBP,1.1920728241
2021-06-03,EUR,USD,0.9050519207
2021-06-04,EUR,EUR,1.0000000000
2021-06-04,EUR,GBP,1.1882684063
2021-06-04,EUR,USD,0.9054831600
2021-06-07,EUR,EUR,1.0000000000
2021-06-07,EUR,GBP,1.1883885916
2021-06-07,EUR,USD,0.9029725532
2021-06-08,EUR,EUR,1.0000000000
2021-06-08,EUR,GBP,1.1839879291
2021-06-08,EUR,USD,0.9046874508
2021-06-09,EUR,EUR,1.0000000000
2021-06-09,EUR,GBP,1.1915823699
2021-06-09,EUR,USD,0.8973499954
2021-06-10,EUR,EUR,1.0000000000
2021-06-10,EUR,GBP,1.2005826575
2021-06-10,EUR,USD,0.8904639299
2021-06-11,EUR,EUR,1.0000000000
2021-06-11,EUR,GBP,1.2059009643
2021-06-11,EUR,USD,0.8922708984
2021-06-14,EUR,EUR,1.0000000000
2021-06-14,EUR,GBP,1.2069691299
2021-06-14,EUR,USD,0.8939296184
2021-06-15,EUR,EUR,1.0000000000
2021-06-15,EUR,GBP,1.2067737585
2021-06-15,EUR,USD,0.8932728066
2021-06-16,EUR,EUR,1.0000000000
2021-06-16,EUR,GBP,1.1986261582
2021-06-16,EUR,USD,0.9005682309
2021-06-17,EUR,EUR,1.0000000000
2021-06-17,EUR,GBP,1.2002396662
2021-06-17,EUR,USD,0.8979885730
2021-06-18,EUR,EUR,1.0000000000
2021-06-18,EUR,GBP,1.1895855891
2021-06-18,EUR,USD,0.9030811227
2021-06-21,EUR,EUR,1.0000000000
2021-06-21,EUR,GBP,1.1850605487
2021-06-21,EUR,USD,0.9077328938
2021-06-22,EUR,EUR,1.0000000000
2021-06-22,EUR,GBP,1.1837831920
2021-06-22,EUR,USD,0.9034246401
2021-06-23,EUR,EUR,1.0000000000
2021-06-23,EUR,GBP,1.1793837427
2021-06-23,EUR,USD,0.9045133300
2021-06-24,EUR,EUR,1.0000000000
2021-06-24,EUR,GBP,1.1749223615
2021-06-24,EUR,USD,0.9084083797
2021-06-25,EUR,EUR,1.0000000000
2021-06-25,EUR,GBP,1.1676439888
2021-06-25,EUR,USD,0.9225538481
2021-06-28,EUR,EUR,1.0000000000
2021-06-28,EUR,GBP,1.1689772966
2021-06-28,EUR,USD,0.9243007022
2021-06-29,EUR,EUR,1.0000000000
2021-06-29,EUR,GBP,1.1735350888
2021-06-29,EUR,USD,0.9209317197
2021-06-30,EUR,EUR,1.0000000000
2021-06-30,EUR,GBP,1.1692099586
2021-06-30,EUR,USD,0.9204981306
2021-07-01,EUR,EUR,1.0000000000
2021-07-01,EUR,GBP,1.1714381182
2021-07-01,EUR,USD,0.9123359978
2021-07-02,EUR,EUR,1.0000000000
2021-07-02,EUR,GBP,1.1766232302
2021-07-02,EUR,USD,0.9040911801
2021-07-05,EUR,EUR,1.0000000000
2021-07-05,EUR,GBP,1.1775053975
2021-07-05,EUR,USD,0.9060706289
2021-07-06,EUR,EUR,1.0000000000
2021-07-06,EUR,GBP,1.1763867826
2021-07-06,EUR,USD,0.9110152541
2021-07-07,EUR,EUR,1.0000000000
2021-07-07,EUR,GBP,1.1825695768
2021-07-07,EUR,USD,0.9090887493
2021-07-08,EUR,EUR,1.0000000000
2021-07-08,EUR,GBP,1.1776883918
2021-07-08,EUR,USD,0.9105271488
2021-07-09,EUR,EUR,1.0000000000
2021-07-09,EUR,GBP,1.1743142034
2021-07-09,EUR,USD,0.9135608192
2021-07-12,EUR,EUR,1.0000000000
2021-07-12,EUR,GBP,1.1866714830
2021-07-12,EUR,USD,0.9118566541
2021-07-13,EUR,EUR,1.0000000000
2021-07-13,EUR,GBP,1.1836751257
2021-07-13,EUR,USD,0.9122374048
2021-07-14,EUR,EUR,1.0000000000
2021-07-14,EUR,GBP,1.1882273644
2021-07-14,EUR,USD,0.9114659782
2021-07-15,EUR,EUR,1.0000000000
2021-07-15,EUR,GBP,1.1934690022
2021-07-15,EUR,USD,0.9087097989
2021-07-16,EUR,EUR,1.0000000000
2021-07-16,EUR,GBP,1.1896816834
2021-07-16,EUR,USD,0.9115860894
2021-07-19,EUR,EUR,1.0000000000
2021-07-19,EUR,GBP,1.1944053548
2021-07-19,EUR,USD,0.9081769385
2021-07-20,EUR,EUR,1.0000000000
2021-07-20,EUR,GBP,1.1848123812
2021-07-20,EUR,USD,0.9125401046
2021-07-21,EUR,EUR,1.0000000000
2021-07-21,EUR,GBP,1.1828963884
2021-07-21,EUR,USD,0.9093796014
2021-07-22,EUR,EUR,1.0000000000
2021-07-22,EUR,GBP,1.1800240959
2021-07-22,EUR,USD,0.9176653934
2021-07-23,EUR,EUR,1.0000000000
2021-07-23,EUR,GBP,1.1821196366
2021-07-23,EUR,USD,0.9181769747
2021-07-26,EUR,EUR,1.0000000000
2021-07-26,EUR,GBP,1.1819623668
2021-07-26,EUR,USD,0.9205036500
2021-07-27,EUR,EUR,1.0000000000
2021-07-27,EUR,GBP,1.1695438058
2021-07-27,EUR,USD,0.9275750728
2021-07-28,EUR,EUR,1.0000000000
2021-07-28,EUR,GBP,1.1770666263
2021-07-28,EUR,USD,0.9202169311
2021-07-29,EUR,EUR,1.0000000000
2021-07-29,EUR,GBP,1.1705839209
2021-07-29,EUR,USD,0.9292762991
2021-07-30,EUR,EUR,1.0000000000
2021-07-30,EUR,GBP,1.1717424857
2021-07-30,EUR,USD,0.9239234395
2021-08-02,EUR,EUR,1.0000000000
2021-08-02,EUR,GBP,1.1724063310
2021-08-02,EUR,USD,0.9218322856
2021-08-03,EUR,EUR,1.0000000000
2021-08-03,EUR,GBP,1.1816565855
2021-08-03,EUR,USD,0.9138173367
2021-08-04,EUR,EUR,1.0000000000
2021-08-04,EUR,GBP,1.1757393865
2021-08-04,EUR,USD,0.9192602106
2021-08-05,EUR,EUR,1.0000000000
2021-08-05,EUR,GBP,1.1691464469
2021-08-05,EUR,USD,0.9279829199
2021-08-06,EUR,EUR,1.0000000000
2021-08-06,EUR,GBP,1.1737058459
2021-08-06,EUR,USD,0.9286651916
2021-08-09,EUR,EUR,1.0000000000
2021-08-09,EUR,GBP,1.1872327499
2021-08-09,EUR,USD,0.9223935893
2021-08-10,EUR,EUR,1.0000000000
2021-08-10,EUR,GBP,1.1948447377
2021-08-10,EUR,USD,0.9200865891
2021-08-11,EUR,EUR,1.0000000000
2021-08-11,EUR,GBP,1.1982853318
2021-08-11,EUR,USD,0.9148862506
2021-08-12,EUR,EUR,1.0000000000
2021-08-12,EUR,GBP,1.1965359840
2021-08-12,EUR,USD,0.9188265943
2021-08-13,EUR,EUR,1.0000000000
2021-08-13,EUR,GBP,1.1947749181
2021-08-13,EUR,USD,0.9184458870
2021-08-16,EUR,EUR,1.0000000000
2021-08-16,EUR,GBP,1.2001886343
2021-08-16,EUR,USD,0.9200200064
2021-08-17,EUR,EUR,1.0000000000
2021-08-17,EUR,GBP,1.2015954860
2021-08-17,EUR,USD,0.9156690931
2021-08-18,EUR,EUR,1.0000000000
2021-08-18,EUR,GBP,1.2100258768
2021-08-18,EUR,USD,0.9102015319
2021-08-19,EUR,EUR,1.0000000000
2021-08-19,EUR,GBP,1.2073229868
2021-08-19,EUR,USD,0.9130016984
2021-08-20,EUR,EUR,1.0000000000
2021-08-20,EUR,GBP,1.2124381413
2021-08-20,EUR,USD,0.9124905948
2021-08-23,EUR,EUR,1.0000000000
2021-08-23,EUR,GBP,1.2070464513
2021-08-23,EUR,USD,0.9202845487
2021-08-24,EUR,EUR,1.0000000000
2021-08-24,EUR,GBP,1.2054553727
2021-08-24,EUR,USD,0.9248226058
2021-08-25,EUR,EUR,1.0000000000
2021-08-25,EUR,GBP,1.2090743192
2021-08-25,EUR,USD,0.9269632141
2021-08-26,EUR,EUR,1.0000000000
2021-08-26,EUR,GBP,1.2071852608
2021-08-26,EUR,USD,0.9289160298
2021-08-27,EUR,EUR,1.0000000000
2021-08-27,EUR,GBP,1.2058225174
2021-08-27,EUR,USD,0.9343602198
2021-08-30,EUR,EUR,1.0000000000
2021-08-30,EUR,GBP,1.2108987525
2021-08-30,EUR,USD,0.9304351278
2021-08-31,EUR,EUR,1.0000000000
2021-08-31,EUR,GBP,1.2151718268
2021-08-31,EUR,USD,0.9297757571
2021-09-01,EUR,EUR,1.0000000000
2021-09-01,EUR,GBP,1.2160529307
2021-09-01,EUR,USD,0.9238417299
2021-09-02,EUR,EUR,1.0000000000
2021-09-02,EUR,GBP,1.2111535087
2021-09-02,EUR,USD,0.9235608632
2021-09-03,EUR,EUR,1.0000000000
2021-09-03,EUR,GBP,1.2135560206
2021-09-03,EUR,USD,0.9184654341
2021-09-06,EUR,EUR,1.0000000000
2021-09-06,EUR,GBP,1.2122421502
2021-09-06,EUR,USD,0.9241095392
2021-09-07,EUR,EUR,1.0000000000
2021-09-07,EUR,GBP,1.2102977883
2021-09-07,EUR,USD,0.9194515089
2021-09-08,EUR,EUR,1.0000000000
2021-09-08,EUR,GBP,1.2128213067
2021-09-08,EUR,USD,0.9220570582
2021-09-09,EUR,EUR,1.0000000000
2021-09-09,EUR,GBP,1.2176882916
2021-09-09,EUR,USD,0.9229669013
2021-09-10,EUR,EUR,1.0000000000
2021-09-10,EUR,GBP,1.2122690202
2021-09-10,EUR,USD,0.9307054153
2021-09-13,EUR,EUR,1.0000000000
2021-09-13,EUR,GBP,1.2092729277
2021-09-13,EUR,USD,0.9331510959
2021-09-14,EUR,EUR,1.0000000000
2021-09-14,EUR,GBP,1.2074721556
2021-09-14,EUR,USD,0.9310518152
2021-09-15,EUR,EUR,1.0000000000
2021-09-15,EUR,GBP,1.2005900925
2021-09-15,EUR,USD,0.9324397673
2021-09-16,EUR,EUR,1.0000000000
2021-09-16,EUR,GBP,1.2104533258
2021-09-16,EUR,USD,0.9268108792
2021-09-17,EUR,EUR,1.0000000000
2021-09-17,EUR,GBP,1.2082168159
2021-09-17,EUR,USD,0.9330927400
2021-09-20,EUR,EUR,1.0000000000
2021-09-20,EUR,GBP,1.2036761719
2021-09-20,EUR,USD,0.9353959426
2021-09-21,EUR,EUR,1.0000000000
2021-09-21,EUR,GBP,1.2059855062
2021-09-21,EUR,USD,0.9335448236
2021-09-22,EUR,EUR,1.0000000000
2021-09-22,EUR,GBP,1.2081757960
2021-09-22,EUR,USD,0.9318844463
2021-09-23,EUR,EUR,1.0000000000
2021-09-23,EUR,GBP,1.2060674255
2021-09-23,EUR,USD,0.9358772264
2021-09-24,EUR,EUR,1.0000000000
2021-09-24,EUR,GBP,1.2072538336
2021-09-24,EUR,USD,0.9370006115
2021-09-27,EUR,EUR,1.0000000000
2021-09-27,EUR,GBP,1.2056757807
2021-09-27,EUR,USD,0.9407767817
2021-09-28,EUR,EUR,1.0000000000
2021-09-28,EUR,GBP,1.1990348948
2021-09-28,EUR,USD,0.9410770673
2021-09-29,EUR,EUR,1.0000000000
2021-09-29,EUR,GBP,1.1928082662
2021-09-29,EUR,USD,0.9393173461
2021-09-30,EUR,EUR,1.0000000000
2021-09-30,EUR,GBP,1.1943526154
2021-09-30,EUR,USD,0.9420285590
2021-10-01,EUR,EUR,1.0000000000
2021-10-01,EUR,GBP,1.1893248439
2021-10-01,EUR,USD,0.9421273591
2021-10-04,EUR,EUR,1.0000000000
2021-10-04,EUR,GBP,1.2018668021
2021-10-04,EUR,USD,0.9399503600
2021-10-05,EUR,EUR,1.0000000000
2021-10-05,EUR,GBP,1.2016404532
2021-10-05,EUR,USD,0.9347568318
2021-10-06,EUR,EUR,1.0000000000
2021-10-06,EUR,GBP,1.2010651987
2021-10-06,EUR,USD,0.9349320674
2021-10-07,EUR,EUR,1.0000000000
2021-10-07,EUR,GBP,1.1965415807
2021-10-07,EUR,USD,0.9407291287
2021-10-08,EUR,EUR,1.0000000000
2021-10-08,EUR,GBP,1.2004123294
2021-10-08,EUR,USD,0.9388628638
2021-10-11,EUR,EUR,1.0000000000
2021-10-11,EUR,GBP,1.2011948638
2021-10-11,EUR,USD,0.9395644992
2021-10-12,EUR,EUR,1.0000000000
2021-10-12,EUR,GBP,1.2046046214
2021-10-12,EUR,USD,0.9364783382
2021-10-13,EUR,EUR,1.0000000000
2021-10-13,EUR,GBP,1.2144436078
2021-10-13,EUR,USD,0.9293622323
2021-10-14,EUR,EUR,1.0000000000
2021-10-14,EUR,GBP,1.2063573627
2021-10-14,EUR,USD,0.9374170495
2021-10-15,EUR,EUR,1.0000000000
2021-10-15,EUR,GBP,1.2101497272
2021-10-15,EUR,USD,0.9368411819
2021-10-18,EUR,EUR,1.0000000000
2021-10-18,EUR,GBP,1.2198052761
2021-10-18,EUR,USD,0.9280002832
2021-10-19,EUR,EUR,1.0000000000
2021-10-19,EUR,GBP,1.2154577490
2021-10-19,EUR,USD,0.9291279285
2021-10-20,EUR,EUR,1.0000000000
2021-10-20,EUR,GBP,1.2185777091
2021-10-20,EUR,USD,0.9250707266
2021-10-21,EUR,EUR,1.0000000000
2021-10-21,EUR,GBP,1.2118038239
2021-10-21,EUR,USD,0.9289001955
2021-10-22,EUR,EUR,1.0000000000
2021-10-22,EUR,GBP,1.2146286326
2021-10-22,EUR,USD,0.9309991846
2021-10-25,EUR,EUR,1.0000000000
2021-10-25,EUR,GBP,1.2156048436
2021-10-25,EUR,USD,0.9345649469
2021-10-26,EUR,EUR,1.0000000000
2021-10-26,EUR,GBP,1.2221913009
2021-10-26,EUR,USD,0.9374549692
2021-10-27,EUR,EUR,1.0000000000
2021-10-27,EUR,GBP,1.2208469818
2021-10-27,EUR,USD,0.9346506072
2021-10-28,EUR,EUR,1.0000000000
2021-10-28,EUR,GBP,1.2207319642
2021-10-28,EUR,USD,0.9367665742
2021-10-29,EUR,EUR,1.0000000000
2021-10-29,EUR,GBP,1.2180201012
2021-10-29,EUR,USD,0.9401038608
2021-11-01,EUR,EUR,1.0000000000
2021-11-01,EUR,GBP,1.2177872054
2021-11-01,EUR,USD,0.9395422157
2021-11-02,EUR,EUR,1.0000000000
2021-11-02,EUR,GBP,1.2188190631
2021-11-02,EUR,USD,0.9341533975
2021-11-03,EUR,EUR,1.0000000000
2021-11-03,EUR,GBP,1.2154759497
2021-11-03,EUR,USD,0.9289893036
2021-11-04,EUR,EUR,1.0000000000
2021-11-04,EUR,GBP,1.2182787329
2021-11-04,EUR,USD,0.9289246676
2021-11-05,EUR,EUR,1.0000000000
2021-11-05,EUR,GBP,1.2271090605
2021-11-05,EUR,USD,0.9272557116
2021-11-08,EUR,EUR,1.0000000000
2021-11-08,EUR,GBP,1.2387073192
2021-11-08,EUR,USD,0.9142639730
2021-11-09,EUR,EUR,1.0000000000
2021-11-09,EUR,GBP,1.2422056141
2021-11-09,EUR,USD,0.9117053174
2021-11-10,EUR,EUR,1.0000000000
2021-11-10,EUR,GBP,1.2357832764
2021-11-10,EUR,USD,0.9111813646
2021-11-11,EUR,EUR,1.0000000000
2021-11-11,EUR,GBP,1.2345063975
2021-11-11,EUR,USD,0.9109746095
2021-11-12,EUR,EUR,1.0000000000
2021-11-12,EUR,GBP,1.2413537748
2021-11-12,EUR,USD,0.9110005499
2021-11-15,EUR,EUR,1.0000000000
2021-11-15,EUR,GBP,1.2379317264
2021-11-15,EUR,USD,0.9133916237
2021-11-16,EUR,EUR,1.0000000000
2021-11-16,EUR,GBP,1.2423034356
2021-11-16,EUR,USD,0.9075837522
2021-11-17,EUR,EUR,1.0000000000
2021-11-17,EUR,GBP,1.2371160360
2021-11-17,EUR,USD,0.9149819318
2021-11-18,EUR,EUR,1.0000000000
2021-11-18,EUR,GBP,1.2367646903
2021-11-18,EUR,USD,0.9188073301
2021-11-19,EUR,EUR,1.0000000000
2021-11-19,EUR,GBP,1.2414511536
2021-11-19,EUR,USD,0.9143846372
2021-11-22,EUR,EUR,1.0000000000
2021-11-22,EUR,GBP,1.2434693008
2021-11-22,EUR,USD,0.9170017076
2021-11-23,EUR,EUR,1.0000000000
2021-11-23,EUR,GBP,1.2450160179
2021-11-23,EUR,USD,0.9204211578
2021-11-24,EUR,EUR,1.0000000000
2021-11-24,EUR,GBP,1.2386209850
2021-11-24,EUR,USD,0.9270056887
2021-11-25,EUR,EUR,1.0000000000
2021-11-25,EUR,GBP,1.2358104245
2021-11-25,EUR,USD,0.9251931146
2021-11-26,EUR,EUR,1.0000000000
2021-11-26,EUR,GBP,1.2448707651
2021-11-26,EUR,USD,0.9183762038
2021-11-29,EUR,EUR,1.0000000000
2021-11-29,EUR,GBP,1.2322428228
2021-11-29,EUR,USD,0.9252423638
2021-11-30,EUR,EUR,1.0000000000
2021-11-30,EUR,GBP,1.2464488509
2021-11-30,EUR,USD,0.9167701177
2021-12-01,EUR,EUR,1.0000000000
2021-12-01,EUR,GBP,1.2498807596
2021-12-01,EUR,USD,0.9152800053
2021-12-02,EUR,EUR,1.0000000000
2021-12-02,EUR,GBP,1.2464045120
2021-12-02,EUR,USD,0.9151563975
2021-12-03,EUR,EUR,1.0000000000
2021-12-03,EUR,GBP,1.2467642422
2021-12-03,EUR,USD,0.9145729221
2021-12-06,EUR,EUR,1.0000000000
2021-12-06,EUR,GBP,1.2466822150
2021-12-06,EUR,USD,0.9102663540
2021-12-07,EUR,EUR,1.0000000000
2021-12-07,EUR,GBP,1.2450703319
2021-12-07,EUR,USD,0.9170930437
2021-12-08,EUR,EUR,1.0000000000
2021-12-08,EUR,GBP,1.2453117249
2021-12-08,EUR,USD,0.9183921539
2021-12-09,EUR,EUR,1.0000000000
2021-12-09,EUR,GBP,1.2436986053
2021-12-09,EUR,USD,0.9211782190
2021-12-10,EUR,EUR,1.0000000000
2021-12-10,EUR,GBP,1.2425365079
2021-12-10,EUR,USD,0.9156180192
2021-12-13,EUR,EUR,1.0000000000
2021-12-13,EUR,GBP,1.2425901810
2021-12-13,EUR,USD,0.9209732346
2021-12-14,EUR,EUR,1.0000000000
2021-12-14,EUR,GBP,1.2322797146
2021-12-14,EUR,USD,0.9224613731
2021-12-15,EUR,EUR,1.0000000000
2021-12-15,EUR,GBP,1.2273340292
2021-12-15,EUR,USD,0.9257906145
2021-12-16,EUR,EUR,1.0000000000
2021-12-16,EUR,GBP,1.2289761252
2021-12-16,EUR,USD,0.9185718380
2021-12-17,EUR,EUR,1.0000000000
2021-12-17,EUR,GBP,1.2267997538
2021-12-17,EUR,USD,0.9227196743
2021-12-20,EUR,EUR,1.0000000000
2021-12-20,EUR,GBP,1.2218529948
2021-12-20,EUR,USD,0.9318542417
2021-12-21,EUR,EUR,1.0000000000
2021-12-21,EUR,GBP,1.2234065601
2021-12-21,EUR,USD,0.9304964530
2021-12-22,EUR,EUR,1.0000000000
2021-12-22,EUR,GBP,1.2266446279
2021-12-22,EUR,USD,0.9255573345
2021-12-23,EUR,EUR,1.0000000000
2021-12-23,EUR,GBP,1.2176253879
2021-12-23,EUR,USD,0.9243241323
2021-12-24,EUR,EUR,1.0000000000
2021-12-24,EUR,GBP,1.2120198383
2021-12-24,EUR,USD,0.9283828839
2021-12-27,EUR,EUR,1.0000000000
2021-12-27,EUR,GBP,1.2026810014
2021-12-27,EUR,USD,0.9330581981
2021-12-28,EUR,EUR,1.0000000000
2021-12-28,EUR,GBP,1.2047260669
2021-12-28,EUR,USD,0.9351209543
2021-12-29,EUR,EUR,1.0000000000
2021-12-29,EUR,GBP,1.2046906846
2021-12-29,EUR,USD,0.9360106192
2021-12-30,EUR,EUR,1.0000000000
2021-12-30,EUR,GBP,1.2108961312
2021-12-30,EUR,USD,0.9243286567
2021-12-31,EUR,EUR,1.0000000000
2021-12-31,EUR,GBP,1.2182679519
2021-12-31,EUR,USD,0.9141423752
2022-01-03,EUR,EUR,1.0000000000
2022-01-03,EUR,GBP,1.2169625683
2022-01-03,EUR,USD,0.9087488623
2022-01-04,EUR,EUR,1.0000000000
2022-01-04,EUR,GBP,1.2129905464
2022-01-04,EUR,USD,0.9036321654
2022-01-05,EUR,EUR,1.0000000000
2022-01-05,EUR,GBP,1.2084658504
2022-01-05,EUR,USD,0.9053349786
2022-01-06,EUR,EUR,1.0000000000
2022-01-06,EUR,GBP,1.2137673621
2022-01-06,EUR,USD,0.8988722968
2022-01-07,EUR,EUR,1.0000000000
2022-01-07,EUR,GBP,1.2159125010
2022-01-07,EUR,USD,0.8910959824
2022-01-10,EUR,EUR,1.0000000000
2022-01-10,EUR,GBP,1.2233091011
2022-01-10,EUR,USD,0.8854426169
2022-01-11,EUR,EUR,1.0000000000
2022-01-11,EUR,GBP,1.2260878394
2022-01-11,EUR,USD,0.8905220072
2022-01-12,EUR,EUR,1.0000000000
2022-01-12,EUR,GBP,1.2238274612
2022-01-12,EUR,USD,0.8948544761
2022-01-13,EUR,EUR,1.0000000000
2022-01-13,EUR,GBP,1.2213943399
2022-01-13,EUR,USD,0.8984787231
2022-01-14,EUR,EUR,1.0000000000
2022-01-14,EUR,GBP,1.2198990382
2022-01-14,EUR,USD,0.9018159641
2022-01-17,EUR,EUR,1.0000000000
2022-01-17,EUR,GBP,1.2201101405
2022-01-17,EUR,USD,0.9044455705
2022-01-18,EUR,EUR,1.0000000000
2022-01-18,EUR,GBP,1.2239409822
2022-01-18,EUR,USD,0.8982900970
2022-01-19,EUR,EUR,1.0000000000
2022-01-19,EUR,GBP,1.2262218477
2022-01-19,EUR,USD,0.8973867641
2022-01-20,EUR,EUR,1.0000000000
2022-01-20,EUR,GBP,1.2248518279
2022-01-20,EUR,USD,0.8980182680
2022-01-21,EUR,EUR,1.0000000000
2022-01-21,EUR,GBP,1.2112518582
2022-01-21,EUR,USD,0.9030700829
2022-01-24,EUR,EUR,1.0000000000
2022-01-24,EUR,GBP,1.2102891545
2022-01-24,EUR,USD,0.9085996913
2022-01-25,EUR,EUR,1.0000000000
2022-01-25,EUR,GBP,1.2144472162
2022-01-25,EUR,USD,0.9101633790
2022-01-26,EUR,EUR,1.0000000000
2022-01-26,EUR,GBP,1.2153591777
2022-01-26,EUR,USD,0.9170218197
2022-01-27,EUR,EUR,1.0000000000
2022-01-27,EUR,GBP,1.2178649625
2022-01-27,EUR,USD,0.9112934417
2022-01-28,EUR,EUR,1.0000000000
2022-01-28,EUR,GBP,1.2138415922
2022-01-28,EUR,USD,0.9200005134
2022-01-31,EUR,EUR,1.0000000000
2022-01-31,EUR,GBP,1.2134957088
2022-01-31,EUR,USD,0.9260789883
2022-02-01,EUR,EUR,1.0000000000
2022-02-01,EUR,GBP,1.2141060631
2022-02-01,EUR,USD,0.9246293266
2022-02-02,EUR,EUR,1.0000000000
2022-02-02,EUR,GBP,1.2119353771
2022-02-02,EUR,USD,0.9272668075
2022-02-03,EUR,EUR,1.0000000000
2022-02-03,EUR,GBP,1.2092508525
2022-02-03,EUR,USD,0.9321345350
2022-02-04,EUR,EUR,1.0000000000
2022-02-04,EUR,GBP,1.2036763693
2022-02-04,EUR,USD,0.9322632597
2022-02-07,EUR,EUR,1.0000000000
2022-02-07,EUR,GBP,1.2059479693
2022-02-07,EUR,USD,0.9364135402
2022-02-08,EUR,EUR,1.0000000000
2022-02-08,EUR,GBP,1.2113960735
2022-02-08,EUR,USD,0.9357797793
2022-02-09,EUR,EUR,1.0000000000
2022-02-09,EUR,GBP,1.2058832553
2022-02-09,EUR,USD,0.9376211553
2022-02-10,EUR,EUR,1.0000000000
2022-02-10,EUR,GBP,1.1969986859
2022-02-10,EUR,USD,0.9382149188
2022-02-11,EUR,EUR,1.0000000000
2022-02-11,EUR,GBP,1.1942595240
2022-02-11,EUR,USD,0.9351468979
2022-02-14,EUR,EUR,1.0000000000
2022-02-14,EUR,GBP,1.1909140616
2022-02-14,EUR,USD,0.9362285427
2022-02-15,EUR,EUR,1.0000000000
2022-02-15,EUR,GBP,1.1868172828
2022-02-15,EUR,USD,0.9438794036
2022-02-16,EUR,EUR,1.0000000000
2022-02-16,EUR,GBP,1.1843447052
2022-02-16,EUR,USD,0.9490946048
2022-02-17,EUR,EUR,1.0000000000
2022-02-17,EUR,GBP,1.1896037918
2022-02-17,EUR,USD,0.9541867004
2022-02-18,EUR,EUR,1.0000000000
2022-02-18,EUR,GBP,1.1876437747
2022-02-18,EUR,USD,0.9529381678
2022-02-21,EUR,EUR,1.0000000000
2022-02-21,EUR,GBP,1.1872208228
2022-02-21,EUR,USD,0.9501562804
2022-02-22,EUR,EUR,1.0000000000
2022-02-22,EUR,GBP,1.1826262402
2022-02-22,EUR,USD,0.9520568933
2022-02-23,EUR,EUR,1.0000000000
2022-02-23,EUR,GBP,1.1815646489
2022-02-23,EUR,USD,0.9418492573
2022-02-24,EUR,EUR,1.0000000000
2022-02-24,EUR,GBP,1.1794361276
2022-02-24,EUR,USD,0.9383595861
2022-02-25,EUR,EUR,1.0000000000
2022-02-25,EUR,GBP,1.1833904631
2022-02-25,EUR,USD,0.9468509793
2022-02-28,EUR,EUR,1.0000000000
2022-02-28,EUR,GBP,1.1723234396
2022-02-28,EUR,USD,0.9592092236
2022-03-01,EUR,EUR,1.0000000000
2022-03-01,EUR,GBP,1.1794805844
2022-03-01,EUR,USD,0.9606388851
2022-03-02,EUR,EUR,1.0000000000
2022-03-02,EUR,GBP,1.1782448805
2022-03-02,EUR,USD,0.9612064517
2022-03-03,EUR,EUR,1.0000000000
2022-03-03,EUR,GBP,1.1730820746
2022-03-03,EUR,USD,0.9612718379
2022-03-04,EUR,EUR,1.0000000000
2022-03-04,EUR,GBP,1.1733667780
2022-03-04,EUR,USD,0.9613704897
2022-03-07,EUR,EUR,1.0000000000
2022-03-07,EUR,GBP,1.1734089107
2022-03-07,EUR,USD,0.9582495295
2022-03-08,EUR,EUR,1.0000000000
2022-03-08,EUR,GBP,1.1684805511
2022-03-08,EUR,USD,0.9634580774
2022-03-09,EUR,EUR,1.0000000000
2022-03-09,EUR,GBP,1.1686193558
2022-03-09,EUR,USD,0.9662764379
2022-03-10,EUR,EUR,1.0000000000
2022-03-10,EUR,GBP,1.1750732435
2022-03-10,EUR,USD,0.9598394779
2022-03-11,EUR,EUR,1.0000000000
2022-03-11,EUR,GBP,1.1710639068
2022-03-11,EUR,USD,0.9616506688
2022-03-14,EUR,EUR,1.0000000000
2022-03-14,EUR,GBP,1.1747322929
2022-03-14,EUR,USD,0.9579419334
2022-03-15,EUR,EUR,1.0000000000
2022-03-15,EUR,GBP,1.1785680472
2022-03-15,EUR,USD,0.9483462265
2022-03-16,EUR,EUR,1.0000000000
2022-03-16,EUR,GBP,1.1747555381
2022-03-16,EUR,USD,0.9518877701
2022-03-17,EUR,EUR,1.0000000000
2022-03-17,EUR,GBP,1.1807057253
2022-03-17,EUR,USD,0.9448293646
2022-03-18,EUR,EUR,1.0000000000
2022-03-18,EUR,GBP,1.1816849327
2022-03-18,EUR,USD,0.9491083107
2022-03-21,EUR,EUR,1.0000000000
2022-03-21,EUR,GBP,1.1881940409
2022-03-21,EUR,USD,0.9464380658
2022-03-22,EUR,EUR,1.0000000000
2022-03-22,EUR,GBP,1.1899929600
2022-03-22,EUR,USD,0.9455280871
2022-03-23,EUR,EUR,1.0000000000
2022-03-23,EUR,GBP,1.1881429585
2022-03-23,EUR,USD,0.9482023981
2022-03-24,EUR,EUR,1.0000000000
2022-03-24,EUR,GBP,1.1905735707
2022-03-24,EUR,USD,0.9433928968
2022-03-25,EUR,EUR,1.0000000000
2022-03-25,EUR,GBP,1.1984453902
2022-03-25,EUR,USD,0.9374348600
2022-03-28,EUR,EUR,1.0000000000
2022-03-28,EUR,GBP,1.2062120466
2022-03-28,EUR,USD,0.9320001508
2022-03-29,EUR,EUR,1.0000000000
2022-03-29,EUR,GBP,1.2034276140
2022-03-29,EUR,USD,0.9328006786
2022-03-30,EUR,EUR,1.0000000000
2022-03-30,EUR,GBP,1.2045298255
2022-03-30,EUR,USD,0.9330646170
2022-03-31,EUR,EUR,1.0000000000
2022-03-31,EUR,GBP,1.2030065443
2022-03-31,EUR,USD,0.9302336462
2022-04-01,EUR,EUR,1.0000000000
2022-04-01,EUR,GBP,1.2056001834
2022-04-01,EUR,USD,0.9277909054
2022-04-04,EUR,EUR,1.0000000000
2022-04-04,EUR,GBP,1.2087342292
2022-04-04,EUR,USD,0.9272686561
2022-04-05,EUR,EUR,1.0000000000
2022-04-05,EUR,GBP,1.2066535471
2022-04-05,EUR,USD,0.9313961834
2022-04-06,EUR,EUR,1.0000000000
2022-04-06,EUR,GBP,1.2018656014
2022-04-06,EUR,USD,0.9253477748
2022-04-07,EUR,EUR,1.0000000000
2022-04-07,EUR,GBP,1.2142665351
2022-04-07,EUR,USD,0.9251161878
2022-04-08,EUR,EUR,1.0000000000
2022-04-08,EUR,GBP,1.2040417657
2022-04-08,EUR,USD,0.9241240436
2022-04-11,EUR,EUR,1.0000000000
2022-04-11,EUR,GBP,1.2045400659
2022-04-11,EUR,USD,0.9284308431
2022-04-12,EUR,EUR,1.0000000000
2022-04-12,EUR,GBP,1.2120383683
2022-04-12,EUR,USD,0.9254623258
2022-04-13,EUR,EUR,1.0000000000
2022-04-13,EUR,GBP,1.2089975538
2022-04-13,EUR,USD,0.9301213119
2022-04-14,EUR,EUR,1.0000000000
2022-04-14,EUR,GBP,1.2120684501
2022-04-14,EUR,USD,0.9317219834
2022-04-15,EUR,EUR,1.0000000000
2022-04-15,EUR,GBP,1.2159302870
2022-04-15,EUR,USD,0.9276740075
2022-04-18,EUR,EUR,1.0000000000
2022-04-18,EUR,GBP,1.2102689019
2022-04-18,EUR,USD,0.9346890017
2022-04-19,EUR,EUR,1.0000000000
2022-04-19,EUR,GBP,1.1998729652
2022-04-19,EUR,USD,0.9365932063
2022-04-20,EUR,EUR,1.0000000000
2022-04-20,EUR,GBP,1.1994954649
2022-04-20,EUR,USD,0.9458078004
2022-04-21,EUR,EUR,1.0000000000
2022-04-21,EUR,GBP,1.1941864470
2022-04-21,EUR,USD,0.9468605777
2022-04-22,EUR,EUR,1.0000000000
2022-04-22,EUR,GBP,1.2039994163
2022-04-22,EUR,USD,0.9410807336
2022-04-25,EUR,EUR,1.0000000000
2022-04-25,EUR,GBP,1.2070507527
2022-04-25,EUR,USD,0.9425594728
2022-04-26,EUR,EUR,1.0000000000
2022-04-26,EUR,GBP,1.2038138783
2022-04-26,EUR,USD,0.9487579929
2022-04-27,EUR,EUR,1.0000000000
2022-04-27,EUR,GBP,1.1954351242
2022-04-27,EUR,USD,0.9565174218
2022-04-28,EUR,EUR,1.0000000000
2022-04-28,EUR,GBP,1.1904318738
2022-04-28,EUR,USD,0.9579645256
2022-04-29,EUR,EUR,1.0000000000
2022-04-29,EUR,GBP,1.1871138062
2022-04-29,EUR,USD,0.9593763367
2022-05-02,EUR,EUR,1.0000000000
2022-05-02,EUR,GBP,1.1830526502
2022-05-02,EUR,USD,0.9645939045
2022-05-03,EUR,EUR,1.0000000000
2022-05-03,EUR,GBP,1.1785747117
2022-05-03,EUR,USD,0.9697377542
2022-05-04,EUR,EUR,1.0000000000
2022-05-04,EUR,GBP,1.1773952647
2022-05-04,EUR,USD,0.9739578034
2022-05-05,EUR,EUR,1.0000000000
2022-05-05,EUR,GBP,1.1720014287
2022-05-05,EUR,USD,0.9768358127
2022-05-06,EUR,EUR,1.0000000000
2022-05-06,EUR,GBP,1.1753950438
2022-05-06,EUR,USD,0.9716141188
2022-05-09,EUR,EUR,1.0000000000
2022-05-09,EUR,GBP,1.1769857120
2022-05-09,EUR,USD,0.9737014853
2022-05-10,EUR,EUR,1.0000000000
2022-05-10,EUR,GBP,1.1682414453
2022-05-10,EUR,USD,0.9783956542
2022-05-11,EUR,EUR,1.0000000000
2022-05-11,EUR,GBP,1.1707039986
2022-05-11,EUR,USD,0.9781080895
2022-05-12,EUR,EUR,1.0000000000
2022-05-12,EUR,GBP,1.1634482816
2022-05-12,EUR,USD,0.9806528075
2022-05-13,EUR,EUR,1.0000000000
2022-05-13,EUR,GBP,1.1590635833
2022-05-13,EUR,USD,0.9811790611
2022-05-16,EUR,EUR,1.0000000000
2022-05-16,EUR,GBP,1.1472896590
2022-05-16,EUR,USD,0.9950833096
2022-05-17,EUR,EUR,1.0000000000
2022-05-17,EUR,GBP,1.1500060749
2022-05-17,EUR,USD,0.9950263379
2022-05-18,EUR,EUR,1.0000000000
2022-05-18,EUR,GBP,1.1486588086
2022-05-18,EUR,USD,0.9959401423
2022-05-19,EUR,EUR,1.0000000000
2022-05-19,EUR,GBP,1.1474439889
2022-05-19,EUR,USD,0.9972407981
2022-05-20,EUR,EUR,1.0000000000
2022-05-20,EUR,GBP,1.1464854871
2022-05-20,EUR,USD,0.9965225057
2022-05-23,EUR,EUR,1.0000000000
2022-05-23,EUR,GBP,1.1505601923
2022-05-23,EUR,USD,1.0012978411
2022-05-24,EUR,EUR,1.0000000000
2022-05-24,EUR,GBP,1.1467039718
2022-05-24,EUR,USD,1.0010191292
2022-05-25,EUR,EUR,1.0000000000
2022-05-25,EUR,GBP,1.1524888219
2022-05-25,EUR,USD,0.9998612159
2022-05-26,EUR,EUR,1.0000000000
2022-05-26,EUR,GBP,1.1515199662
2022-05-26,EUR,USD,1.0055132966
2022-05-27,EUR,EUR,1.0000000000
2022-05-27,EUR,GBP,1.1526979931
2022-05-27,EUR,USD,1.0016834584
2022-05-30,EUR,EUR,1.0000000000
2022-05-30,EUR,GBP,1.1572167949
2022-05-30,EUR,USD,1.0000339892
2022-05-31,EUR,EUR,1.0000000000
2022-05-31,EUR,GBP,1.1702411725
2022-05-31,EUR,USD,0.9922144294
2022-06-01,EUR,EUR,1.0000000000
2022-06-01,EUR,GBP,1.1724252768
2022-06-01,EUR,USD,0.9851624160
2022-06-02,EUR,EUR,1.0000000000
2022-06-02,EUR,GBP,1.1607101011
2022-06-02,EUR,USD,0.9948265363
2022-06-03,EUR,EUR,1.0000000000
2022-06-03,EUR,GBP,1.1621872631
2022-06-03,EUR,USD,0.9937482363
2022-06-06,EUR,EUR,1.0000000000
2022-06-06,EUR,GBP,1.1587893179
2022-06-06,EUR,USD,0.9930784662
2022-06-07,EUR,EUR,1.0000000000
2022-06-07,EUR,GBP,1.1548691616
2022-06-07,EUR,USD,0.9985582932
2022-06-08,EUR,EUR,1.0000000000
2022-06-08,EUR,GBP,1.1578780554
2022-06-08,EUR,USD,0.9968096366
2022-06-09,EUR,EUR,1.0000000000
2022-06-09,EUR,GBP,1.1588958986
2022-06-09,EUR,USD,0.9955089999
2022-06-10,EUR,EUR,1.0000000000
2022-06-10,EUR,GBP,1.1587830618
2022-06-10,EUR,USD,0.9965274947
2022-06-13,EUR,EUR,1.0000000000
2022-06-13,EUR,GBP,1.1679080189
2022-06-13,EUR,USD,0.9880201845
2022-06-14,EUR,EUR,1.0000000000
2022-06-14,EUR,GBP,1.1695825509
2022-06-14,EUR,USD,0.9829933499
2022-06-15,EUR,EUR,1.0000000000
2022-06-15,EUR,GBP,1.1668521267
2022-06-15,EUR,USD,0.9800843966
2022-06-16,EUR,EUR,1.0000000000
2022-06-16,EUR,GBP,1.1658079329
2022-06-16,EUR,USD,0.9799202104
2022-06-17,EUR,EUR,1.0000000000
2022-06-17,EUR,GBP,1.1739159406
2022-06-17,EUR,USD,0.9754997174
2022-06-20,EUR,EUR,1.0000000000
2022-06-20,EUR,GBP,1.1728581155
2022-06-20,EUR,USD,0.9719796141
2022-06-21,EUR,EUR,1.0000000000
2022-06-21,EUR,GBP,1.1719873660
2022-06-21,EUR,USD,0.9693959172
2022-06-22,EUR,EUR,1.0000000000
2022-06-22,EUR,GBP,1.1687875198
2022-06-22,EUR,USD,0.9700903067
2022-06-23,EUR,EUR,1.0000000000
2022-06-23,EUR,GBP,1.1667854291
2022-06-23,EUR,USD,0.9734118382
2022-06-24,EUR,EUR,1.0000000000
2022-06-24,EUR,GBP,1.1845420615
2022-06-24,EUR,USD,0.9629932242
2022-06-27,EUR,EUR,1.0000000000
2022-06-27,EUR,GBP,1.1886891652
2022-06-27,EUR,USD,0.9602682738
2022-06-28,EUR,EUR,1.0000000000
2022-06-28,EUR,GBP,1.1933871957
2022-06-28,EUR,USD,0.9516332996
2022-06-29,EUR,EUR,1.0000000000
2022-06-29,EUR,GBP,1.1807612514
2022-06-29,EUR,USD,0.9574533707
2022-06-30,EUR,EUR,1.0000000000
2022-06-30,EUR,GBP,1.1830152067
2022-06-30,EUR,USD,0.9568267198
2022-07-01,EUR,EUR,1.0000000000
2022-07-01,EUR,GBP,1.1719252299
2022-07-01,EUR,USD,0.9595628001
2022-07-04,EUR,EUR,1.0000000000
2022-07-04,EUR,GBP,1.1700287635
2022-07-04,EUR,USD,0.9577989756
2022-07-05,EUR,EUR,1.0000000000
2022-07-05,EUR,GBP,1.1802264257
2022-07-05,EUR,USD,0.9505617455
2022-07-06,EUR,EUR,1.0000000000
2022-07-06,EUR,GBP,1.1857246100
2022-07-06,EUR,USD,0.9491125155
2022-07-07,EUR,EUR,1.0000000000
2022-07-07,EUR,GBP,1.1793127815
2022-07-07,EUR,USD,0.9495482097
2022-07-08,EUR,EUR,1.0000000000
2022-07-08,EUR,GBP,1.1822145615
2022-07-08,EUR,USD,0.9513789119
2022-07-11,EUR,EUR,1.0000000000
2022-07-11,EUR,GBP,1.1857567728
2022-07-11,EUR,USD,0.9514081478
2022-07-12,EUR,EUR,1.0000000000
2022-07-12,EUR,GBP,1.1951898941
2022-07-12,EUR,USD,0.9446244121
2022-07-13,EUR,EUR,1.0000000000
2022-07-13,EUR,GBP,1.1938191434
2022-07-13,EUR,USD,0.9462327093
2022-07-14,EUR,EUR,1.0000000000
2022-07-14,EUR,GBP,1.1965492670
2022-07-14,EUR,USD,0.9435576416
2022-07-15,EUR,EUR,1.0000000000
2022-07-15,EUR,GBP,1.1961994493
2022-07-15,EUR,USD,0.9371650273
2022-07-18,EUR,EUR,1.0000000000
2022-07-18,EUR,GBP,1.1944218734
2022-07-18,EUR,USD,0.9475421054
2022-07-19,EUR,EUR,1.0000000000
2022-07-19,EUR,GBP,1.1925786606
2022-07-19,EUR,USD,0.9445031920
2022-07-20,EUR,EUR,1.0000000000
2022-07-20,EUR,GBP,1.1919919018
2022-07-20,EUR,USD,0.9422175888
2022-07-21,EUR,EUR,1.0000000000
2022-07-21,EUR,GBP,1.1981010482
2022-07-21,EUR,USD,0.9371368532
2022-07-22,EUR,EUR,1.0000000000
2022-07-22,EUR,GBP,1.1905100468
2022-07-22,EUR,USD,0.9445248367
2022-07-25,EUR,EUR,1.0000000000
2022-07-25,EUR,GBP,1.1838439942
2022-07-25,EUR,USD,0.9436100024
2022-07-26,EUR,EUR,1.0000000000
2022-07-26,EUR,GBP,1.1845028134
2022-07-26,EUR,USD,0.9462544977
2022-07-27,EUR,EUR,1.0000000000
2022-07-27,EUR,GBP,1.1767264681
2022-07-27,EUR,USD,0.9468613152
2022-07-28,EUR,EUR,1.0000000000
2022-07-28,EUR,GBP,1.1737749910
2022-07-28,EUR,USD,0.9519440184
2022-07-29,EUR,EUR,1.0000000000
2022-07-29,EUR,GBP,1.1715740320
2022-07-29,EUR,USD,0.9560050500
2022-08-01,EUR,EUR,1.0000000000
2022-08-01,EUR,GBP,1.1641848711
2022-08-01,EUR,USD,0.9538159158
2022-08-02,EUR,EUR,1.0000000000
2022-08-02,EUR,GBP,1.1688983125
2022-08-02,EUR,USD,0.9529682030
2022-08-03,EUR,EUR,1.0000000000
2022-08-03,EUR,GBP,1.1694447727
2022-08-03,EUR,USD,0.9478535432
2022-08-04,EUR,EUR,1.0000000000
2022-08-04,EUR,GBP,1.1651998063
2022-08-04,EUR,USD,0.9470175314
2022-08-05,EUR,EUR,1.0000000000
2022-08-05,EUR,GBP,1.1701653038
2022-08-05,EUR,USD,0.9409500001
2022-08-08,EUR,EUR,1.0000000000
2022-08-08,EUR,GBP,1.1668897572
2022-08-08,EUR,USD,0.9325768510
2022-08-09,EUR,EUR,1.0000000000
2022-08-09,EUR,GBP,1.1693918357
2022-08-09,EUR,USD,0.9307607553
2022-08-10,EUR,EUR,1.0000000000
2022-08-10,EUR,GBP,1.1709290866
2022-08-10,EUR,USD,0.9281797204
2022-08-11,EUR,EUR,1.0000000000
2022-08-11,EUR,GBP,1.1664737653
2022-08-11,EUR,USD,0.9276231062
2022-08-12,EUR,EUR,1.0000000000
2022-08-12,EUR,GBP,1.1721154791
2022-08-12,EUR,USD,0.9214487789
2022-08-15,EUR,EUR,1.0000000000
2022-08-15,EUR,GBP,1.1618101091
2022-08-15,EUR,USD,0.9289556410
2022-08-16,EUR,EUR,1.0000000000
2022-08-16,EUR,GBP,1.1515262189
2022-08-16,EUR,USD,0.9423517351
2022-08-17,EUR,EUR,1.0000000000
2022-08-17,EUR,GBP,1.1462117596
2022-08-17,EUR,USD,0.9427321586
2022-08-18,EUR,EUR,1.0000000000
2022-08-18,EUR,GBP,1.1567187624
2022-08-18,EUR,USD,0.9316741860
2022-08-19,EUR,EUR,1.0000000000
2022-08-19,EUR,GBP,1.1609189790
2022-08-19,EUR,USD,0.9290327750
2022-08-22,EUR,EUR,1.0000000000
2022-08-22,EUR,GBP,1.1567085480
2022-08-22,EUR,USD,0.9320058538
2022-08-23,EUR,EUR,1.0000000000
2022-08-23,EUR,GBP,1.1518628574
2022-08-23,EUR,USD,0.9321740315
2022-08-24,EUR,EUR,1.0000000000
2022-08-24,EUR,GBP,1.1541043017
2022-08-24,EUR,USD,0.9264569130
2022-08-25,EUR,EUR,1.0000000000
2022-08-25,EUR,GBP,1.1534067099
2022-08-25,EUR,USD,0.9292605916
2022-08-26,EUR,EUR,1.0000000000
2022-08-26,EUR,GBP,1.1550332551
2022-08-26,EUR,USD,0.9316567293
2022-08-29,EUR,EUR,1.0000000000
2022-08-29,EUR,GBP,1.1534961740
2022-08-29,EUR,USD,0.9333012203
2022-08-30,EUR,EUR,1.0000000000
2022-08-30,EUR,GBP,1.1472304100
2022-08-30,EUR,USD,0.9343444863
2022-08-31,EUR,EUR,1.0000000000
2022-08-31,EUR,GBP,1.1465200016
2022-08-31,EUR,USD,0.9403120258
2022-09-01,EUR,EUR,1.0000000000
2022-09-01,EUR,GBP,1.1527270120
2022-09-01,EUR,USD,0.9351914701
2022-09-02,EUR,EUR,1.0000000000
2022-09-02,EUR,GBP,1.1491546850
2022-09-02,EUR,USD,0.9355330366
2022-09-05,EUR,EUR,1.0000000000
2022-09-05,EUR,GBP,1.1492173953
2022-09-05,EUR,USD,0.9328244509
2022-09-06,EUR,EUR,1.0000000000
2022-09-06,EUR,GBP,1.1430092284
2022-09-06,EUR,USD,0.9331848125
2022-09-07,EUR,EUR,1.0000000000
2022-09-07,EUR,GBP,1.1430608671
2022-09-07,EUR,USD,0.9381181929
2022-09-08,EUR,EUR,1.0000000000
2022-09-08,EUR,GBP,1.1420499868
2022-09-08,EUR,USD,0.9344146613
2022-09-09,EUR,EUR,1.0000000000
2022-09-09,EUR,GBP,1.1433081370
2022-09-09,EUR,USD,0.9358306438
2022-09-12,EUR,EUR,1.0000000000
2022-09-12,EUR,GBP,1.1434220716
2022-09-12,EUR,USD,0.9401476188
2022-09-13,EUR,EUR,1.0000000000
2022-09-13,EUR,GBP,1.1509871521
2022-09-13,EUR,USD,0.9301881616
2022-09-14,EUR,EUR,1.0000000000
2022-09-14,EUR,GBP,1.1617142259
2022-09-14,EUR,USD,0.9261829176
2022-09-15,EUR,EUR,1.0000000000
2022-09-15,EUR,GBP,1.1581872923
2022-09-15,EUR,USD,0.9297239940
2022-09-16,EUR,EUR,1.0000000000
2022-09-16,EUR,GBP,1.1619197105
2022-09-16,EUR,USD,0.9249176344
2022-09-19,EUR,EUR,1.0000000000
2022-09-19,EUR,GBP,1.1647760684
2022-09-19,EUR,USD,0.9262320435
2022-09-20,EUR,EUR,1.0000000000
2022-09-20,EUR,GBP,1.1705986165
2022-09-20,EUR,USD,0.9227939401
2022-09-21,EUR,EUR,1.0000000000
2022-09-21,EUR,GBP,1.1623574446
2022-09-21,EUR,USD,0.9282192790
2022-09-22,EUR,EUR,1.0000000000
2022-09-22,EUR,GBP,1.1606399714
2022-09-22,EUR,USD,0.9295868325
2022-09-23,EUR,EUR,1.0000000000
2022-09-23,EUR,GBP,1.1606471639
2022-09-23,EUR,USD,0.9318706518
2022-09-26,EUR,EUR,1.0000000000
2022-09-26,EUR,GBP,1.1642074108
2022-09-26,EUR,USD,0.9278800584
2022-09-27,EUR,EUR,1.0000000000
2022-09-27,EUR,GBP,1.1723980253
2022-09-27,EUR,USD,0.9231783187
2022-09-28,EUR,EUR,1.0000000000
2022-09-28,EUR,GBP,1.1753687688
2022-09-28,EUR,USD,0.9222982939
2022-09-29,EUR,EUR,1.0000000000
2022-09-29,EUR,GBP,1.1741038756
2022-09-29,EUR,USD,0.9198490429
2022-09-30,EUR,EUR,1.0000000000
2022-09-30,EUR,GBP,1.1742233999
2022-09-30,EUR,USD,0.9272088967
2022-10-03,EUR,EUR,1.0000000000
2022-10-03,EUR,GBP,1.1801438457
2022-10-03,EUR,USD,0.9265523491
2022-10-04,EUR,EUR,1.0000000000
2022-10-04,EUR,GBP,1.1856795762
2022-10-04,EUR,USD,0.9223758188
2022-10-05,EUR,EUR,1.0000000000
2022-10-05,EUR,GBP,1.1844596466
2022-10-05,EUR,USD,0.9191593822
2022-10-06,EUR,EUR,1.0000000000
2022-10-06,EUR,GBP,1.1835144181
2022-10-06,EUR,USD,0.9217948904
2022-10-07,EUR,EUR,1.0000000000
2022-10-07,EUR,GBP,1.1937912372
2022-10-07,EUR,USD,0.9117378086
2022-10-10,EUR,EUR,1.0000000000
2022-10-10,EUR,GBP,1.1918666149
2022-10-10,EUR,USD,0.9154806468
2022-10-11,EUR,EUR,1.0000000000
2022-10-11,EUR,GBP,1.1917603374
2022-10-11,EUR,USD,0.9193907310
2022-10-12,EUR,EUR,1.0000000000
2022-10-12,EUR,GBP,1.1908131910
2022-10-12,EUR,USD,0.9207304178
2022-10-13,EUR,EUR,1.0000000000
2022-10-13,EUR,GBP,1.1923942485
2022-10-13,EUR,USD,0.9167399841
2022-10-14,EUR,EUR,1.0000000000
2022-10-14,EUR,GBP,1.2040340458
2022-10-14,EUR,USD,0.9144924067
2022-10-17,EUR,EUR,1.0000000000
2022-10-17,EUR,GBP,1.1935746470
2022-10-17,EUR,USD,0.9227176714
2022-10-18,EUR,EUR,1.0000000000
2022-10-18,EUR,GBP,1.1995470894
2022-10-18,EUR,USD,0.9165536491
2022-10-19,EUR,EUR,1.0000000000
2022-10-19,EUR,GBP,1.1955105786
2022-10-19,EUR,USD,0.9209219396
2022-10-20,EUR,EUR,1.0000000000
2022-10-20,EUR,GBP,1.2009830517
2022-10-20,EUR,USD,0.9100087703
2022-10-21,EUR,EUR,1.0000000000
2022-10-21,EUR,GBP,1.2117275577
2022-10-21,EUR,USD,0.9036768029
2022-10-24,EUR,EUR,1.0000000000
2022-10-24,EUR,GBP,1.2107728975
2022-10-24,EUR,USD,0.9039879008
2022-10-25,EUR,EUR,1.0000000000
2022-10-25,EUR,GBP,1.2043723971
2022-10-25,EUR,USD,0.9097719877
2022-10-26,EUR,EUR,1.0000000000
2022-10-26,EUR,GBP,1.2103392199
2022-10-26,EUR,USD,0.9033657106
2022-10-27,EUR,EUR,1.0000000000
2022-10-27,EUR,GBP,1.2165329349
2022-10-27,EUR,USD,0.8981182846
2022-10-28,EUR,EUR,1.0000000000
2022-10-28,EUR,GBP,1.2168545625
2022-10-28,EUR,USD,0.9018327463
2022-10-31,EUR,EUR,1.0000000000
2022-10-31,EUR,GBP,1.2242626833
2022-10-31,EUR,USD,0.8942306202
2022-11-01,EUR,EUR,1.0000000000
2022-11-01,EUR,GBP,1.2128369193
2022-11-01,EUR,USD,0.9026924487
2022-11-02,EUR,EUR,1.0000000000
2022-11-02,EUR,GBP,1.2087109037
2022-11-02,EUR,USD,0.9140528057
2022-11-03,EUR,EUR,1.0000000000
2022-11-03,EUR,GBP,1.2091802015
2022-11-03,EUR,USD,0.9209987824
2022-11-04,EUR,EUR,1.0000000000
2022-11-04,EUR,GBP,1.2223681699
2022-11-04,EUR,USD,0.9137762935
2022-11-07,EUR,EUR,1.0000000000
2022-11-07,EUR,GBP,1.2316031891
2022-11-07,EUR,USD,0.9059951341
2022-11-08,EUR,EUR,1.0000000000
2022-11-08,EUR,GBP,1.2198970133
2022-11-08,EUR,USD,0.9098616347
2022-11-09,EUR,EUR,1.0000000000
2022-11-09,EUR,GBP,1.2243702379
2022-11-09,EUR,USD,0.9060099194
2022-11-10,EUR,EUR,1.0000000000
2022-11-10,EUR,GBP,1.2323551824
2022-11-10,EUR,USD,0.9019082923
2022-11-11,EUR,EUR,1.0000000000
2022-11-11,EUR,GBP,1.2362821552
2022-11-11,EUR,USD,0.8941623037
2022-11-14,EUR,EUR,1.0000000000
2022-11-14,EUR,GBP,1.2357517044
2022-11-14,EUR,USD,0.9001788832
2022-11-15,EUR,EUR,1.0000000000
2022-11-15,EUR,GBP,1.2292940709
2022-11-15,EUR,USD,0.9050499169
2022-11-16,EUR,EUR,1.0000000000
2022-11-16,EUR,GBP,1.2367141947
2022-11-16,EUR,USD,0.9036997273
2022-11-17,EUR,EUR,1.0000000000
2022-11-17,EUR,GBP,1.2362892156
2022-11-17,EUR,USD,0.9073698689
2022-11-18,EUR,EUR,1.0000000000
2022-11-18,EUR,GBP,1.2305898291
2022-11-18,EUR,USD,0.9124752757
2022-11-21,EUR,EUR,1.0000000000
2022-11-21,EUR,GBP,1.2323770721
2022-11-21,EUR,USD,0.9033689328
2022-11-22,EUR,EUR,1.0000000000
2022-11-22,EUR,GBP,1.2337971359
2022-11-22,EUR,USD,0.9057419745
2022-11-23,EUR,EUR,1.0000000000
2022-11-23,EUR,GBP,1.2366108608
2022-11-23,EUR,USD,0.9058941697
2022-11-24,EUR,EUR,1.0000000000
2022-11-24,EUR,GBP,1.2422761955
2022-11-24,EUR,USD,0.9063475344
2022-11-25,EUR,EUR,1.0000000000
2022-11-25,EUR,GBP,1.2311676501
2022-11-25,EUR,USD,0.9156011339
2022-11-28,EUR,EUR,1.0000000000
2022-11-28,EUR,GBP,1.2324085783
2022-11-28,EUR,USD,0.9122497519
2022-11-29,EUR,EUR,1.0000000000
2022-11-29,EUR,GBP,1.2332110447
2022-11-29,EUR,USD,0.9142004077
2022-11-30,EUR,EUR,1.0000000000
2022-11-30,EUR,GBP,1.2287348219
2022-11-30,EUR,USD,0.9170936533
2022-12-01,EUR,EUR,1.0000000000
2022-12-01,EUR,GBP,1.2255456616
2022-12-01,EUR,USD,0.9142999338
2022-12-02,EUR,EUR,1.0000000000
2022-12-02,EUR,GBP,1.2252533172
2022-12-02,EUR,USD,0.9132971601
2022-12-05,EUR,EUR,1.0000000000
2022-12-05,EUR,GBP,1.2217496751
2022-12-05,EUR,USD,0.9190755487
2022-12-06,EUR,EUR,1.0000000000
2022-12-06,EUR,GBP,1.2250575765
2022-12-06,EUR,USD,0.9142548777
2022-12-07,EUR,EUR,1.0000000000
2022-12-07,EUR,GBP,1.2305249223
2022-12-07,EUR,USD,0.9190707815
2022-12-08,EUR,EUR,1.0000000000
2022-12-08,EUR,GBP,1.2251864312
2022-12-08,EUR,USD,0.9229692159
2022-12-09,EUR,EUR,1.0000000000
2022-12-09,EUR,GBP,1.2220113435
2022-12-09,EUR,USD,0.9247597414
2022-12-12,EUR,EUR,1.0000000000
2022-12-12,EUR,GBP,1.2229550674
2022-12-12,EUR,USD,0.9212583325
2022-12-13,EUR,EUR,1.0000000000
2022-12-13,EUR,GBP,1.2159999126
2022-12-13,EUR,USD,0.9160654226
2022-12-14,EUR,EUR,1.0000000000
2022-12-14,EUR,GBP,1.2136966416
2022-12-14,EUR,USD,0.9231335832
2022-12-15,EUR,EUR,1.0000000000
2022-12-15,EUR,GBP,1.2107745269
2022-12-15,EUR,USD,0.9321350975
2022-12-16,EUR,EUR,1.0000000000
2022-12-16,EUR,GBP,1.2122092438
2022-12-16,EUR,USD,0.9298934069
2022-12-19,EUR,EUR,1.0000000000
2022-12-19,EUR,GBP,1.2116405265
2022-12-19,EUR,USD,0.9241796475
2022-12-20,EUR,EUR,1.0000000000
2022-12-20,EUR,GBP,1.2148757626
2022-12-20,EUR,USD,0.9186301173
2022-12-21,EUR,EUR,1.0000000000
2022-12-21,EUR,GBP,1.2236876767
2022-12-21,EUR,USD,0.9109656533
2022-12-22,EUR,EUR,1.0000000000
2022-12-22,EUR,GBP,1.2235244840
2022-12-22,EUR,USD,0.9162165978
2022-12-23,EUR,EUR,1.0000000000
2022-12-23,EUR,GBP,1.2218346846
2022-12-23,EUR,USD,0.9217260245
2022-12-26,EUR,EUR,1.0000000000
2022-12-26,EUR,GBP,1.2228286203
2022-12-26,EUR,USD,0.9220195678
2022-12-27,EUR,EUR,1.0000000000
2022-12-27,EUR,GBP,1.2279750747
2022-12-27,EUR,USD,0.9180905358
2022-12-28,EUR,EUR,1.0000000000
2022-12-28,EUR,GBP,1.2232150729
2022-12-28,EUR,USD,0.9153404018
2022-12-29,EUR,EUR,1.0000000000
2022-12-29,EUR,GBP,1.2305367352
2022-12-29,EUR,USD,0.9156724798
2022-12-30,EUR,EUR,1.0000000000
2022-12-30,EUR,GBP,1.2326497009
2022-12-30,EUR,USD,0.9143398962
2023-01-02,EUR,EUR,1.0000000000
2023-01-02,EUR,GBP,1.2514572558
2023-01-02,EUR,USD,0.9064706532
2023-01-03,EUR,EUR,1.0000000000
2023-01-03,EUR,GBP,1.2488618308
2023-01-03,EUR,USD,0.9104723616
2023-01-04,EUR,EUR,1.0000000000
2023-01-04,EUR,GBP,1.2559325718
2023-01-04,EUR,USD,0.9029480745
2023-01-05,EUR,EUR,1.0000000000
2023-01-05,EUR,GBP,1.2498968828
2023-01-05,EUR,USD,0.9022160823
2023-01-06,EUR,EUR,1.0000000000
2023-01-06,EUR,GBP,1.2419504167
2023-01-06,EUR,USD,0.9081660461
2023-01-09,EUR,EUR,1.0000000000
2023-01-09,EUR,GBP,1.2375794989
2023-01-09,EUR,USD,0.9149127286
2023-01-10,EUR,EUR,1.0000000000
2023-01-10,EUR,GBP,1.2469782082
2023-01-10,EUR,USD,0.9108392907
2023-01-11,EUR,EUR,1.0000000000
2023-01-11,EUR,GBP,1.2346861887
2023-01-11,EUR,USD,0.9149052679
2023-01-12,EUR,EUR,1.0000000000
2023-01-12,EUR,GBP,1.2336401089
2023-01-12,EUR,USD,0.9201524814
2023-01-13,EUR,EUR,1.0000000000
2023-01-13,EUR,GBP,1.2403664369
2023-01-13,EUR,USD,0.9174345013
2023-01-16,EUR,EUR,1.0000000000
2023-01-16,EUR,GBP,1.2399623485
2023-01-16,EUR,USD,0.9139318838
2023-01-17,EUR,EUR,1.0000000000
2023-01-17,EUR,GBP,1.2429849689
2023-01-17,EUR,USD,0.9157380875
2023-01-18,EUR,EUR,1.0000000000
2023-01-18,EUR,GBP,1.2481740312
2023-01-18,EUR,USD,0.9167166226
2023-01-19,EUR,EUR,1.0000000000
2023-01-19,EUR,GBP,1.2433523794
2023-01-19,EUR,USD,0.9245300222
2023-01-20,EUR,EUR,1.0000000000
2023-01-20,EUR,GBP,1.2368830227
2023-01-20,EUR,USD,0.9264730465
2023-01-23,EUR,EUR,1.0000000000
2023-01-23,EUR,GBP,1.2358419400
2023-01-23,EUR,USD,0.9279549881
2023-01-24,EUR,EUR,1.0000000000
2023-01-24,EUR,GBP,1.2260269263
2023-01-24,EUR,USD,0.9343099498
2023-01-25,EUR,EUR,1.0000000000
2023-01-25,EUR,GBP,1.2260883866
2023-01-25,EUR,USD,0.9382700852
2023-01-26,EUR,EUR,1.0000000000
2023-01-26,EUR,GBP,1.2242637989
2023-01-26,EUR,USD,0.9416082296
2023-01-27,EUR,EUR,1.0000000000
2023-01-27,EUR,GBP,1.2279002796
2023-01-27,EUR,USD,0.9376506516
2023-01-30,EUR,EUR,1.0000000000
2023-01-30,EUR,GBP,1.2331564608
2023-01-30,EUR,USD,0.9340080812
2023-01-31,EUR,EUR,1.0000000000
2023-01-31,EUR,GBP,1.2334619230
2023-01-31,EUR,USD,0.9356109958
2023-02-01,EUR,EUR,1.0000000000
2023-02-01,EUR,GBP,1.2372314041
2023-02-01,EUR,USD,0.9325812337
2023-02-02,EUR,EUR,1.0000000000
2023-02-02,EUR,GBP,1.2431404425
2023-02-02,EUR,USD,0.9319139368
2023-02-03,EUR,EUR,1.0000000000
2023-02-03,EUR,GBP,1.2420936446
2023-02-03,EUR,USD,0.9390861806
2023-02-06,EUR,EUR,1.0000000000
2023-02-06,EUR,GBP,1.2371393572
2023-02-06,EUR,USD,0.9357507104
2023-02-07,EUR,EUR,1.0000000000
2023-02-07,EUR,GBP,1.2269923153
2023-02-07,EUR,USD,0.9441768833
2023-02-08,EUR,EUR,1.0000000000
2023-02-08,EUR,GBP,1.2297540427
2023-02-08,EUR,USD,0.9467310723
2023-02-09,EUR,EUR,1.0000000000
2023-02-09,EUR,GBP,1.2261247399
2023-02-09,EUR,USD,0.9512682301
2023-02-10,EUR,EUR,1.0000000000
2023-02-10,EUR,GBP,1.2265862804
2023-02-10,EUR,USD,0.9519744015
2023-02-13,EUR,EUR,1.0000000000
2023-02-13,EUR,GBP,1.2249124827
2023-02-13,EUR,USD,0.9552987475
2023-02-14,EUR,EUR,1.0000000000
2023-02-14,EUR,GBP,1.2205982893
2023-02-14,EUR,USD,0.9569952445
2023-02-15,EUR,EUR,1.0000000000
2023-02-15,EUR,GBP,1.2220930889
2023-02-15,EUR,USD,0.9551763947
2023-02-16,EUR,EUR,1.0000000000
2023-02-16,EUR,GBP,1.2165656665
2023-02-16,EUR,USD,0.9526453913
2023-02-17,EUR,EUR,1.0000000000
2023-02-17,EUR,GBP,1.2190080088
2023-02-17,EUR,USD,0.9527344673
2023-02-20,EUR,EUR,1.0000000000
2023-02-20,EUR,GBP,1.2353656547
2023-02-20,EUR,USD,0.9385999331
2023-02-21,EUR,EUR,1.0000000000
2023-02-21,EUR,GBP,1.2325631359
2023-02-21,EUR,USD,0.9409471387
2023-02-22,EUR,EUR,1.0000000000
2023-02-22,EUR,GBP,1.2329279210
2023-02-22,EUR,USD,0.9373450853
2023-02-23,EUR,EUR,1.0000000000
2023-02-23,EUR,GBP,1.2387069419
2023-02-23,EUR,USD,0.9249217060
2023-02-24,EUR,EUR,1.0000000000
2023-02-24,EUR,GBP,1.2327298349
2023-02-24,EUR,USD,0.9256569515
2023-02-27,EUR,EUR,1.0000000000
2023-02-27,EUR,GBP,1.2291551673
2023-02-27,EUR,USD,0.9255667380
2023-02-28,EUR,EUR,1.0000000000
2023-02-28,EUR,GBP,1.2323101454
2023-02-28,EUR,USD,0.9279001926
2023-03-01,EUR,EUR,1.0000000000
2023-03-01,EUR,GBP,1.2248599819
2023-03-01,EUR,USD,0.9312610919
2023-03-02,EUR,EUR,1.0000000000
2023-03-02,EUR,GBP,1.2281969704
2023-03-02,EUR,USD,0.9315449337
2023-03-03,EUR,EUR,1.0000000000
2023-03-03,EUR,GBP,1.2324435121
2023-03-03,EUR,USD,0.9283388360
2023-03-06,EUR,EUR,1.0000000000
2023-03-06,EUR,GBP,1.2329196627
2023-03-06,EUR,USD,0.9279496831
2023-03-07,EUR,EUR,1.0000000000
2023-03-07,EUR,GBP,1.2358447135
2023-03-07,EUR,USD,0.9231266901
2023-03-08,EUR,EUR,1.0000000000
2023-03-08,EUR,GBP,1.2325433792
2023-03-08,EUR,USD,0.9255352083
2023-03-09,EUR,EUR,1.0000000000
2023-03-09,EUR,GBP,1.2233909787
2023-03-09,EUR,USD,0.9227004093
2023-03-10,EUR,EUR,1.0000000000
2023-03-10,EUR,GBP,1.2189543039
2023-03-10,EUR,USD,0.9254954675
2023-03-13,EUR,EUR,1.0000000000
2023-03-13,EUR,GBP,1.2051885896
2023-03-13,EUR,USD,0.9348675158
2023-03-14,EUR,EUR,1.0000000000
2023-03-14,EUR,GBP,1.2092123364
2023-03-14,EUR,USD,0.9329952142
2023-03-15,EUR,EUR,1.0000000000
2023-03-15,EUR,GBP,1.2086360941
2023-03-15,EUR,USD,0.9288556985
2023-03-16,EUR,EUR,1.0000000000
2023-03-16,EUR,GBP,1.2166299503
2023-03-16,EUR,USD,0.9205197432
2023-03-17,EUR,EUR,1.0000000000
2023-03-17,EUR,GBP,1.2162316550
2023-03-17,EUR,USD,0.9172842172
2023-03-20,EUR,EUR,1.0000000000
2023-03-20,EUR,GBP,1.2204471579
2023-03-20,EUR,USD,0.9141531548
2023-03-21,EUR,EUR,1.0000000000
2023-03-21,EUR,GBP,1.2278487008
2023-03-21,EUR,USD,0.9168593724
2023-03-22,EUR,EUR,1.0000000000
2023-03-22,EUR,GBP,1.2199559669
2023-03-22,EUR,USD,0.9175008033
2023-03-23,EUR,EUR,1.0000000000
2023-03-23,EUR,GBP,1.2242724233
2023-03-23,EUR,USD,0.9205277588
2023-03-24,EUR,EUR,1.0000000000
2023-03-24,EUR,GBP,1.2200777134
2023-03-24,EUR,USD,0.9235219778
2023-03-27,EUR,EUR,1.0000000000
2023-03-27,EUR,GBP,1.2180972265
2023-03-27,EUR,USD,0.9219271084
2023-03-28,EUR,EUR,1.0000000000
2023-03-28,EUR,GBP,1.2039957923
2023-03-28,EUR,USD,0.9308259908
2023-03-29,EUR,EUR,1.0000000000
2023-03-29,EUR,GBP,1.1992904449
2023-03-29,EUR,USD,0.9265027517
2023-03-30,EUR,EUR,1.0000000000
2023-03-30,EUR,GBP,1.2040002892
2023-03-30,EUR,USD,0.9256798796
2023-03-31,EUR,EUR,1.0000000000
2023-03-31,EUR,GBP,1.2088200971
2023-03-31,EUR,USD,0.9178396572
2023-04-03,EUR,EUR,1.0000000000
2023-04-03,EUR,GBP,1.2025751325
2023-04-03,EUR,USD,0.9164761812
2023-04-04,EUR,EUR,1.0000000000
2023-04-04,EUR,GBP,1.2120994892
2023-04-04,EUR,USD,0.9089146180
2023-04-05,EUR,EUR,1.0000000000
2023-04-05,EUR,GBP,1.2153288407
2023-04-05,EUR,USD,0.9082380864
2023-04-06,EUR,EUR,1.0000000000
2023-04-06,EUR,GBP,1.2215876220
2023-04-06,EUR,USD,0.9065446018
2023-04-07,EUR,EUR,1.0000000000
2023-04-07,EUR,GBP,1.2215529197
2023-04-07,EUR,USD,0.9026222892
2023-04-10,EUR,EUR,1.0000000000
2023-04-10,EUR,GBP,1.2256908272
2023-04-10,EUR,USD,0.9036231380
2023-04-11,EUR,EUR,1.0000000000
2023-04-11,EUR,GBP,1.2205856959
2023-04-11,EUR,USD,0.9057809799
2023-04-12,EUR,EUR,1.0000000000
2023-04-12,EUR,GBP,1.2303724239
2023-04-12,EUR,USD,0.8969232815
2023-04-13,EUR,EUR,1.0000000000
2023-04-13,EUR,GBP,1.2265574666
2023-04-13,EUR,USD,0.8998895517
2023-04-14,EUR,EUR,1.0000000000
2023-04-14,EUR,GBP,1.2198565578
2023-04-14,EUR,USD,0.9045996781
2023-04-17,EUR,EUR,1.0000000000
2023-04-17,EUR,GBP,1.2174516263
2023-04-17,EUR,USD,0.9052528969
2023-04-18,EUR,EUR,1.0000000000
2023-04-18,EUR,GBP,1.2090630511
2023-04-18,EUR,USD,0.9029200078
2023-04-19,EUR,EUR,1.0000000000
2023-04-19,EUR,GBP,1.2025212932
2023-04-19,EUR,USD,0.9056403844
2023-04-20,EUR,EUR,1.0000000000
2023-04-20,EUR,GBP,1.2020083849
2023-04-20,EUR,USD,0.9094281748
2023-04-21,EUR,EUR,1.0000000000
2023-04-21,EUR,GBP,1.2001506233
2023-04-21,EUR,USD,0.9111347537
2023-04-24,EUR,EUR,1.0000000000
2023-04-24,EUR,GBP,1.2025897911
2023-04-24,EUR,USD,0.9063031534
2023-04-25,EUR,EUR,1.0000000000
2023-04-25,EUR,GBP,1.2031790591
2023-04-25,EUR,USD,0.9031235359
2023-04-26,EUR,EUR,1.0000000000
2023-04-26,EUR,GBP,1.2044620326
2023-04-26,EUR,USD,0.9053465901
2023-04-27,EUR,EUR,1.0000000000
2023-04-27,EUR,GBP,1.2083276839
2023-04-27,EUR,USD,0.9027935963
2023-04-28,EUR,EUR,1.0000000000
2023-04-28,EUR,GBP,1.2025388844
2023-04-28,EUR,USD,0.9073042391
2023-05-01,EUR,EUR,1.0000000000
2023-05-01,EUR,GBP,1.2138336953
2023-05-01,EUR,USD,0.8969437298
2023-05-02,EUR,EUR,1.0000000000
2023-05-02,EUR,GBP,1.2114440327
2023-05-02,EUR,USD,0.8944548687
2023-05-03,EUR,EUR,1.0000000000
2023-05-03,EUR,GBP,1.2090504238
2023-05-03,EUR,USD,0.8957700808
2023-05-04,EUR,EUR,1.0000000000
2023-05-04,EUR,GBP,1.2047726776
2023-05-04,EUR,USD,0.8969206841
2023-05-05,EUR,EUR,1.0000000000
2023-05-05,EUR,GBP,1.2112681256
2023-05-05,EUR,USD,0.8969065817
2023-05-08,EUR,EUR,1.0000000000
2023-05-08,EUR,GBP,1.2119578083
2023-05-08,EUR,USD,0.8920175705
2023-05-09,EUR,EUR,1.0000000000
2023-05-09,EUR,GBP,1.2101151155
2023-05-09,EUR,USD,0.8944486978
2023-05-10,EUR,EUR,1.0000000000
2023-05-10,EUR,GBP,1.2135255975
2023-05-10,EUR,USD,0.8971157227
2023-05-11,EUR,EUR,1.0000000000
2023-05-11,EUR,GBP,1.2105753574
2023-05-11,EUR,USD,0.8981556291
2023-05-12,EUR,EUR,1.0000000000
2023-05-12,EUR,GBP,1.2136406145
2023-05-12,EUR,USD,0.9004700429
2023-05-15,EUR,EUR,1.0000000000
2023-05-15,EUR,GBP,1.2121763193
2023-05-15,EUR,USD,0.8996709907
2023-05-16,EUR,EUR,1.0000000000
2023-05-16,EUR,GBP,1.2099767087
2023-05-16,EUR,USD,0.9021539374
2023-05-17,EUR,EUR,1.0000000000
2023-05-17,EUR,GBP,1.2131669107
2023-05-17,EUR,USD,0.8972297173
2023-05-18,EUR,EUR,1.0000000000
2023-05-18,EUR,GBP,1.2107315245
2023-05-18,EUR,USD,0.9015459997
2023-05-19,EUR,EUR,1.0000000000
2023-05-19,EUR,GBP,1.2126141730
2023-05-19,EUR,USD,0.9049182391
2023-05-22,EUR,EUR,1.0000000000
2023-05-22,EUR,GBP,1.2139288804
2023-05-22,EUR,USD,0.8967056590
2023-05-23,EUR,EUR,1.0000000000
2023-05-23,EUR,GBP,1.2126948913
2023-05-23,EUR,USD,0.8910983961
2023-05-24,EUR,EUR,1.0000000000
2023-05-24,EUR,GBP,1.2047460746
2023-05-24,EUR,USD,0.8938568649
2023-05-25,EUR,EUR,1.0000000000
2023-05-25,EUR,GBP,1.2124937060
2023-05-25,EUR,USD,0.8935538276
2023-05-26,EUR,EUR,1.0000000000
2023-05-26,EUR,GBP,1.2184775263
2023-05-26,EUR,USD,0.8857712997
2023-05-29,EUR,EUR,1.0000000000
2023-05-29,EUR,GBP,1.2211357126
2023-05-29,EUR,USD,0.8849561838
2023-05-30,EUR,EUR,1.0000000000
2023-05-30,EUR,GBP,1.2233073706
2023-05-30,EUR,USD,0.8820613138
2023-05-31,EUR,EUR,1.0000000000
2023-05-31,EUR,GBP,1.2256075072
2023-05-31,EUR,USD,0.8793642278
2023-06-01,EUR,EUR,1.0000000000
2023-06-01,EUR,GBP,1.2314129054
2023-06-01,EUR,USD,0.8713018540
2023-06-02,EUR,EUR,1.0000000000
2023-06-02,EUR,GBP,1.2244252359
2023-06-02,EUR,USD,0.8708865703
2023-06-05,EUR,EUR,1.0000000000
2023-06-05,EUR,GBP,1.2168929801
2023-06-05,EUR,USD,0.8723907630
2023-06-06,EUR,EUR,1.0000000000
2023-06-06,EUR,GBP,1.2160165129
2023-06-06,EUR,USD,0.8768049546
2023-06-07,EUR,EUR,1.0000000000
2023-06-07,EUR,GBP,1.2182703757
2023-06-07,EUR,USD,0.8768964332
2023-06-08,EUR,EUR,1.0000000000
2023-06-08,EUR,GBP,1.2097130960
2023-06-08,EUR,USD,0.8817733388
2023-06-09,EUR,EUR,1.0000000000
2023-06-09,EUR,GBP,1.2117527130
2023-06-09,EUR,USD,0.8856816052
2023-06-12,EUR,EUR,1.0000000000
2023-06-12,EUR,GBP,1.2138363331
2023-06-12,EUR,USD,0.8856208235
2023-06-13,EUR,EUR,1.0000000000
2023-06-13,EUR,GBP,1.2138210179
2023-06-13,EUR,USD,0.8801985156
2023-06-14,EUR,EUR,1.0000000000
2023-06-14,EUR,GBP,1.2155167728
2023-06-14,EUR,USD,0.8731039411
2023-06-15,EUR,EUR,1.0000000000
2023-06-15,EUR,GBP,1.2156336129
2023-06-15,EUR,USD,0.8753291563
2023-06-16,EUR,EUR,1.0000000000
2023-06-16,EUR,GBP,1.2145616871
2023-06-16,EUR,USD,0.8762389616
2023-06-19,EUR,EUR,1.0000000000
2023-06-19,EUR,GBP,1.2077384630
2023-06-19,EUR,USD,0.8770673069
2023-06-20,EUR,EUR,1.0000000000
2023-06-20,EUR,GBP,1.2086466077
2023-06-20,EUR,USD,0.8791923704
2023-06-21,EUR,EUR,1.0000000000
2023-06-21,EUR,GBP,1.2125787667
2023-06-21,EUR,USD,0.8779460577
2023-06-22,EUR,EUR,1.0000000000
2023-06-22,EUR,GBP,1.2096996050
2023-06-22,EUR,USD,0.8806628866
2023-06-23,EUR,EUR,1.0000000000
2023-06-23,EUR,GBP,1.2072444530
2023-06-23,EUR,USD,0.8802712865
2023-06-26,EUR,EUR,1.0000000000
2023-06-26,EUR,GBP,1.2132389986
2023-06-26,EUR,USD,0.8770503620
2023-06-27,EUR,EUR,1.0000000000
2023-06-27,EUR,GBP,1.2050428647
2023-06-27,EUR,USD,0.8821632843
2023-06-28,EUR,EUR,1.0000000000
2023-06-28,EUR,GBP,1.2051532319
2023-06-28,EUR,USD,0.8803461202
2023-06-29,EUR,EUR,1.0000000000
2023-06-29,EUR,GBP,1.1981593099
2023-06-29,EUR,USD,0.8842406917
2023-06-30,EUR,EUR,1.0000000000
2023-06-30,EUR,GBP,1.2023383005
2023-06-30,EUR,USD,0.8806727386
2023-07-03,EUR,EUR,1.0000000000
2023-07-03,EUR,GBP,1.1904773650
2023-07-03,EUR,USD,0.8823145985
2023-07-04,EUR,EUR,1.0000000000
2023-07-04,EUR,GBP,1.1924862799
2023-07-04,EUR,USD,0.8778513266
2023-07-05,EUR,EUR,1.0000000000
2023-07-05,EUR,GBP,1.1935862195
2023-07-05,EUR,USD,0.8784716350
2023-07-06,EUR,EUR,1.0000000000
2023-07-06,EUR,GBP,1.1844322923
2023-07-06,EUR,USD,0.8848612378
2023-07-07,EUR,EUR,1.0000000000
2023-07-07,EUR,GBP,1.1760918315
2023-07-07,EUR,USD,0.8856961347
2023-07-10,EUR,EUR,1.0000000000
2023-07-10,EUR,GBP,1.1681617544
2023-07-10,EUR,USD,0.8896745210
2023-07-11,EUR,EUR,1.0000000000
2023-07-11,EUR,GBP,1.1729837991
2023-07-11,EUR,USD,0.8895061072
2023-07-12,EUR,EUR,1.0000000000
2023-07-12,EUR,GBP,1.1646071797
2023-07-12,EUR,USD,0.8986793775
2023-07-13,EUR,EUR,1.0000000000
2023-07-13,EUR,GBP,1.1656368478
2023-07-13,EUR,USD,0.8997529731
2023-07-14,EUR,EUR,1.0000000000
2023-07-14,EUR,GBP,1.1695483542
2023-07-14,EUR,USD,0.8999938786
2023-07-17,EUR,EUR,1.0000000000
2023-07-17,EUR,GBP,1.1710989862
2023-07-17,EUR,USD,0.9051884517
2023-07-18,EUR,EUR,1.0000000000
2023-07-18,EUR,GBP,1.1742771302
2023-07-18,EUR,USD,0.9060318430
2023-07-19,EUR,EUR,1.0000000000
2023-07-19,EUR,GBP,1.1725865622
2023-07-19,EUR,USD,0.9087664628
2023-07-20,EUR,EUR,1.0000000000
2023-07-20,EUR,GBP,1.1680074148
2023-07-20,EUR,USD,0.9162280647
2023-07-21,EUR,EUR,1.0000000000
2023-07-21,EUR,GBP,1.1681914739
2023-07-21,EUR,USD,0.9183616986
2023-07-24,EUR,EUR,1.0000000000
2023-07-24,EUR,GBP,1.1611322738
2023-07-24,EUR,USD,0.9232695544
2023-07-25,EUR,EUR,1.0000000000
2023-07-25,EUR,GBP,1.1669338461
2023-07-25,EUR,USD,0.9165116875
2023-07-26,EUR,EUR,1.0000000000
2023-07-26,EUR,GBP,1.1689068568
2023-07-26,EUR,USD,0.9139493043
2023-07-27,EUR,EUR,1.0000000000
2023-07-27,EUR,GBP,1.1673939075
2023-07-27,EUR,USD,0.9108670488
2023-07-28,EUR,EUR,1.0000000000
2023-07-28,EUR,GBP,1.1762861507
2023-07-28,EUR,USD,0.8980891123
2023-07-31,EUR,EUR,1.0000000000
2023-07-31,EUR,GBP,1.1769890804
2023-07-31,EUR,USD,0.8983981927
2023-08-01,EUR,EUR,1.0000000000
2023-08-01,EUR,GBP,1.1678714396
2023-08-01,EUR,USD,0.9093803060
2023-08-02,EUR,EUR,1.0000000000
2023-08-02,EUR,GBP,1.1629456803
2023-08-02,EUR,USD,0.9147967441
2023-08-03,EUR,EUR,1.0000000000
2023-08-03,EUR,GBP,1.1689320387
2023-08-03,EUR,USD,0.9133820938
2023-08-04,EUR,EUR,1.0000000000
2023-08-04,EUR,GBP,1.1720986005
2023-08-04,EUR,USD,0.9160694470
2023-08-07,EUR,EUR,1.0000000000
2023-08-07,EUR,GBP,1.1678239702
2023-08-07,EUR,USD,0.9224143698
2023-08-08,EUR,EUR,1.0000000000
2023-08-08,EUR,GBP,1.1700700373
2023-08-08,EUR,USD,0.9219139442
2023-08-09,EUR,EUR,1.0000000000
2023-08-09,EUR,GBP,1.1617613369
2023-08-09,EUR,USD,0.9262264041
2023-08-10,EUR,EUR,1.0000000000
2023-08-10,EUR,GBP,1.1709430267
2023-08-10,EUR,USD,0.9229345270
2023-08-11,EUR,EUR,1.0000000000
2023-08-11,EUR,GBP,1.1770234756
2023-08-11,EUR,USD,0.9193131025
2023-08-14,EUR,EUR,1.0000000000
2023-08-14,EUR,GBP,1.1807768818
2023-08-14,EUR,USD,0.9201395228
2023-08-15,EUR,EUR,1.0000000000
2023-08-15,EUR,GBP,1.1754215343
2023-08-15,EUR,USD,0.9244337305
2023-08-16,EUR,EUR,1.0000000000
2023-08-16,EUR,GBP,1.1784202062
2023-08-16,EUR,USD,0.9119751681
2023-08-17,EUR,EUR,1.0000000000
2023-08-17,EUR,GBP,1.1736109687
2023-08-17,EUR,USD,0.9114933679
2023-08-18,EUR,EUR,1.0000000000
2023-08-18,EUR,GBP,1.1733627968
2023-08-18,EUR,USD,0.9046603011
2023-08-21,EUR,EUR,1.0000000000
2023-08-21,EUR,GBP,1.1683096730
2023-08-21,EUR,USD,0.9073398119
2023-08-22,EUR,EUR,1.0000000000
2023-08-22,EUR,GBP,1.1677968579
2023-08-22,EUR,USD,0.9038414803
2023-08-23,EUR,EUR,1.0000000000
2023-08-23,EUR,GBP,1.1678246480
2023-08-23,EUR,USD,0.9000771782
2023-08-24,EUR,EUR,1.0000000000
2023-08-24,EUR,GBP,1.1730225271
2023-08-24,EUR,USD,0.9004406421
2023-08-25,EUR,EUR,1.0000000000
2023-08-25,EUR,GBP,1.1806957351
2023-08-25,EUR,USD,0.9027377865
2023-08-28,EUR,EUR,1.0000000000
2023-08-28,EUR,GBP,1.1836946751
2023-08-28,EUR,USD,0.9009888373
2023-08-29,EUR,EUR,1.0000000000
2023-08-29,EUR,GBP,1.1918138583
2023-08-29,EUR,USD,0.8932798730
2023-08-30,EUR,EUR,1.0000000000
2023-08-30,EUR,GBP,1.1938537088
2023-08-30,EUR,USD,0.8977355288
2023-08-31,EUR,EUR,1.0000000000
2023-08-31,EUR,GBP,1.1952081783
2023-08-31,EUR,USD,0.8935789559
2023-09-01,EUR,EUR,1.0000000000
2023-09-01,EUR,GBP,1.1934881276
2023-09-01,EUR,USD,0.8963979719
2023-09-04,EUR,EUR,1.0000000000
2023-09-04,EUR,GBP,1.1934932749
2023-09-04,EUR,USD,0.8919050706
2023-09-05,EUR,EUR,1.0000000000
2023-09-05,EUR,GBP,1.1914030153
2023-09-05,EUR,USD,0.8969463913
2023-09-06,EUR,EUR,1.0000000000
2023-09-06,EUR,GBP,1.1908431859
2023-09-06,EUR,USD,0.8940165830
2023-09-07,EUR,EUR,1.0000000000
2023-09-07,EUR,GBP,1.1932898068
2023-09-07,EUR,USD,0.8953038943
2023-09-08,EUR,EUR,1.0000000000
2023-09-08,EUR,GBP,1.2073306351
2023-09-08,EUR,USD,0.8798619898
2023-09-11,EUR,EUR,1.0000000000
2023-09-11,EUR,GBP,1.2068637562
2023-09-11,EUR,USD,0.8855144172
2023-09-12,EUR,EUR,1.0000000000
2023-09-12,EUR,GBP,1.2111989509
2023-09-12,EUR,USD,0.8809901062
2023-09-13,EUR,EUR,1.0000000000
2023-09-13,EUR,GBP,1.2016465388
2023-09-13,EUR,USD,0.8879343713
2023-09-14,EUR,EUR,1.0000000000
2023-09-14,EUR,GBP,1.1995955096
2023-09-14,EUR,USD,0.8877233086
2023-09-15,EUR,EUR,1.0000000000
2023-09-15,EUR,GBP,1.2020695479
2023-09-15,EUR,USD,0.8890223341
2023-09-18,EUR,EUR,1.0000000000
2023-09-18,EUR,GBP,1.1993257165
2023-09-18,EUR,USD,0.8932292448
2023-09-19,EUR,EUR,1.0000000000
2023-09-19,EUR,GBP,1.1954679151
2023-09-19,EUR,USD,0.8959347698
2023-09-20,EUR,EUR,1.0000000000
2023-09-20,EUR,GBP,1.1898398893
2023-09-20,EUR,USD,0.8964212177
2023-09-21,EUR,EUR,1.0000000000
2023-09-21,EUR,GBP,1.1961033420
2023-09-21,EUR,USD,0.8957502134
2023-09-22,EUR,EUR,1.0000000000
2023-09-22,EUR,GBP,1.1951187818
2023-09-22,EUR,USD,0.9029186122
2023-09-25,EUR,EUR,1.0000000000
2023-09-25,EUR,GBP,1.1847775536
2023-09-25,EUR,USD,0.9058697331
2023-09-26,EUR,EUR,1.0000000000
2023-09-26,EUR,GBP,1.1791493452
2023-09-26,EUR,USD,0.9134779958
2023-09-27,EUR,EUR,1.0000000000
2023-09-27,EUR,GBP,1.1827246973
2023-09-27,EUR,USD,0.9112024362
2023-09-28,EUR,EUR,1.0000000000
2023-09-28,EUR,GBP,1.1849499558
2023-09-28,EUR,USD,0.9052341283
2023-09-29,EUR,EUR,1.0000000000
2023-09-29,EUR,GBP,1.1857883902
2023-09-29,EUR,USD,0.9054195965
2023-10-02,EUR,EUR,1.0000000000
2023-10-02,EUR,GBP,1.1846679523
2023-10-02,EUR,USD,0.9092721268
2023-10-03,EUR,EUR,1.0000000000
2023-10-03,EUR,GBP,1.1763083495
2023-10-03,EUR,USD,0.9158708055
2023-10-04,EUR,EUR,1.0000000000
2023-10-04,EUR,GBP,1.1791525430
2023-10-04,EUR,USD,0.9115720472
2023-10-05,EUR,EUR,1.0000000000
2023-10-05,EUR,GBP,1.1814273688
2023-10-05,EUR,USD,0.9106705490
2023-10-06,EUR,EUR,1.0000000000
2023-10-06,EUR,GBP,1.1809701155
2023-10-06,EUR,USD,0.9074804148
2023-10-09,EUR,EUR,1.0000000000
2023-10-09,EUR,GBP,1.1751381673
2023-10-09,EUR,USD,0.9152393113
2023-10-10,EUR,EUR,1.0000000000
2023-10-10,EUR,GBP,1.1775853175
2023-10-10,EUR,USD,0.9125255127
2023-10-11,EUR,EUR,1.0000000000
2023-10-11,EUR,GBP,1.1730461974
2023-10-11,EUR,USD,0.9147891513
2023-10-12,EUR,EUR,1.0000000000
2023-10-12,EUR,GBP,1.1846548592
2023-10-12,EUR,USD,0.9026232972
2023-10-13,EUR,EUR,1.0000000000
2023-10-13,EUR,GBP,1.1778326684
2023-10-13,EUR,USD,0.9078710597
2023-10-16,EUR,EUR,1.0000000000
2023-10-16,EUR,GBP,1.1759792810
2023-10-16,EUR,USD,0.9097678642
2023-10-17,EUR,EUR,1.0000000000
2023-10-17,EUR,GBP,1.1792948641
2023-10-17,EUR,USD,0.9103327320
2023-10-18,EUR,EUR,1.0000000000
2023-10-18,EUR,GBP,1.1891280342
2023-10-18,EUR,USD,0.9063560172
2023-10-19,EUR,EUR,1.0000000000
2023-10-19,EUR,GBP,1.1879872563
2023-10-19,EUR,USD,0.9096441522
2023-10-20,EUR,EUR,1.0000000000
2023-10-20,EUR,GBP,1.1919506385
2023-10-20,EUR,USD,0.9092702762
2023-10-23,EUR,EUR,1.0000000000
2023-10-23,EUR,GBP,1.1845440937
2023-10-23,EUR,USD,0.9113178503
2023-10-24,EUR,EUR,1.0000000000
2023-10-24,EUR,GBP,1.1824044875
2023-10-24,EUR,USD,0.9072820566
2023-10-25,EUR,EUR,1.0000000000
2023-10-25,EUR,GBP,1.1755370974
2023-10-25,EUR,USD,0.9124914195
2023-10-26,EUR,EUR,1.0000000000
2023-10-26,EUR,GBP,1.1730349714
2023-10-26,EUR,USD,0.9186255760
2023-10-27,EUR,EUR,1.0000000000
2023-10-27,EUR,GBP,1.1830305960
2023-10-27,EUR,USD,0.9128480148
2023-10-30,EUR,EUR,1.0000000000
2023-10-30,EUR,GBP,1.1750093239
2023-10-30,EUR,USD,0.9123303252
2023-10-31,EUR,EUR,1.0000000000
2023-10-31,EUR,GBP,1.1798638499
2023-10-31,EUR,USD,0.9065779213
2023-11-01,EUR,EUR,1.0000000000
2023-11-01,EUR,GBP,1.1816702469
2023-11-01,EUR,USD,0.9068417210
2023-11-02,EUR,EUR,1.0000000000
2023-11-02,EUR,GBP,1.1734809906
2023-11-02,EUR,USD,0.9115423533
2023-11-03,EUR,EUR,1.0000000000
2023-11-03,EUR,GBP,1.1719802094
2023-11-03,EUR,USD,0.9097630760
2023-11-06,EUR,EUR,1.0000000000
2023-11-06,EUR,GBP,1.1659908805
2023-11-06,EUR,USD,0.9114094023
2023-11-07,EUR,EUR,1.0000000000
2023-11-07,EUR,GBP,1.1735235194
2023-11-07,EUR,USD,0.9095528927
2023-11-08,EUR,EUR,1.0000000000
2023-11-08,EUR,GBP,1.1729441819
2023-11-08,EUR,USD,0.9099859849
2023-11-09,EUR,EUR,1.0000000000
2023-11-09,EUR,GBP,1.1801936682
2023-11-09,EUR,USD,0.9056336213
2023-11-10,EUR,EUR,1.0000000000
2023-11-10,EUR,GBP,1.1783727089
2023-11-10,EUR,USD,0.9098935105
2023-11-13,EUR,EUR,1.0000000000
2023-11-13,EUR,GBP,1.1832774531
2023-11-13,EUR,USD,0.9117818550
2023-11-14,EUR,EUR,1.0000000000
2023-11-14,EUR,GBP,1.1819991397
2023-11-14,EUR,USD,0.9086264569
2023-11-15,EUR,EUR,1.0000000000
2023-11-15,EUR,GBP,1.1699951501
2023-11-15,EUR,USD,0.9141116935
2023-11-16,EUR,EUR,1.0000000000
2023-11-16,EUR,GBP,1.1735084524
2023-11-16,EUR,USD,0.9189843885
2023-11-17,EUR,EUR,1.0000000000
2023-11-17,EUR,GBP,1.1694058598
2023-11-17,EUR,USD,0.9212435844
2023-11-20,EUR,EUR,1.0000000000
2023-11-20,EUR,GBP,1.1775702763
2023-11-20,EUR,USD,0.9216498322
2023-11-21,EUR,EUR,1.0000000000
2023-11-21,EUR,GBP,1.1776563959
2023-11-21,EUR,USD,0.9141664662
2023-11-22,EUR,EUR,1.0000000000
2023-11-22,EUR,GBP,1.1616729723
2023-11-22,EUR,USD,0.9254751639
2023-11-23,EUR,EUR,1.0000000000
2023-11-23,EUR,GBP,1.1620462211
2023-11-23,EUR,USD,0.9202987943
2023-11-24,EUR,EUR,1.0000000000
2023-11-24,EUR,GBP,1.1505275311
2023-11-24,EUR,USD,0.9294754837
2023-11-27,EUR,EUR,1.0000000000
2023-11-27,EUR,GBP,1.1508927637
2023-11-27,EUR,USD,0.9263555220
2023-11-28,EUR,EUR,1.0000000000
2023-11-28,EUR,GBP,1.1409784437
2023-11-28,EUR,USD,0.9358532964
2023-11-29,EUR,EUR,1.0000000000
2023-11-29,EUR,GBP,1.1493902477
2023-11-29,EUR,USD,0.9239264097
2023-11-30,EUR,EUR,1.0000000000
2023-11-30,EUR,GBP,1.1539635139
2023-11-30,EUR,USD,0.9199316645
2023-12-01,EUR,EUR,1.0000000000
2023-12-01,EUR,GBP,1.1568053793
2023-12-01,EUR,USD,0.9143160190
2023-12-04,EUR,EUR,1.0000000000
2023-12-04,EUR,GBP,1.1565102965
2023-12-04,EUR,USD,0.9133208361
2023-12-05,EUR,EUR,1.0000000000
2023-12-05,EUR,GBP,1.1622924502
2023-12-05,EUR,USD,0.9060625284
2023-12-06,EUR,EUR,1.0000000000
2023-12-06,EUR,GBP,1.1626214187
2023-12-06,EUR,USD,0.9049742011
2023-12-07,EUR,EUR,1.0000000000
2023-12-07,EUR,GBP,1.1596436722
2023-12-07,EUR,USD,0.9067416001
2023-12-08,EUR,EUR,1.0000000000
2023-12-08,EUR,GBP,1.1461502718
2023-12-08,EUR,USD,0.9152486662
2023-12-11,EUR,EUR,1.0000000000
2023-12-11,EUR,GBP,1.1370992276
2023-12-11,EUR,USD,0.9187325113
2023-12-12,EUR,EUR,1.0000000000
2023-12-12,EUR,GBP,1.1398141542
2023-12-12,EUR,USD,0.9169614584
2023-12-13,EUR,EUR,1.0000000000
2023-12-13,EUR,GBP,1.1301558892
2023-12-13,EUR,USD,0.9198626586
2023-12-14,EUR,EUR,1.0000000000
2023-12-14,EUR,GBP,1.1201044717
2023-12-14,EUR,USD,0.9233263642
2023-12-15,EUR,EUR,1.0000000000
2023-12-15,EUR,GBP,1.1177984938
2023-12-15,EUR,USD,0.9215314941
2023-12-18,EUR,EUR,1.0000000000
2023-12-18,EUR,GBP,1.1278645454
2023-12-18,EUR,USD,0.9184534840
2023-12-19,EUR,EUR,1.0000000000
2023-12-19,EUR,GBP,1.1399138006
2023-12-19,EUR,USD,0.9152626323
2023-12-20,EUR,EUR,1.0000000000
2023-12-20,EUR,GBP,1.1340810394
2023-12-20,EUR,USD,0.9160429367
2023-12-21,EUR,EUR,1.0000000000
2023-12-21,EUR,GBP,1.1304736014
2023-12-21,EUR,USD,0.9222544561
2023-12-22,EUR,EUR,1.0000000000
2023-12-22,EUR,GBP,1.1255478930
2023-12-22,EUR,USD,0.9260612231
2023-12-25,EUR,EUR,1.0000000000
2023-12-25,EUR,GBP,1.1307036259
2023-12-25,EUR,USD,0.9227890146
2023-12-26,EUR,EUR,1.0000000000
2023-12-26,EUR,GBP,1.1322352144
2023-12-26,EUR,USD,0.9252403041
2023-12-27,EUR,EUR,1.0000000000
2023-12-27,EUR,GBP,1.1268173883
2023-12-27,EUR,USD,0.9227014892
2023-12-28,EUR,EUR,1.0000000000
2023-12-28,EUR,GBP,1.1291372240
2023-12-28,EUR,USD,0.9212741915
2023-12-29,EUR,EUR,1.0000000000
2023-12-29,EUR,GBP,1.1325395215
2023-12-29,EUR,USD,0.9137592639
2024-01-01,EUR,EUR,1.0000000000
2024-01-01,EUR,GBP,1.1380856917
2024-01-01,EUR,USD,0.9128046736
2024-01-02,EUR,EUR,1.0000000000
2024-01-02,EUR,GBP,1.1288486514
2024-01-02,EUR,USD,0.9218491612
2024-01-03,EUR,EUR,1.0000000000
2024-01-03,EUR,GBP,1.1411557204
2024-01-03,EUR,USD,0.9099028461
2024-01-04,EUR,EUR,1.0000000000
2024-01-04,EUR,GBP,1.1378578396
2024-01-04,EUR,USD,0.9079029429
2024-01-05,EUR,EUR,1.0000000000
2024-01-05,EUR,GBP,1.1366707670
2024-01-05,EUR,USD,0.9119359121
2024-01-08,EUR,EUR,1.0000000000
2024-01-08,EUR,GBP,1.1384976496
2024-01-08,EUR,USD,0.9128592766
2024-01-09,EUR,EUR,1.0000000000
2024-01-09,EUR,GBP,1.1347243757
2024-01-09,EUR,USD,0.9109606978
2024-01-10,EUR,EUR,1.0000000000
2024-01-10,EUR,GBP,1.1420874219
2024-01-10,EUR,USD,0.9060922100
2024-01-11,EUR,EUR,1.0000000000
2024-01-11,EUR,GBP,1.1411512775
2024-01-11,EUR,USD,0.9093193011
2024-01-12,EUR,EUR,1.0000000000
2024-01-12,EUR,GBP,1.1413784821
2024-01-12,EUR,USD,0.9089375390
2024-01-15,EUR,EUR,1.0000000000
2024-01-15,EUR,GBP,1.1460958727
2024-01-15,EUR,USD,0.9057989851
2024-01-16,EUR,EUR,1.0000000000
2024-01-16,EUR,GBP,1.1463610325
2024-01-16,EUR,USD,0.8988439109
2024-01-17,EUR,EUR,1.0000000000
2024-01-17,EUR,GBP,1.1506346710
2024-01-17,EUR,USD,0.8938497356
2024-01-18,EUR,EUR,1.0000000000
2024-01-18,EUR,GBP,1.1576611758
2024-01-18,EUR,USD,0.8879458941
2024-01-19,EUR,EUR,1.0000000000
2024-01-19,EUR,GBP,1.1564544645
2024-01-19,EUR,USD,0.8846503848
2024-01-22,EUR,EUR,1.0000000000
2024-01-22,EUR,GBP,1.1563742396
2024-01-22,EUR,USD,0.8861721557
2024-01-23,EUR,EUR,1.0000000000
2024-01-23,EUR,GBP,1.1562345666
2024-01-23,EUR,USD,0.8812737084
2024-01-24,EUR,EUR,1.0000000000
2024-01-24,EUR,GBP,1.1541701987
2024-01-24,EUR,USD,0.8825672652
2024-01-25,EUR,EUR,1.0000000000
2024-01-25,EUR,GBP,1.1533395719
2024-01-25,EUR,USD,0.8841669996
2024-01-26,EUR,EUR,1.0000000000
2024-01-26,EUR,GBP,1.1514452692
2024-01-26,EUR,USD,0.8876000427
2024-01-29,EUR,EUR,1.0000000000
2024-01-29,EUR,GBP,1.1450460237
2024-01-29,EUR,USD,0.8879495393
2024-01-30,EUR,EUR,1.0000000000
2024-01-30,EUR,GBP,1.1442005375
2024-01-30,EUR,USD,0.8986970633
2024-01-31,EUR,EUR,1.0000000000
2024-01-31,EUR,GBP,1.1509290594
2024-01-31,EUR,USD,0.8885556545
2024-02-01,EUR,EUR,1.0000000000
2024-02-01,EUR,GBP,1.1538453506
2024-02-01,EUR,USD,0.8852979728
2024-02-02,EUR,EUR,1.0000000000
2024-02-02,EUR,GBP,1.1521952741
2024-02-02,EUR,USD,0.8812150543
2024-02-05,EUR,EUR,1.0000000000
2024-02-05,EUR,GBP,1.1515063869
2024-02-05,EUR,USD,0.8826768639
2024-02-06,EUR,EUR,1.0000000000
2024-02-06,EUR,GBP,1.1444347039
2024-02-06,EUR,USD,0.8877783344
2024-02-07,EUR,EUR,1.0000000000
2024-02-07,EUR,GBP,1.1478290862
2024-02-07,EUR,USD,0.8937652191
2024-02-08,EUR,EUR,1.0000000000
2024-02-08,EUR,GBP,1.1460786862
2024-02-08,EUR,USD,0.8943335895
2024-02-09,EUR,EUR,1.0000000000
2024-02-09,EUR,GBP,1.1466971138
2024-02-09,EUR,USD,0.8986645175
2024-02-12,EUR,EUR,1.0000000000
2024-02-12,EUR,GBP,1.1425432178
2024-02-12,EUR,USD,0.8921053879
2024-02-13,EUR,EUR,1.0000000000
2024-02-13,EUR,GBP,1.1493291018
2024-02-13,EUR,USD,0.8870633406
2024-02-14,EUR,EUR,1.0000000000
2024-02-14,EUR,GBP,1.1405232446
2024-02-14,EUR,USD,0.8865062789
2024-02-15,EUR,EUR,1.0000000000
2024-02-15,EUR,GBP,1.1295837787
2024-02-15,EUR,USD,0.8950804324
2024-02-16,EUR,EUR,1.0000000000
2024-02-16,EUR,GBP,1.1323355436
2024-02-16,EUR,USD,0.8921489874
2024-02-19,EUR,EUR,1.0000000000
2024-02-19,EUR,GBP,1.1167015870
2024-02-19,EUR,USD,0.9047048877
2024-02-20,EUR,EUR,1.0000000000
2024-02-20,EUR,GBP,1.1169298754
2024-02-20,EUR,USD,0.9017165169
2024-02-21,EUR,EUR,1.0000000000
2024-02-21,EUR,GBP,1.1215056981
2024-02-21,EUR,USD,0.9034970962
2024-02-22,EUR,EUR,1.0000000000
2024-02-22,EUR,GBP,1.1225286398
2024-02-22,EUR,USD,0.9035404299
2024-02-23,EUR,EUR,1.0000000000
2024-02-23,EUR,GBP,1.1149437139
2024-02-23,EUR,USD,0.9087590865
2024-02-26,EUR,EUR,1.0000000000
2024-02-26,EUR,GBP,1.1147873558
2024-02-26,EUR,USD,0.9137935337
2024-02-27,EUR,EUR,1.0000000000
2024-02-27,EUR,GBP,1.1147433773
2024-02-27,EUR,USD,0.9112030335
2024-02-28,EUR,EUR,1.0000000000
2024-02-28,EUR,GBP,1.1111782135
2024-02-28,EUR,USD,0.9155729593
2024-02-29,EUR,EUR,1.0000000000
2024-02-29,EUR,GBP,1.1093308003
2024-02-29,EUR,USD,0.9180723107
2024-03-01,EUR,EUR,1.0000000000
2024-03-01,EUR,GBP,1.1090270434
2024-03-01,EUR,USD,0.9199308779
2024-03-04,EUR,EUR,1.0000000000
2024-03-04,EUR,GBP,1.1063444321
2024-03-04,EUR,USD,0.9233262430
2024-03-05,EUR,EUR,1.0000000000
2024-03-05,EUR,GBP,1.1108341793
2024-03-05,EUR,USD,0.9199072252
2024-03-06,EUR,EUR,1.0000000000
2024-03-06,EUR,GBP,1.1155739249
2024-03-06,EUR,USD,0.9171013486
2024-03-07,EUR,EUR,1.0000000000
2024-03-07,EUR,GBP,1.1228066048
2024-03-07,EUR,USD,0.9121278550
2024-03-08,EUR,EUR,1.0000000000
2024-03-08,EUR,GBP,1.1287509265
2024-03-08,EUR,USD,0.9090884985
2024-03-11,EUR,EUR,1.0000000000
2024-03-11,EUR,GBP,1.1302757283
2024-03-11,EUR,USD,0.9076646909
2024-03-12,EUR,EUR,1.0000000000
2024-03-12,EUR,GBP,1.1324306682
2024-03-12,EUR,USD,0.9048653760
2024-03-13,EUR,EUR,1.0000000000
2024-03-13,EUR,GBP,1.1201660312
2024-03-13,EUR,USD,0.9099497137
2024-03-14,EUR,EUR,1.0000000000
2024-03-14,EUR,GBP,1.1200452115
2024-03-14,EUR,USD,0.9072911302
2024-03-15,EUR,EUR,1.0000000000
2024-03-15,EUR,GBP,1.1184131047
2024-03-15,EUR,USD,0.9067297084
2024-03-18,EUR,EUR,1.0000000000
2024-03-18,EUR,GBP,1.1117919513
2024-03-18,EUR,USD,0.9098300162
2024-03-19,EUR,EUR,1.0000000000
2024-03-19,EUR,GBP,1.1115166987
2024-03-19,EUR,USD,0.9098167705
2024-03-20,EUR,EUR,1.0000000000
2024-03-20,EUR,GBP,1.1079548506
2024-03-20,EUR,USD,0.9083187336
2024-03-21,EUR,EUR,1.0000000000
2024-03-21,EUR,GBP,1.1108482222
2024-03-21,EUR,USD,0.9052451185
2024-03-22,EUR,EUR,1.0000000000
2024-03-22,EUR,GBP,1.1164427657
2024-03-22,EUR,USD,0.9072866372
2024-03-25,EUR,EUR,1.0000000000
2024-03-25,EUR,GBP,1.1159396673
2024-03-25,EUR,USD,0.9079250693
2024-03-26,EUR,EUR,1.0000000000
2024-03-26,EUR,GBP,1.1208751194
2024-03-26,EUR,USD,0.9119947327
2024-03-27,EUR,EUR,1.0000000000
2024-03-27,EUR,GBP,1.1186749790
2024-03-27,EUR,USD,0.9153895803
2024-03-28,EUR,EUR,1.0000000000
2024-03-28,EUR,GBP,1.1160342254
2024-03-28,EUR,USD,0.9145824246
2024-03-29,EUR,EUR,1.0000000000
2024-03-29,EUR,GBP,1.1184183791
2024-03-29,EUR,USD,0.9106126824
2024-04-01,EUR,EUR,1.0000000000
2024-04-01,EUR,GBP,1.1171082954
2024-04-01,EUR,USD,0.9059170770
2024-04-02,EUR,EUR,1.0000000000
2024-04-02,EUR,GBP,1.1136573168
2024-04-02,EUR,USD,0.9032942023
2024-04-03,EUR,EUR,1.0000000000
2024-04-03,EUR,GBP,1.1098722105
2024-04-03,EUR,USD,0.9052804536
2024-04-04,EUR,EUR,1.0000000000
2024-04-04,EUR,GBP,1.1143753095
2024-04-04,EUR,USD,0.8998921981
2024-04-05,EUR,EUR,1.0000000000
2024-04-05,EUR,GBP,1.1262022494
2024-04-05,EUR,USD,0.8887627736
2024-04-08,EUR,EUR,1.0000000000
2024-04-08,EUR,GBP,1.1354571332
2024-04-08,EUR,USD,0.8825193696
2024-04-09,EUR,EUR,1.0000000000
2024-04-09,EUR,GBP,1.1353717131
2024-04-09,EUR,USD,0.8845791471
2024-04-10,EUR,EUR,1.0000000000
2024-04-10,EUR,GBP,1.1367032500
2024-04-10,EUR,USD,0.8834912340
2024-04-11,EUR,EUR,1.0000000000
2024-04-11,EUR,GBP,1.1263549282
2024-04-11,EUR,USD,0.8848814372
2024-04-12,EUR,EUR,1.0000000000
2024-04-12,EUR,GBP,1.1292332209
2024-04-12,EUR,USD,0.8798102500
2024-04-15,EUR,EUR,1.0000000000
2024-04-15,EUR,GBP,1.1220600625
2024-04-15,EUR,USD,0.8825609328
2024-04-16,EUR,EUR,1.0000000000
2024-04-16,EUR,GBP,1.1199053398
2024-04-16,EUR,USD,0.8812069773
2024-04-17,EUR,EUR,1.0000000000
2024-04-17,EUR,GBP,1.1170974312
2024-04-17,EUR,USD,0.8812399542
2024-04-18,EUR,EUR,1.0000000000
2024-04-18,EUR,GBP,1.1127146787
2024-04-18,EUR,USD,0.8838522010
2024-04-19,EUR,EUR,1.0000000000
2024-04-19,EUR,GBP,1.1147686312
2024-04-19,EUR,USD,0.8797133539
2024-04-22,EUR,EUR,1.0000000000
2024-04-22,EUR,GBP,1.1172394966
2024-04-22,EUR,USD,0.8747762537
2024-04-23,EUR,EUR,1.0000000000
2024-04-23,EUR,GBP,1.1128628634
2024-04-23,EUR,USD,0.8823043389
2024-04-24,EUR,EUR,1.0000000000
2024-04-24,EUR,GBP,1.1148328849
2024-04-24,EUR,USD,0.8835643928
2024-04-25,EUR,EUR,1.0000000000
2024-04-25,EUR,GBP,1.1108946444
2024-04-25,EUR,USD,0.8830044524
2024-04-26,EUR,EUR,1.0000000000
2024-04-26,EUR,GBP,1.1148548790
2024-04-26,EUR,USD,0.8785043617
2024-04-29,EUR,EUR,1.0000000000
2024-04-29,EUR,GBP,1.1129114052
2024-04-29,EUR,USD,0.8827187103
2024-04-30,EUR,EUR,1.0000000000
2024-04-30,EUR,GBP,1.1136070720
2024-04-30,EUR,USD,0.8818982741
2024-05-01,EUR,EUR,1.0000000000
2024-05-01,EUR,GBP,1.1161953684
2024-05-01,EUR,USD,0.8790839603
2024-05-02,EUR,EUR,1.0000000000
2024-05-02,EUR,GBP,1.1232608433
2024-05-02,EUR,USD,0.8741502509
2024-05-03,EUR,EUR,1.0000000000
2024-05-03,EUR,GBP,1.1199385750
2024-05-03,EUR,USD,0.8756439308
2024-05-06,EUR,EUR,1.0000000000
2024-05-06,EUR,GBP,1.1230243120
2024-05-06,EUR,USD,0.8730821258
2024-05-07,EUR,EUR,1.0000000000
2024-05-07,EUR,GBP,1.1362109415
2024-05-07,EUR,USD,0.8591351589
2024-05-08,EUR,EUR,1.0000000000
2024-05-08,EUR,GBP,1.1313551598
2024-05-08,EUR,USD,0.8601207857
2024-05-09,EUR,EUR,1.0000000000
2024-05-09,EUR,GBP,1.1385493635
2024-05-09,EUR,USD,0.8549600655
2024-05-10,EUR,EUR,1.0000000000
2024-05-10,EUR,GBP,1.1331098862
2024-05-10,EUR,USD,0.8602074504
2024-05-13,EUR,EUR,1.0000000000
2024-05-13,EUR,GBP,1.1239946898
2024-05-13,EUR,USD,0.8653081232
2024-05-14,EUR,EUR,1.0000000000
2024-05-14,EUR,GBP,1.1245323980
2024-05-14,EUR,USD,0.8612146313
2024-05-15,EUR,EUR,1.0000000000
2024-05-15,EUR,GBP,1.1281705131
2024-05-15,EUR,USD,0.8563556515
2024-05-16,EUR,EUR,1.0000000000
2024-05-16,EUR,GBP,1.1262821286
2024-05-16,EUR,USD,0.8600314410
2024-05-17,EUR,EUR,1.0000000000
2024-05-17,EUR,GBP,1.1248323511
2024-05-17,EUR,USD,0.8620638559
2024-05-20,EUR,EUR,1.0000000000
2024-05-20,EUR,GBP,1.1234998700
2024-05-20,EUR,USD,0.8656440339
2024-05-21,EUR,EUR,1.0000000000
2024-05-21,EUR,GBP,1.1293570379
2024-05-21,EUR,USD,0.8663444302
2024-05-22,EUR,EUR,1.0000000000
2024-05-22,EUR,GBP,1.1279787149
2024-05-22,EUR,USD,0.8681548125
2024-05-23,EUR,EUR,1.0000000000
2024-05-23,EUR,GBP,1.1273309876
2024-05-23,EUR,USD,0.8707589683
2024-05-24,EUR,EUR,1.0000000000
2024-05-24,EUR,GBP,1.1307138098
2024-05-24,EUR,USD,0.8734993727
2024-05-27,EUR,EUR,1.0000000000
2024-05-27,EUR,GBP,1.1329631753
2024-05-27,EUR,USD,0.8692845763
2024-05-28,EUR,EUR,1.0000000000
2024-05-28,EUR,GBP,1.1336636739
2024-05-28,EUR,USD,0.8679197209
2024-05-29,EUR,EUR,1.0000000000
2024-05-29,EUR,GBP,1.1335495207
2024-05-29,EUR,USD,0.8681956737
2024-05-30,EUR,EUR,1.0000000000
2024-05-30,EUR,GBP,1.1310202976
2024-05-30,EUR,USD,0.8745423460
2024-05-31,EUR,EUR,1.0000000000
2024-05-31,EUR,GBP,1.1317403288
2024-05-31,EUR,USD,0.8769280250
2024-06-03,EUR,EUR,1.0000000000
2024-06-03,EUR,GBP,1.1319150624
2024-06-03,EUR,USD,0.8755923684
2024-06-04,EUR,EUR,1.0000000000
2024-06-04,EUR,GBP,1.1253062341
2024-06-04,EUR,USD,0.8763512184
2024-06-05,EUR,EUR,1.0000000000
2024-06-05,EUR,GBP,1.1286328327
2024-06-05,EUR,USD,0.8776497918
2024-06-06,EUR,EUR,1.0000000000
2024-06-06,EUR,GBP,1.1237880938
2024-06-06,EUR,USD,0.8825028096
2024-06-07,EUR,EUR,1.0000000000
2024-06-07,EUR,GBP,1.1168283631
2024-06-07,EUR,USD,0.8864526701
2024-06-10,EUR,EUR,1.0000000000
2024-06-10,EUR,GBP,1.1151494857
2024-06-10,EUR,USD,0.8910495108
2024-06-11,EUR,EUR,1.0000000000
2024-06-11,EUR,GBP,1.1108247662
2024-06-11,EUR,USD,0.8871606276
2024-06-12,EUR,EUR,1.0000000000
2024-06-12,EUR,GBP,1.1133783985
2024-06-12,EUR,USD,0.8850535931
2024-06-13,EUR,EUR,1.0000000000
2024-06-13,EUR,GBP,1.1139494384
2024-06-13,EUR,USD,0.8816566618
2024-06-14,EUR,EUR,1.0000000000
2024-06-14,EUR,GBP,1.1150961368
2024-06-14,EUR,USD,0.8807878372
2024-06-17,EUR,EUR,1.0000000000
2024-06-17,EUR,GBP,1.1133309889
2024-06-17,EUR,USD,0.8807247614
2024-06-18,EUR,EUR,1.0000000000
2024-06-18,EUR,GBP,1.1043044112
2024-06-18,EUR,USD,0.8879055774
2024-06-19,EUR,EUR,1.0000000000
2024-06-19,EUR,GBP,1.0985260745
2024-06-19,EUR,USD,0.8975385529
2024-06-20,EUR,EUR,1.0000000000
2024-06-20,EUR,GBP,1.1015385463
2024-06-20,EUR,USD,0.8931921780
2024-06-21,EUR,EUR,1.0000000000
2024-06-21,EUR,GBP,1.1105867635
2024-06-21,EUR,USD,0.8870427017
2024-06-24,EUR,EUR,1.0000000000
2024-06-24,EUR,GBP,1.1086524730
2024-06-24,EUR,USD,0.8910772245
2024-06-25,EUR,EUR,1.0000000000
2024-06-25,EUR,GBP,1.1055413439
2024-06-25,EUR,USD,0.8992599583
2024-06-26,EUR,EUR,1.0000000000
2024-06-26,EUR,GBP,1.1037716544
2024-06-26,EUR,USD,0.9044041090
2024-06-27,EUR,EUR,1.0000000000
2024-06-27,EUR,GBP,1.1089485823
2024-06-27,EUR,USD,0.9009832950
2024-06-28,EUR,EUR,1.0000000000
2024-06-28,EUR,GBP,1.1130205377
2024-06-28,EUR,USD,0.9054139510
2024-07-01,EUR,EUR,1.0000000000
2024-07-01,EUR,GBP,1.1147988489
2024-07-01,EUR,USD,0.9091167706
2024-07-02,EUR,EUR,1.0000000000
2024-07-02,EUR,GBP,1.1252614922
2024-07-02,EUR,USD,0.9004334273
2024-07-03,EUR,EUR,1.0000000000
2024-07-03,EUR,GBP,1.1370595398
2024-07-03,EUR,USD,0.8915182636
2024-07-04,EUR,EUR,1.0000000000
2024-07-04,EUR,GBP,1.1435618814
2024-07-04,EUR,USD,0.8869274712
2024-07-05,EUR,EUR,1.0000000000
2024-07-05,EUR,GBP,1.1429059364
2024-07-05,EUR,USD,0.8825544260
2024-07-08,EUR,EUR,1.0000000000
2024-07-08,EUR,GBP,1.1490183989
2024-07-08,EUR,USD,0.8747781935
2024-07-09,EUR,EUR,1.0000000000
2024-07-09,EUR,GBP,1.1505925432
2024-07-09,EUR,USD,0.8640747342
2024-07-10,EUR,EUR,1.0000000000
2024-07-10,EUR,GBP,1.1544960553
2024-07-10,EUR,USD,0.8588768428
2024-07-11,EUR,EUR,1.0000000000
2024-07-11,EUR,GBP,1.1561444787
2024-07-11,EUR,USD,0.8650292125
2024-07-12,EUR,EUR,1.0000000000
2024-07-12,EUR,GBP,1.1565187082
2024-07-12,EUR,USD,0.8665445357
2024-07-15,EUR,EUR,1.0000000000
2024-07-15,EUR,GBP,1.1529368494
2024-07-15,EUR,USD,0.8699156555
2024-07-16,EUR,EUR,1.0000000000
2024-07-16,EUR,GBP,1.1572602258
2024-07-16,EUR,USD,0.8676684770
2024-07-17,EUR,EUR,1.0000000000
2024-07-17,EUR,GBP,1.1628610739
2024-07-17,EUR,USD,0.8616685850
2024-07-18,EUR,EUR,1.0000000000
2024-07-18,EUR,GBP,1.1603950406
2024-07-18,EUR,USD,0.8696422269
2024-07-19,EUR,EUR,1.0000000000
2024-07-19,EUR,GBP,1.1602693083
2024-07-19,EUR,USD,0.8692891386
2024-07-22,EUR,EUR,1.0000000000
2024-07-22,EUR,GBP,1.1507345841
2024-07-22,EUR,USD,0.8768230565
2024-07-23,EUR,EUR,1.0000000000
2024-07-23,EUR,GBP,1.1565113793
2024-07-23,EUR,USD,0.8748186012
2024-07-24,EUR,EUR,1.0000000000
2024-07-24,EUR,GBP,1.1499313331
2024-07-24,EUR,USD,0.8800734614
2024-07-25,EUR,EUR,1.0000000000
2024-07-25,EUR,GBP,1.1520511687
2024-07-25,EUR,USD,0.8773002589
2024-07-26,EUR,EUR,1.0000000000
2024-07-26,EUR,GBP,1.1482071238
2024-07-26,EUR,USD,0.8772550600
2024-07-29,EUR,EUR,1.0000000000
2024-07-29,EUR,GBP,1.1469562800
2024-07-29,EUR,USD,0.8751212783
2024-07-30,EUR,EUR,1.0000000000
2024-07-30,EUR,GBP,1.1555918510
2024-07-30,EUR,USD,0.8679519470
2024-07-31,EUR,EUR,1.0000000000
2024-07-31,EUR,GBP,1.1665649911
2024-07-31,EUR,USD,0.8638570611
2024-08-01,EUR,EUR,1.0000000000
2024-08-01,EUR,GBP,1.1585187643
2024-08-01,EUR,USD,0.8625233436
2024-08-02,EUR,EUR,1.0000000000
2024-08-02,EUR,GBP,1.1588732449
2024-08-02,EUR,USD,0.8658251923
2024-08-05,EUR,EUR,1.0000000000
2024-08-05,EUR,GBP,1.1562785475
2024-08-05,EUR,USD,0.8737868578
2024-08-06,EUR,EUR,1.0000000000
2024-08-06,EUR,GBP,1.1549870660
2024-08-06,EUR,USD,0.8787247335
2024-08-07,EUR,EUR,1.0000000000
2024-08-07,EUR,GBP,1.1562126118
2024-08-07,EUR,USD,0.8855835395
2024-08-08,EUR,EUR,1.0000000000
2024-08-08,EUR,GBP,1.1508645516
2024-08-08,EUR,USD,0.8919724296
2024-08-09,EUR,EUR,1.0000000000
2024-08-09,EUR,GBP,1.1462270786
2024-08-09,EUR,USD,0.8913858396
2024-08-12,EUR,EUR,1.0000000000
2024-08-12,EUR,GBP,1.1542267759
2024-08-12,EUR,USD,0.8856089108
2024-08-13,EUR,EUR,1.0000000000
2024-08-13,EUR,GBP,1.1547632343
2024-08-13,EUR,USD,0.8911376238
2024-08-14,EUR,EUR,1.0000000000
2024-08-14,EUR,GBP,1.1604753933
2024-08-14,EUR,USD,0.8931580789
2024-08-15,EUR,EUR,1.0000000000
2024-08-15,EUR,GBP,1.1567622604
2024-08-15,EUR,USD,0.8973189018
2024-08-16,EUR,EUR,1.0000000000
2024-08-16,EUR,GBP,1.1640875568
2024-08-16,EUR,USD,0.8942014566
2024-08-19,EUR,EUR,1.0000000000
2024-08-19,EUR,GBP,1.1590925316
2024-08-19,EUR,USD,0.8921236373
2024-08-20,EUR,EUR,1.0000000000
2024-08-20,EUR,GBP,1.1538152804
2024-08-20,EUR,USD,0.8905282368
2024-08-21,EUR,EUR,1.0000000000
2024-08-21,EUR,GBP,1.1476069166
2024-08-21,EUR,USD,0.8932247541
2024-08-22,EUR,EUR,1.0000000000
2024-08-22,EUR,GBP,1.1426468329
2024-08-22,EUR,USD,0.8967064636
2024-08-23,EUR,EUR,1.0000000000
2024-08-23,EUR,GBP,1.1432954715
2024-08-23,EUR,USD,0.8916456387
2024-08-26,EUR,EUR,1.0000000000
2024-08-26,EUR,GBP,1.1428279232
2024-08-26,EUR,USD,0.8874015581
2024-08-27,EUR,EUR,1.0000000000
2024-08-27,EUR,GBP,1.1504295002
2024-08-27,EUR,USD,0.8836646089
2024-08-28,EUR,EUR,1.0000000000
2024-08-28,EUR,GBP,1.1555148166
2024-08-28,EUR,USD,0.8794695823
2024-08-29,EUR,EUR,1.0000000000
2024-08-29,EUR,GBP,1.1578726680
2024-08-29,EUR,USD,0.8787522721
2024-08-30,EUR,EUR,1.0000000000
2024-08-30,EUR,GBP,1.1559556400
2024-08-30,EUR,USD,0.8809246450
2024-09-02,EUR,EUR,1.0000000000
2024-09-02,EUR,GBP,1.1497633987
2024-09-02,EUR,USD,0.8817689074
2024-09-03,EUR,EUR,1.0000000000
2024-09-03,EUR,GBP,1.1414305643
2024-09-03,EUR,USD,0.8846527104
2024-09-04,EUR,EUR,1.0000000000
2024-09-04,EUR,GBP,1.1417731108
2024-09-04,EUR,USD,0.8834536953
2024-09-05,EUR,EUR,1.0000000000
2024-09-05,EUR,GBP,1.1390600017
2024-09-05,EUR,USD,0.8879082801
2024-09-06,EUR,EUR,1.0000000000
2024-09-06,EUR,GBP,1.1246910356
2024-09-06,EUR,USD,0.8938502938
2024-09-09,EUR,EUR,1.0000000000
2024-09-09,EUR,GBP,1.1219883209
2024-09-09,EUR,USD,0.8984493607
2024-09-10,EUR,EUR,1.0000000000
2024-09-10,EUR,GBP,1.1201535649
2024-09-10,EUR,USD,0.9056439714
2024-09-11,EUR,EUR,1.0000000000
2024-09-11,EUR,GBP,1.1143701637
2024-09-11,EUR,USD,0.9053399107
2024-09-12,EUR,EUR,1.0000000000
2024-09-12,EUR,GBP,1.1220980884
2024-09-12,EUR,USD,0.8971842051
2024-09-13,EUR,EUR,1.0000000000
2024-09-13,EUR,GBP,1.1114867328
2024-09-13,EUR,USD,0.9064930032
2024-09-16,EUR,EUR,1.0000000000
2024-09-16,EUR,GBP,1.1072152255
2024-09-16,EUR,USD,0.9079858056
2024-09-17,EUR,EUR,1.0000000000
2024-09-17,EUR,GBP,1.1034858625
2024-09-17,EUR,USD,0.9106116803
2024-09-18,EUR,EUR,1.0000000000
2024-09-18,EUR,GBP,1.0998767191
2024-09-18,EUR,USD,0.9142668256
2024-09-19,EUR,EUR,1.0000000000
2024-09-19,EUR,GBP,1.1038633605
2024-09-19,EUR,USD,0.9185221092
2024-09-20,EUR,EUR,1.0000000000
2024-09-20,EUR,GBP,1.1101665549
2024-09-20,EUR,USD,0.9110076215
2024-09-23,EUR,EUR,1.0000000000
2024-09-23,EUR,GBP,1.1156011703
2024-09-23,EUR,USD,0.9112653189
2024-09-24,EUR,EUR,1.0000000000
2024-09-24,EUR,GBP,1.1165511939
2024-09-24,EUR,USD,0.9101881436
2024-09-25,EUR,EUR,1.0000000000
2024-09-25,EUR,GBP,1.1096608812
2024-09-25,EUR,USD,0.9113090631
2024-09-26,EUR,EUR,1.0000000000
2024-09-26,EUR,GBP,1.1000673633
2024-09-26,EUR,USD,0.9168401593
2024-09-27,EUR,EUR,1.0000000000
2024-09-27,EUR,GBP,1.0933252483
2024-09-27,EUR,USD,0.9163487671
2024-09-30,EUR,EUR,1.0000000000
2024-09-30,EUR,GBP,1.0945375811
2024-09-30,EUR,USD,0.9130617462
2024-10-01,EUR,EUR,1.0000000000
2024-10-01,EUR,GBP,1.0908770737
2024-10-01,EUR,USD,0.9098613230
2024-10-02,EUR,EUR,1.0000000000
2024-10-02,EUR,GBP,1.0957964564
2024-10-02,EUR,USD,0.9111687722
2024-10-03,EUR,EUR,1.0000000000
2024-10-03,EUR,GBP,1.0883236893
2024-10-03,EUR,USD,0.9119843828
2024-10-04,EUR,EUR,1.0000000000
2024-10-04,EUR,GBP,1.0942552511
2024-10-04,EUR,USD,0.9098585353
2024-10-07,EUR,EUR,1.0000000000
2024-10-07,EUR,GBP,1.0898068280
2024-10-07,EUR,USD,0.9058548013
2024-10-08,EUR,EUR,1.0000000000
2024-10-08,EUR,GBP,1.0909883042
2024-10-08,EUR,USD,0.9095939472
2024-10-09,EUR,EUR,1.0000000000
2024-10-09,EUR,GBP,1.0876265726
2024-10-09,EUR,USD,0.9098742307
2024-10-10,EUR,EUR,1.0000000000
2024-10-10,EUR,GBP,1.0890838343
2024-10-10,EUR,USD,0.9034362273
2024-10-11,EUR,EUR,1.0000000000
2024-10-11,EUR,GBP,1.0962765711
2024-10-11,EUR,USD,0.8933099605
2024-10-14,EUR,EUR,1.0000000000
2024-10-14,EUR,GBP,1.0930851207
2024-10-14,EUR,USD,0.8972662371
2024-10-15,EUR,EUR,1.0000000000
2024-10-15,EUR,GBP,1.0934126325
2024-10-15,EUR,USD,0.8854216037
2024-10-16,EUR,EUR,1.0000000000
2024-10-16,EUR,GBP,1.0915540108
2024-10-16,EUR,USD,0.8790930959
2024-10-17,EUR,EUR,1.0000000000
2024-10-17,EUR,GBP,1.0925881865
2024-10-17,EUR,USD,0.8833563436
2024-10-18,EUR,EUR,1.0000000000
2024-10-18,EUR,GBP,1.0868627877
2024-10-18,EUR,USD,0.8881145326
2024-10-21,EUR,EUR,1.0000000000
2024-10-21,EUR,GBP,1.0801446754
2024-10-21,EUR,USD,0.8926749390
2024-10-22,EUR,EUR,1.0000000000
2024-10-22,EUR,GBP,1.0735686170
2024-10-22,EUR,USD,0.8968919494
2024-10-23,EUR,EUR,1.0000000000
2024-10-23,EUR,GBP,1.0724724378
2024-10-23,EUR,USD,0.8925638799
2024-10-24,EUR,EUR,1.0000000000
2024-10-24,EUR,GBP,1.0671100660
2024-10-24,EUR,USD,0.8944301019
2024-10-25,EUR,EUR,1.0000000000
2024-10-25,EUR,GBP,1.0689365111
2024-10-25,EUR,USD,0.8917451093
2024-10-28,EUR,EUR,1.0000000000
2024-10-28,EUR,GBP,1.0668679535
2024-10-28,EUR,USD,0.8999297215
2024-10-29,EUR,EUR,1.0000000000
2024-10-29,EUR,GBP,1.0723339658
2024-10-29,EUR,USD,0.9036932184
2024-10-30,EUR,EUR,1.0000000000
2024-10-30,EUR,GBP,1.0800413897
2024-10-30,EUR,USD,0.8906008356
2024-10-31,EUR,EUR,1.0000000000
2024-10-31,EUR,GBP,1.0796439672
2024-10-31,EUR,USD,0.8871405877
2024-11-01,EUR,EUR,1.0000000000
2024-11-01,EUR,GBP,1.0887916752
2024-11-01,EUR,USD,0.8774729158
2024-11-04,EUR,EUR,1.0000000000
2024-11-04,EUR,GBP,1.0894408566
2024-11-04,EUR,USD,0.8734151104
2024-11-05,EUR,EUR,1.0000000000
2024-11-05,EUR,GBP,1.0843720751
2024-11-05,EUR,USD,0.8755565120
2024-11-06,EUR,EUR,1.0000000000
2024-11-06,EUR,GBP,1.0882051429
2024-11-06,EUR,USD,0.8701246900
2024-11-07,EUR,EUR,1.0000000000
2024-11-07,EUR,GBP,1.0923189169
2024-11-07,EUR,USD,0.8576148875
2024-11-08,EUR,EUR,1.0000000000
2024-11-08,EUR,GBP,1.0833850092
2024-11-08,EUR,USD,0.8631484185
2024-11-11,EUR,EUR,1.0000000000
2024-11-11,EUR,GBP,1.0788462080
2024-11-11,EUR,USD,0.8734932861
2024-11-12,EUR,EUR,1.0000000000
2024-11-12,EUR,GBP,1.0858408390
2024-11-12,EUR,USD,0.8743103129
2024-11-13,EUR,EUR,1.0000000000
2024-11-13,EUR,GBP,1.0869248919
2024-11-13,EUR,USD,0.8783421063
2024-11-14,EUR,EUR,1.0000000000
2024-11-14,EUR,GBP,1.0829469788
2024-11-14,EUR,USD,0.8761852650
2024-11-15,EUR,EUR,1.0000000000
2024-11-15,EUR,GBP,1.0806595310
2024-11-15,EUR,USD,0.8786096276
2024-11-18,EUR,EUR,1.0000000000
2024-11-18,EUR,GBP,1.0922022119
2024-11-18,EUR,USD,0.8771107446
2024-11-19,EUR,EUR,1.0000000000
2024-11-19,EUR,GBP,1.0992972273
2024-11-19,EUR,USD,0.8672035082
2024-11-20,EUR,EUR,1.0000000000
2024-11-20,EUR,GBP,1.0920697356
2024-11-20,EUR,USD,0.8702242196
2024-11-21,EUR,EUR,1.0000000000
2024-11-21,EUR,GBP,1.0932380992
2024-11-21,EUR,USD,0.8696620094
2024-11-22,EUR,EUR,1.0000000000
2024-11-22,EUR,GBP,1.0940631154
2024-11-22,EUR,USD,0.8736029920
2024-11-25,EUR,EUR,1.0000000000
2024-11-25,EUR,GBP,1.0844893618
2024-11-25,EUR,USD,0.8777092823
2024-11-26,EUR,EUR,1.0000000000
2024-11-26,EUR,GBP,1.0837529396
2024-11-26,EUR,USD,0.8695561343
2024-11-27,EUR,EUR,1.0000000000
2024-11-27,EUR,GBP,1.0793897163
2024-11-27,EUR,USD,0.8686416411
2024-11-28,EUR,EUR,1.0000000000
2024-11-28,EUR,GBP,1.0753598154
2024-11-28,EUR,USD,0.8704945537
2024-11-29,EUR,EUR,1.0000000000
2024-11-29,EUR,GBP,1.0776487182
2024-11-29,EUR,USD,0.8737363164
2024-12-02,EUR,EUR,1.0000000000
2024-12-02,EUR,GBP,1.0806849871
2024-12-02,EUR,USD,0.8794213170
2024-12-03,EUR,EUR,1.0000000000
2024-12-03,EUR,GBP,1.0763365031
2024-12-03,EUR,USD,0.8783816116
2024-12-04,EUR,EUR,1.0000000000
2024-12-04,EUR,GBP,1.0739431591
2024-12-04,EUR,USD,0.8892749481
2024-12-05,EUR,EUR,1.0000000000
2024-12-05,EUR,GBP,1.0694083348
2024-12-05,EUR,USD,0.8955243432
2024-12-06,EUR,EUR,1.0000000000
2024-12-06,EUR,GBP,1.0642005405
2024-12-06,EUR,USD,0.8974030175
2024-12-09,EUR,EUR,1.0000000000
2024-12-09,EUR,GBP,1.0666324323
2024-12-09,EUR,USD,0.9055570454
2024-12-10,EUR,EUR,1.0000000000
2024-12-10,EUR,GBP,1.0681857345
2024-12-10,EUR,USD,0.9028532491
2024-12-11,EUR,EUR,1.0000000000
2024-12-11,EUR,GBP,1.0711040149
2024-12-11,EUR,USD,0.8956087897
2024-12-12,EUR,EUR,1.0000000000
2024-12-12,EUR,GBP,1.0737069084
2024-12-12,EUR,USD,0.9016510382
2024-12-13,EUR,EUR,1.0000000000
2024-12-13,EUR,GBP,1.0750413748
2024-12-13,EUR,USD,0.9044194937
2024-12-16,EUR,EUR,1.0000000000
2024-12-16,EUR,GBP,1.0813112707
2024-12-16,EUR,USD,0.8963392112
2024-12-17,EUR,EUR,1.0000000000
2024-12-17,EUR,GBP,1.0820299819
2024-12-17,EUR,USD,0.8919479210
2024-12-18,EUR,EUR,1.0000000000
2024-12-18,EUR,GBP,1.0834332064
2024-12-18,EUR,USD,0.8896161139
2024-12-19,EUR,EUR,1.0000000000
2024-12-19,EUR,GBP,1.0779628847
2024-12-19,EUR,USD,0.8928599923
2024-12-20,EUR,EUR,1.0000000000
2024-12-20,EUR,GBP,1.0792564247
2024-12-20,EUR,USD,0.8928142515
2024-12-23,EUR,EUR,1.0000000000
2024-12-23,EUR,GBP,1.0758106165
2024-12-23,EUR,USD,0.8867933350
2024-12-24,EUR,EUR,1.0000000000
2024-12-24,EUR,GBP,1.0731263479
2024-12-24,EUR,USD,0.8882449677
2024-12-25,EUR,EUR,1.0000000000
2024-12-25,EUR,GBP,1.0780929931
2024-12-25,EUR,USD,0.8838240853
2024-12-26,EUR,EUR,1.0000000000
2024-12-26,EUR,GBP,1.0749988721
2024-12-26,EUR,USD,0.8800522192
2024-12-27,EUR,EUR,1.0000000000
2024-12-27,EUR,GBP,1.0703563725
2024-12-27,EUR,USD,0.8866596551
2024-12-30,EUR,EUR,1.0000000000
2024-12-30,EUR,GBP,1.0729789374
2024-12-30,EUR,USD,0.8843572206
2024-12-31,EUR,EUR,1.0000000000
2024-12-31,EUR,GBP,1.0794951573
2024-12-31,EUR,USD,0.8806679346
2025-01-01,EUR,EUR,1.0000000000
2025-01-01,EUR,GBP,1.0761224276
2025-01-01,EUR,USD,0.8837657568
2025-01-02,EUR,EUR,1.0000000000
2025-01-02,EUR,GBP,1.0701940924
2025-01-02,EUR,USD,0.8881537080
2025-01-03,EUR,EUR,1.0000000000
2025-01-03,EUR,GBP,1.0724921768
2025-01-03,EUR,USD,0.8881191230
2025-01-06,EUR,EUR,1.0000000000
2025-01-06,EUR,GBP,1.0856872440
2025-01-06,EUR,USD,0.8764118606
2025-01-07,EUR,EUR,1.0000000000
2025-01-07,EUR,GBP,1.0899819327
2025-01-07,EUR,USD,0.8737592035
2025-01-08,EUR,EUR,1.0000000000
2025-01-08,EUR,GBP,1.0892032701
2025-01-08,EUR,USD,0.8757674120
2025-01-09,EUR,EUR,1.0000000000
2025-01-09,EUR,GBP,1.0924022798
2025-01-09,EUR,USD,0.8764029492
2025-01-10,EUR,EUR,1.0000000000
2025-01-10,EUR,GBP,1.0952229337
2025-01-10,EUR,USD,0.8764373744
2025-01-13,EUR,EUR,1.0000000000
2025-01-13,EUR,GBP,1.0937357327
2025-01-13,EUR,USD,0.8734078205
2025-01-14,EUR,EUR,1.0000000000
2025-01-14,EUR,GBP,1.0976937988
2025-01-14,EUR,USD,0.8642505267
2025-01-15,EUR,EUR,1.0000000000
2025-01-15,EUR,GBP,1.1008428435
2025-01-15,EUR,USD,0.8676766695
2025-01-16,EUR,EUR,1.0000000000
2025-01-16,EUR,GBP,1.1115774548
2025-01-16,EUR,USD,0.8619320972
2025-01-17,EUR,EUR,1.0000000000
2025-01-17,EUR,GBP,1.1102773598
2025-01-17,EUR,USD,0.8624782546
2025-01-20,EUR,EUR,1.0000000000
2025-01-20,EUR,GBP,1.1152039292
2025-01-20,EUR,USD,0.8580204817
2025-01-21,EUR,EUR,1.0000000000
2025-01-21,EUR,GBP,1.1200560337
2025-01-21,EUR,USD,0.8567842534
2025-01-22,EUR,EUR,1.0000000000
2025-01-22,EUR,GBP,1.1171507067
2025-01-22,EUR,USD,0.8602792514
2025-01-23,EUR,EUR,1.0000000000
2025-01-23,EUR,GBP,1.1199151584
2025-01-23,EUR,USD,0.8599394248
2025-01-24,EUR,EUR,1.0000000000
2025-01-24,EUR,GBP,1.1235686546
2025-01-24,EUR,USD,0.8614491430
2025-01-27,EUR,EUR,1.0000000000
2025-01-27,EUR,GBP,1.1257509853
2025-01-27,EUR,USD,0.8589635161
2025-01-28,EUR,EUR,1.0000000000
2025-01-28,EUR,GBP,1.1245100948
2025-01-28,EUR,USD,0.8608029621
2025-01-29,EUR,EUR,1.0000000000
2025-01-29,EUR,GBP,1.1306646365
2025-01-29,EUR,USD,0.8520934812
2025-01-30,EUR,EUR,1.0000000000
2025-01-30,EUR,GBP,1.1324691027
2025-01-30,EUR,USD,0.8479032266
2025-01-31,EUR,EUR,1.0000000000
2025-01-31,EUR,GBP,1.1456571429
2025-01-31,EUR,USD,0.8376391489
2025-02-03,EUR,EUR,1.0000000000
2025-02-03,EUR,GBP,1.1432876479
2025-02-03,EUR,USD,0.8394247055
2025-02-04,EUR,EUR,1.0000000000
2025-02-04,EUR,GBP,1.1385678928
2025-02-04,EUR,USD,0.8431196638
2025-02-05,EUR,EUR,1.0000000000
2025-02-05,EUR,GBP,1.1362897045
2025-02-05,EUR,USD,0.8484826996
2025-02-06,EUR,EUR,1.0000000000
2025-02-06,EUR,GBP,1.1395784280
2025-02-06,EUR,USD,0.8475058038
2025-02-07,EUR,EUR,1.0000000000
2025-02-07,EUR,GBP,1.1380660261
2025-02-07,EUR,USD,0.8474976696
2025-02-10,EUR,EUR,1.0000000000
2025-02-10,EUR,GBP,1.1376291995
2025-02-10,EUR,USD,0.8457978312
2025-02-11,EUR,EUR,1.0000000000
2025-02-11,EUR,GBP,1.1349156960
2025-02-11,EUR,USD,0.8456263997
2025-02-12,EUR,EUR,1.0000000000
2025-02-12,EUR,GBP,1.1400853516
2025-02-12,EUR,USD,0.8445624975
2025-02-13,EUR,EUR,1.0000000000
2025-02-13,EUR,GBP,1.1440051791
2025-02-13,EUR,USD,0.8469774462
2025-02-14,EUR,EUR,1.0000000000
2025-02-14,EUR,GBP,1.1427242584
2025-02-14,EUR,USD,0.8457789644
2025-02-17,EUR,EUR,1.0000000000
2025-02-17,EUR,GBP,1.1478637547
2025-02-17,EUR,USD,0.8431402987
2025-02-18,EUR,EUR,1.0000000000
2025-02-18,EUR,GBP,1.1416650731
2025-02-18,EUR,USD,0.8424283418
2025-02-19,EUR,EUR,1.0000000000
2025-02-19,EUR,GBP,1.1496289864
2025-02-19,EUR,USD,0.8441814534
2025-02-20,EUR,EUR,1.0000000000
2025-02-20,EUR,GBP,1.1470577576
2025-02-20,EUR,USD,0.8433269568
2025-02-21,EUR,EUR,1.0000000000
2025-02-21,EUR,GBP,1.1411239536
2025-02-21,EUR,USD,0.8495887835
2025-02-24,EUR,EUR,1.0000000000
2025-02-24,EUR,GBP,1.1419438861
2025-02-24,EUR,USD,0.8510404737
2025-02-25,EUR,EUR,1.0000000000
2025-02-25,EUR,GBP,1.1444296344
2025-02-25,EUR,USD,0.8569381027
2025-02-26,EUR,EUR,1.0000000000
2025-02-26,EUR,GBP,1.1337154610
2025-02-26,EUR,USD,0.8600623613
2025-02-27,EUR,EUR,1.0000000000
2025-02-27,EUR,GBP,1.1319769064
2025-02-27,EUR,USD,0.8564264378
2025-02-28,EUR,EUR,1.0000000000
2025-02-28,EUR,GBP,1.1354216721
2025-02-28,EUR,USD,0.8553800257
2025-03-03,EUR,EUR,1.0000000000
2025-03-03,EUR,GBP,1.1436608688
2025-03-03,EUR,USD,0.8477221294
2025-03-04,EUR,EUR,1.0000000000
2025-03-04,EUR,GBP,1.1427603129
2025-03-04,EUR,USD,0.8494169314
2025-03-05,EUR,EUR,1.0000000000
2025-03-05,EUR,GBP,1.1413378205
2025-03-05,EUR,USD,0.8443439551
2025-03-06,EUR,EUR,1.0000000000
2025-03-06,EUR,GBP,1.1376677354
2025-03-06,EUR,USD,0.8490295980
2025-03-07,EUR,EUR,1.0000000000
2025-03-07,EUR,GBP,1.1335984340
2025-03-07,EUR,USD,0.8480452194
2025-03-10,EUR,EUR,1.0000000000
2025-03-10,EUR,GBP,1.1375340448
2025-03-10,EUR,USD,0.8442243089
2025-03-11,EUR,EUR,1.0000000000
2025-03-11,EUR,GBP,1.1417627955
2025-03-11,EUR,USD,0.8392339009
2025-03-12,EUR,EUR,1.0000000000
2025-03-12,EUR,GBP,1.1499796457
2025-03-12,EUR,USD,0.8331746190
2025-03-13,EUR,EUR,1.0000000000
2025-03-13,EUR,GBP,1.1485367065
2025-03-13,EUR,USD,0.8299095940
2025-03-14,EUR,EUR,1.0000000000
2025-03-14,EUR,GBP,1.1507735358
2025-03-14,EUR,USD,0.8263502676
2025-03-17,EUR,EUR,1.0000000000
2025-03-17,EUR,GBP,1.1441173172
2025-03-17,EUR,USD,0.8337913675
2025-03-18,EUR,EUR,1.0000000000
2025-03-18,EUR,GBP,1.1450183206
2025-03-18,EUR,USD,0.8267050607
2025-03-19,EUR,EUR,1.0000000000
2025-03-19,EUR,GBP,1.1465527942
2025-03-19,EUR,USD,0.8218070896
2025-03-20,EUR,EUR,1.0000000000
2025-03-20,EUR,GBP,1.1385601147
2025-03-20,EUR,USD,0.8219768676
2025-03-21,EUR,EUR,1.0000000000
2025-03-21,EUR,GBP,1.1412687476
2025-03-21,EUR,USD,0.8178453754
2025-03-24,EUR,EUR,1.0000000000
2025-03-24,EUR,GBP,1.1363656726
2025-03-24,EUR,USD,0.8182272180
2025-03-25,EUR,EUR,1.0000000000
2025-03-25,EUR,GBP,1.1250294756
2025-03-25,EUR,USD,0.8228425437
2025-03-26,EUR,EUR,1.0000000000
2025-03-26,EUR,GBP,1.1195164598
2025-03-26,EUR,USD,0.8244789774
2025-03-27,EUR,EUR,1.0000000000
2025-03-27,EUR,GBP,1.1151902072
2025-03-27,EUR,USD,0.8247733243
2025-03-28,EUR,EUR,1.0000000000
2025-03-28,EUR,GBP,1.1111613901
2025-03-28,EUR,USD,0.8276243389
2025-03-31,EUR,EUR,1.0000000000
2025-03-31,EUR,GBP,1.1073809341
2025-03-31,EUR,USD,0.8298071514
2025-04-01,EUR,EUR,1.0000000000
2025-04-01,EUR,GBP,1.0981650921
2025-04-01,EUR,USD,0.8307546966
2025-04-02,EUR,EUR,1.0000000000
2025-04-02,EUR,GBP,1.0942639404
2025-04-02,EUR,USD,0.8340274061
2025-04-03,EUR,EUR,1.0000000000
2025-04-03,EUR,GBP,1.0886302100
2025-04-03,EUR,USD,0.8386204849
2025-04-04,EUR,EUR,1.0000000000
2025-04-04,EUR,GBP,1.0839721862
2025-04-04,EUR,USD,0.8420420236
2025-04-07,EUR,EUR,1.0000000000
2025-04-07,EUR,GBP,1.0892241899
2025-04-07,EUR,USD,0.8433271080
2025-04-08,EUR,EUR,1.0000000000
2025-04-08,EUR,GBP,1.0932953526
2025-04-08,EUR,USD,0.8415462786
2025-04-09,EUR,EUR,1.0000000000
2025-04-09,EUR,GBP,1.0894759288
2025-04-09,EUR,USD,0.8390738162
2025-04-10,EUR,EUR,1.0000000000
2025-04-10,EUR,GBP,1.0837773193
2025-04-10,EUR,USD,0.8388010005
2025-04-11,EUR,EUR,1.0000000000
2025-04-11,EUR,GBP,1.0872771661
2025-04-11,EUR,USD,0.8390846370
2025-04-14,EUR,EUR,1.0000000000
2025-04-14,EUR,GBP,1.0861992019
2025-04-14,EUR,USD,0.8396889342
2025-04-15,EUR,EUR,1.0000000000
2025-04-15,EUR,GBP,1.0867312218
2025-04-15,EUR,USD,0.8436581402
2025-04-16,EUR,EUR,1.0000000000
2025-04-16,EUR,GBP,1.0903813969
2025-04-16,EUR,USD,0.8442084233
2025-04-17,EUR,EUR,1.0000000000
2025-04-17,EUR,GBP,1.0859634247
2025-04-17,EUR,USD,0.8485484535
2025-04-18,EUR,EUR,1.0000000000
2025-04-18,EUR,GBP,1.0918453454
2025-04-18,EUR,USD,0.8443639618
2025-04-21,EUR,EUR,1.0000000000
2025-04-21,EUR,GBP,1.0899803082
2025-04-21,EUR,USD,0.8445918972
2025-04-22,EUR,EUR,1.0000000000
2025-04-22,EUR,GBP,1.0862574873
2025-04-22,EUR,USD,0.8514345861
2025-04-23,EUR,EUR,1.0000000000
2025-04-23,EUR,GBP,1.0844796852
2025-04-23,EUR,USD,0.8556804586
2025-04-24,EUR,EUR,1.0000000000
2025-04-24,EUR,GBP,1.0816913476
2025-04-24,EUR,USD,0.8585497800
2025-04-25,EUR,EUR,1.0000000000
2025-04-25,EUR,GBP,1.0912354023
2025-04-25,EUR,USD,0.8550348502
2025-04-28,EUR,EUR,1.0000000000
2025-04-28,EUR,GBP,1.0893053697
2025-04-28,EUR,USD,0.8520207175
2025-04-29,EUR,EUR,1.0000000000
2025-04-29,EUR,GBP,1.0905000888
2025-04-29,EUR,USD,0.8546046228
2025-04-30,EUR,EUR,1.0000000000
2025-04-30,EUR,GBP,1.0783242866
2025-04-30,EUR,USD,0.8600848602
2025-05-01,EUR,EUR,1.0000000000
2025-05-01,EUR,GBP,1.0812661462
2025-05-01,EUR,USD,0.8640614240
2025-05-02,EUR,EUR,1.0000000000
2025-05-02,EUR,GBP,1.0736330510
2025-05-02,EUR,USD,0.8660424648
2025-05-05,EUR,EUR,1.0000000000
2025-05-05,EUR,GBP,1.0733266472
2025-05-05,EUR,USD,0.8758738135
2025-05-06,EUR,EUR,1.0000000000
2025-05-06,EUR,GBP,1.0675939576
2025-05-06,EUR,USD,0.8757826845
2025-05-07,EUR,EUR,1.0000000000
2025-05-07,EUR,GBP,1.0719800174
2025-05-07,EUR,USD,0.8769990310
2025-05-08,EUR,EUR,1.0000000000
2025-05-08,EUR,GBP,1.0675089483
2025-05-08,EUR,USD,0.8850051249
2025-05-09,EUR,EUR,1.0000000000
2025-05-09,EUR,GBP,1.0726742807
2025-05-09,EUR,USD,0.8840912068
2025-05-12,EUR,EUR,1.0000000000
2025-05-12,EUR,GBP,1.0777291094
2025-05-12,EUR,USD,0.8809253795
2025-05-13,EUR,EUR,1.0000000000
2025-05-13,EUR,GBP,1.0681838412
2025-05-13,EUR,USD,0.8861268966
2025-05-14,EUR,EUR,1.0000000000
2025-05-14,EUR,GBP,1.0629630797
2025-05-14,EUR,USD,0.8898920130
2025-05-15,EUR,EUR,1.0000000000
2025-05-15,EUR,GBP,1.0652469280
2025-05-15,EUR,USD,0.8937381671
2025-05-16,EUR,EUR,1.0000000000
2025-05-16,EUR,GBP,1.0618011180
2025-05-16,EUR,USD,0.8963743050
2025-05-19,EUR,EUR,1.0000000000
2025-05-19,EUR,GBP,1.0720046662
2025-05-19,EUR,USD,0.8883051401
2025-05-20,EUR,EUR,1.0000000000
2025-05-20,EUR,GBP,1.0740137431
2025-05-20,EUR,USD,0.8869720865
2025-05-21,EUR,EUR,1.0000000000
2025-05-21,EUR,GBP,1.0774402963
2025-05-21,EUR,USD,0.8808530226
2025-05-22,EUR,EUR,1.0000000000
2025-05-22,EUR,GBP,1.0792774273
2025-05-22,EUR,USD,0.8792140294
2025-05-23,EUR,EUR,1.0000000000
2025-05-23,EUR,GBP,1.0775602573
2025-05-23,EUR,USD,0.8746952040
2025-05-26,EUR,EUR,1.0000000000
2025-05-26,EUR,GBP,1.0779551494
2025-05-26,EUR,USD,0.8750313421
2025-05-27,EUR,EUR,1.0000000000
2025-05-27,EUR,GBP,1.0741020802
2025-05-27,EUR,USD,0.8755954376
2025-05-28,EUR,EUR,1.0000000000
2025-05-28,EUR,GBP,1.0710908623
2025-05-28,EUR,USD,0.8753805873
2025-05-29,EUR,EUR,1.0000000000
2025-05-29,EUR,GBP,1.0756955884
2025-05-29,EUR,USD,0.8689209313
2025-05-30,EUR,EUR,1.0000000000
2025-05-30,EUR,GBP,1.0820323887
2025-05-30,EUR,USD,0.8660649209
2025-06-02,EUR,EUR,1.0000000000
2025-06-02,EUR,GBP,1.0774629269
2025-06-02,EUR,USD,0.8679096932
2025-06-03,EUR,EUR,1.0000000000
2025-06-03,EUR,GBP,1.0729165166
2025-06-03,EUR,USD,0.8749125718
2025-06-04,EUR,EUR,1.0000000000
2025-06-04,EUR,GBP,1.0756838465
2025-06-04,EUR,USD,0.8655623262
2025-06-05,EUR,EUR,1.0000000000
2025-06-05,EUR,GBP,1.0811443008
2025-06-05,EUR,USD,0.8625869815
2025-06-06,EUR,EUR,1.0000000000
2025-06-06,EUR,GBP,1.0816530165
2025-06-06,EUR,USD,0.8605172654
2025-06-09,EUR,EUR,1.0000000000
2025-06-09,EUR,GBP,1.0839165092
2025-06-09,EUR,USD,0.8565626691
2025-06-10,EUR,EUR,1.0000000000
2025-06-10,EUR,GBP,1.0920332245
2025-06-10,EUR,USD,0.8482077311
2025-06-11,EUR,EUR,1.0000000000
2025-06-11,EUR,GBP,1.1015215038
2025-06-11,EUR,USD,0.8442174298
2025-06-12,EUR,EUR,1.0000000000
2025-06-12,EUR,GBP,1.1001492041
2025-06-12,EUR,USD,0.8416902246
2025-06-13,EUR,EUR,1.0000000000
2025-06-13,EUR,GBP,1.0909177907
2025-06-13,EUR,USD,0.8504128182
2025-06-16,EUR,EUR,1.0000000000
2025-06-16,EUR,GBP,1.0882761083
2025-06-16,EUR,USD,0.8636503114
2025-06-17,EUR,EUR,1.0000000000
2025-06-17,EUR,GBP,1.0960514756
2025-06-17,EUR,USD,0.8564752200
2025-06-18,EUR,EUR,1.0000000000
2025-06-18,EUR,GBP,1.0995013316
2025-06-18,EUR,USD,0.8564340585
2025-06-19,EUR,EUR,1.0000000000
2025-06-19,EUR,GBP,1.1001103167
2025-06-19,EUR,USD,0.8600499891
2025-06-20,EUR,EUR,1.0000000000
2025-06-20,EUR,GBP,1.1010678047
2025-06-20,EUR,USD,0.8577206498
2025-06-23,EUR,EUR,1.0000000000
2025-06-23,EUR,GBP,1.1107496257
2025-06-23,EUR,USD,0.8496309216
2025-06-24,EUR,EUR,1.0000000000
2025-06-24,EUR,GBP,1.1081128186
2025-06-24,EUR,USD,0.8553277873
2025-06-25,EUR,EUR,1.0000000000
2025-06-25,EUR,GBP,1.1079871898
2025-06-25,EUR,USD,0.8572237986
2025-06-26,EUR,EUR,1.0000000000
2025-06-26,EUR,GBP,1.1097101773
2025-06-26,EUR,USD,0.8562073311
2025-06-27,EUR,EUR,1.0000000000
2025-06-27,EUR,GBP,1.1135142260
2025-06-27,EUR,USD,0.8540479942
2025-06-30,EUR,EUR,1.0000000000
2025-06-30,EUR,GBP,1.1208111406
2025-06-30,EUR,USD,0.8517145973
2025-07-01,EUR,EUR,1.0000000000
2025-07-01,EUR,GBP,1.1176107694
2025-07-01,EUR,USD,0.8575666615
2025-07-02,EUR,EUR,1.0000000000
2025-07-02,EUR,GBP,1.1153802905
2025-07-02,EUR,USD,0.8602078336
2025-07-03,EUR,EUR,1.0000000000
2025-07-03,EUR,GBP,1.1126412911
2025-07-03,EUR,USD,0.8592807341
2025-07-04,EUR,EUR,1.0000000000
2025-07-04,EUR,GBP,1.1151665769
2025-07-04,EUR,USD,0.8520234745
2025-07-07,EUR,EUR,1.0000000000
2025-07-07,EUR,GBP,1.1097421096
2025-07-07,EUR,USD,0.8554970514
2025-07-08,EUR,EUR,1.0000000000
2025-07-08,EUR,GBP,1.1040281689
2025-07-08,EUR,USD,0.8603326268
2025-07-09,EUR,EUR,1.0000000000
2025-07-09,EUR,GBP,1.1096459768
2025-07-09,EUR,USD,0.8583229148
2025-07-10,EUR,EUR,1.0000000000
2025-07-10,EUR,GBP,1.1073200413
2025-07-10,EUR,USD,0.8584599482
2025-07-11,EUR,EUR,1.0000000000
2025-07-11,EUR,GBP,1.1056854842
2025-07-11,EUR,USD,0.8558334259
2025-07-14,EUR,EUR,1.0000000000
2025-07-14,EUR,GBP,1.1007426250
2025-07-14,EUR,USD,0.8626964821
2025-07-15,EUR,EUR,1.0000000000
2025-07-15,EUR,GBP,1.0965300026
2025-07-15,EUR,USD,0.8664874528
2025-07-16,EUR,EUR,1.0000000000
2025-07-16,EUR,GBP,1.0963029352
2025-07-16,EUR,USD,0.8681263054
2025-07-17,EUR,EUR,1.0000000000
2025-07-17,EUR,GBP,1.0916805870
2025-07-17,EUR,USD,0.8735037278
2025-07-18,EUR,EUR,1.0000000000
2025-07-18,EUR,GBP,1.0829711463
2025-07-18,EUR,USD,0.8795046594
2025-07-21,EUR,EUR,1.0000000000
2025-07-21,EUR,GBP,1.0791540817
2025-07-21,EUR,USD,0.8822210874
2025-07-22,EUR,EUR,1.0000000000
2025-07-22,EUR,GBP,1.0795898129
2025-07-22,EUR,USD,0.8813717448
2025-07-23,EUR,EUR,1.0000000000
2025-07-23,EUR,GBP,1.0807787480
2025-07-23,EUR,USD,0.8846797493
2025-07-24,EUR,EUR,1.0000000000
2025-07-24,EUR,GBP,1.0733495999
2025-07-24,EUR,USD,0.8857772008
2025-07-25,EUR,EUR,1.0000000000
2025-07-25,EUR,GBP,1.0728015399
2025-07-25,EUR,USD,0.8910825062
2025-07-28,EUR,EUR,1.0000000000
2025-07-28,EUR,GBP,1.0673778623
2025-07-28,EUR,USD,0.8986624046
2025-07-29,EUR,EUR,1.0000000000
2025-07-29,EUR,GBP,1.0651559339
2025-07-29,EUR,USD,0.9084885172
2025-07-30,EUR,EUR,1.0000000000
2025-07-30,EUR,GBP,1.0616521970
2025-07-30,EUR,USD,0.9091864458
2025-07-31,EUR,EUR,1.0000000000
2025-07-31,EUR,GBP,1.0599717113
2025-07-31,EUR,USD,0.9091382532
2025-08-01,EUR,EUR,1.0000000000
2025-08-01,EUR,GBP,1.0570255328
2025-08-01,EUR,USD,0.9148025242
2025-08-04,EUR,EUR,1.0000000000
2025-08-04,EUR,GBP,1.0600222606
2025-08-04,EUR,USD,0.9126160088
2025-08-05,EUR,EUR,1.0000000000
2025-08-05,EUR,GBP,1.0590890410
2025-08-05,EUR,USD,0.9126104089
2025-08-06,EUR,EUR,1.0000000000
2025-08-06,EUR,GBP,1.0516797137
2025-08-06,EUR,USD,0.9158920084
2025-08-07,EUR,EUR,1.0000000000
2025-08-07,EUR,GBP,1.0584407320
2025-08-07,EUR,USD,0.9121890447
2025-08-08,EUR,EUR,1.0000000000
2025-08-08,EUR,GBP,1.0559764440
2025-08-08,EUR,USD,0.9166619123
2025-08-11,EUR,EUR,1.0000000000
2025-08-11,EUR,GBP,1.0476659454
2025-08-11,EUR,USD,0.9184498447
2025-08-12,EUR,EUR,1.0000000000
2025-08-12,EUR,GBP,1.0462698277
2025-08-12,EUR,USD,0.9204681542
2025-08-13,EUR,EUR,1.0000000000
2025-08-13,EUR,GBP,1.0535047718
2025-08-13,EUR,USD,0.9101005870
2025-08-14,EUR,EUR,1.0000000000
2025-08-14,EUR,GBP,1.0560755387
2025-08-14,EUR,USD,0.9131351004
2025-08-15,EUR,EUR,1.0000000000
2025-08-15,EUR,GBP,1.0576690862
2025-08-15,EUR,USD,0.9175387585
2025-08-18,EUR,EUR,1.0000000000
2025-08-18,EUR,GBP,1.0629681627
2025-08-18,EUR,USD,0.9115370777
2025-08-19,EUR,EUR,1.0000000000
2025-08-19,EUR,GBP,1.0644627660
2025-08-19,EUR,USD,0.9041421558
2025-08-20,EUR,EUR,1.0000000000
2025-08-20,EUR,GBP,1.0621301496
2025-08-20,EUR,USD,0.9038951475
2025-08-21,EUR,EUR,1.0000000000
2025-08-21,EUR,GBP,1.0485285355
2025-08-21,EUR,USD,0.9125213526
2025-08-22,EUR,EUR,1.0000000000
2025-08-22,EUR,GBP,1.0457318835
2025-08-22,EUR,USD,0.9165710249
2025-08-25,EUR,EUR,1.0000000000
2025-08-25,EUR,GBP,1.0530375479
2025-08-25,EUR,USD,0.9185769049
2025-08-26,EUR,EUR,1.0000000000
2025-08-26,EUR,GBP,1.0498232661
2025-08-26,EUR,USD,0.9205600855
2025-08-27,EUR,EUR,1.0000000000
2025-08-27,EUR,GBP,1.0503968326
2025-08-27,EUR,USD,0.9212879540
2025-08-28,EUR,EUR,1.0000000000
2025-08-28,EUR,GBP,1.0544119643
2025-08-28,EUR,USD,0.9148731685
2025-08-29,EUR,EUR,1.0000000000
2025-08-29,EUR,GBP,1.0598508443
2025-08-29,EUR,USD,0.9101835401
2025-09-01,EUR,EUR,1.0000000000
2025-09-01,EUR,GBP,1.0651452092
2025-09-01,EUR,USD,0.9070984316
2025-09-02,EUR,EUR,1.0000000000
2025-09-02,EUR,GBP,1.0702476391
2025-09-02,EUR,USD,0.9075693026
2025-09-03,EUR,EUR,1.0000000000
2025-09-03,EUR,GBP,1.0647443568
2025-09-03,EUR,USD,0.9121891829
2025-09-04,EUR,EUR,1.0000000000
2025-09-04,EUR,GBP,1.0626836741
2025-09-04,EUR,USD,0.9110819352
2025-09-05,EUR,EUR,1.0000000000
2025-09-05,EUR,GBP,1.0563431587
2025-09-05,EUR,USD,0.9155521432
2025-09-08,EUR,EUR,1.0000000000
2025-09-08,EUR,GBP,1.0549149960
2025-09-08,EUR,USD,0.9185325905
2025-09-09,EUR,EUR,1.0000000000
2025-09-09,EUR,GBP,1.0517741825
2025-09-09,EUR,USD,0.9252793858
2025-09-10,EUR,EUR,1.0000000000
2025-09-10,EUR,GBP,1.0554683302
2025-09-10,EUR,USD,0.9131853755
2025-09-11,EUR,EUR,1.0000000000
2025-09-11,EUR,GBP,1.0524933811
2025-09-11,EUR,USD,0.9212755527
2025-09-12,EUR,EUR,1.0000000000
2025-09-12,EUR,GBP,1.0466185188
2025-09-12,EUR,USD,0.9182118461
2025-09-15,EUR,EUR,1.0000000000
2025-09-15,EUR,GBP,1.0491293690
2025-09-15,EUR,USD,0.9109087575
2025-09-16,EUR,EUR,1.0000000000
2025-09-16,EUR,GBP,1.0380920679
2025-09-16,EUR,USD,0.9179344575
2025-09-17,EUR,EUR,1.0000000000
2025-09-17,EUR,GBP,1.0315431224
2025-09-17,EUR,USD,0.9283590448
2025-09-18,EUR,EUR,1.0000000000
2025-09-18,EUR,GBP,1.0388267720
2025-09-18,EUR,USD,0.9270931145
2025-09-19,EUR,EUR,1.0000000000
2025-09-19,EUR,GBP,1.0452609298
2025-09-19,EUR,USD,0.9281685532
2025-09-22,EUR,EUR,1.0000000000
2025-09-22,EUR,GBP,1.0484577496
2025-09-22,EUR,USD,0.9280458894
2025-09-23,EUR,EUR,1.0000000000
2025-09-23,EUR,GBP,1.0470198636
2025-09-23,EUR,USD,0.9292374494
2025-09-24,EUR,EUR,1.0000000000
2025-09-24,EUR,GBP,1.0426035250
2025-09-24,EUR,USD,0.9335156697
2025-09-25,EUR,EUR,1.0000000000
2025-09-25,EUR,GBP,1.0501166457
2025-09-25,EUR,USD,0.9359015933
2025-09-26,EUR,EUR,1.0000000000
2025-09-26,EUR,GBP,1.0613783273
2025-09-26,EUR,USD,0.9272905070
2025-09-29,EUR,EUR,1.0000000000
2025-09-29,EUR,GBP,1.0658080914
2025-09-29,EUR,USD,0.9225793108
2025-09-30,EUR,EUR,1.0000000000
2025-09-30,EUR,GBP,1.0581251455
2025-09-30,EUR,USD,0.9328049590
2025-10-01,EUR,EUR,1.0000000000
2025-10-01,EUR,GBP,1.0646710871
2025-10-01,EUR,USD,0.9310486550
2025-10-02,EUR,EUR,1.0000000000
2025-10-02,EUR,GBP,1.0572727871
2025-10-02,EUR,USD,0.9361345163
2025-10-03,EUR,EUR,1.0000000000
2025-10-03,EUR,GBP,1.0504774813
2025-10-03,EUR,USD,0.9419714204
2025-10-06,EUR,EUR,1.0000000000
2025-10-06,EUR,GBP,1.0521594251
2025-10-06,EUR,USD,0.9353400450
2025-10-07,EUR,EUR,1.0000000000
2025-10-07,EUR,GBP,1.0481400686
2025-10-07,EUR,USD,0.9403454091
2025-10-08,EUR,EUR,1.0000000000
2025-10-08,EUR,GBP,1.0472407208
2025-10-08,EUR,USD,0.9426668061
2025-10-09,EUR,EUR,1.0000000000
2025-10-09,EUR,GBP,1.0431752399
2025-10-09,EUR,USD,0.9442217675
2025-10-10,EUR,EUR,1.0000000000
2025-10-10,EUR,GBP,1.0483858603
2025-10-10,EUR,USD,0.9365916682
2025-10-13,EUR,EUR,1.0000000000
2025-10-13,EUR,GBP,1.0517285021
2025-10-13,EUR,USD,0.9337763916
2025-10-14,EUR,EUR,1.0000000000
2025-10-14,EUR,GBP,1.0523773927
2025-10-14,EUR,USD,0.9326887956
2025-10-15,EUR,EUR,1.0000000000
2025-10-15,EUR,GBP,1.0493803555
2025-10-15,EUR,USD,0.9414019228
2025-10-16,EUR,EUR,1.0000000000
2025-10-16,EUR,GBP,1.0442977562
2025-10-16,EUR,USD,0.9407748551
2025-10-17,EUR,EUR,1.0000000000
2025-10-17,EUR,GBP,1.0462191895
2025-10-17,EUR,USD,0.9404338212
2025-10-20,EUR,EUR,1.0000000000
2025-10-20,EUR,GBP,1.0458758001
2025-10-20,EUR,USD,0.9490770762
2025-10-21,EUR,EUR,1.0000000000
2025-10-21,EUR,GBP,1.0514759844
2025-10-21,EUR,USD,0.9458530616
2025-10-22,EUR,EUR,1.0000000000
2025-10-22,EUR,GBP,1.0526330538
2025-10-22,EUR,USD,0.9469830285
2025-10-23,EUR,EUR,1.0000000000
2025-10-23,EUR,GBP,1.0522689058
2025-10-23,EUR,USD,0.9467939507
2025-10-24,EUR,EUR,1.0000000000
2025-10-24,EUR,GBP,1.0483156564
2025-10-24,EUR,USD,0.9472299927
2025-10-27,EUR,EUR,1.0000000000
2025-10-27,EUR,GBP,1.0472745973
2025-10-27,EUR,USD,0.9502497603
2025-10-28,EUR,EUR,1.0000000000
2025-10-28,EUR,GBP,1.0476111939
2025-10-28,EUR,USD,0.9464027497
2025-10-29,EUR,EUR,1.0000000000
2025-10-29,EUR,GBP,1.0450123262
2025-10-29,EUR,USD,0.9468574024
2025-10-30,EUR,EUR,1.0000000000
2025-10-30,EUR,GBP,1.0366153436
2025-10-30,EUR,USD,0.9562939299
2025-10-31,EUR,EUR,1.0000000000
2025-10-31,EUR,GBP,1.0379452812
2025-10-31,EUR,USD,0.9561218952
2025-11-03,EUR,EUR,1.0000000000
2025-11-03,EUR,GBP,1.0415660924
2025-11-03,EUR,USD,0.9501466056
2025-11-04,EUR,EUR,1.0000000000
2025-11-04,EUR,GBP,1.0420044733
2025-11-04,EUR,USD,0.9558436876
2025-11-05,EUR,EUR,1.0000000000
2025-11-05,EUR,GBP,1.0469370386
2025-11-05,EUR,USD,0.9496321191
2025-11-06,EUR,EUR,1.0000000000
2025-11-06,EUR,GBP,1.0446972384
2025-11-06,EUR,USD,0.9476266677
2025-11-07,EUR,EUR,1.0000000000
2025-11-07,EUR,GBP,1.0411331975
2025-11-07,EUR,USD,0.9513456399
2025-11-10,EUR,EUR,1.0000000000
2025-11-10,EUR,GBP,1.0452919058
2025-11-10,EUR,USD,0.9462422519
2025-11-11,EUR,EUR,1.0000000000
2025-11-11,EUR,GBP,1.0463505033
2025-11-11,EUR,USD,0.9401499937
2025-11-12,EUR,EUR,1.0000000000
2025-11-12,EUR,GBP,1.0441138975
2025-11-12,EUR,USD,0.9476223335
2025-11-13,EUR,EUR,1.0000000000
2025-11-13,EUR,GBP,1.0389111937
2025-11-13,EUR,USD,0.9578988809
2025-11-14,EUR,EUR,1.0000000000
2025-11-14,EUR,GBP,1.0484013516
2025-11-14,EUR,USD,0.9511337692
2025-11-17,EUR,EUR,1.0000000000
2025-11-17,EUR,GBP,1.0475538730
2025-11-17,EUR,USD,0.9531814969
2025-11-18,EUR,EUR,1.0000000000
2025-11-18,EUR,GBP,1.0440295560
2025-11-18,EUR,USD,0.9510020254
2025-11-19,EUR,EUR,1.0000000000
2025-11-19,EUR,GBP,1.0380391566
2025-11-19,EUR,USD,0.9553586822
2025-11-20,EUR,EUR,1.0000000000
2025-11-20,EUR,GBP,1.0399890737
2025-11-20,EUR,USD,0.9581293286
2025-11-21,EUR,EUR,1.0000000000
2025-11-21,EUR,GBP,1.0394274521
2025-11-21,EUR,USD,0.9552146571
2025-11-24,EUR,EUR,1.0000000000
2025-11-24,EUR,GBP,1.0426138695
2025-11-24,EUR,USD,0.9547906824
2025-11-25,EUR,EUR,1.0000000000
2025-11-25,EUR,GBP,1.0328000724
2025-11-25,EUR,USD,0.9644098719
2025-11-26,EUR,EUR,1.0000000000
2025-11-26,EUR,GBP,1.0391284692
2025-11-26,EUR,USD,0.9599471446
2025-11-27,EUR,EUR,1.0000000000
2025-11-27,EUR,GBP,1.0416085924
2025-11-27,EUR,USD,0.9575968019
2025-11-28,EUR,EUR,1.0000000000
2025-11-28,EUR,GBP,1.0424766798
2025-11-28,EUR,USD,0.9593332926
2025-12-01,EUR,EUR,1.0000000000
2025-12-01,EUR,GBP,1.0434697590
2025-12-01,EUR,USD,0.9579906871
2025-12-02,EUR,EUR,1.0000000000
2025-12-02,EUR,GBP,1.0493444625
2025-12-02,EUR,USD,0.9547502612
2025-12-03,EUR,EUR,1.0000000000
2025-12-03,EUR,GBP,1.0487046484
2025-12-03,EUR,USD,0.9576403750
2025-12-04,EUR,EUR,1.0000000000
2025-12-04,EUR,GBP,1.0601067239
2025-12-04,EUR,USD,0.9428732401
2025-12-05,EUR,EUR,1.0000000000
2025-12-05,EUR,GBP,1.0564552112
2025-12-05,EUR,USD,0.9438073481
2025-12-08,EUR,EUR,1.0000000000
2025-12-08,EUR,GBP,1.0556384056
2025-12-08,EUR,USD,0.9497086983
2025-12-09,EUR,EUR,1.0000000000
2025-12-09,EUR,GBP,1.0574542261
2025-12-09,EUR,USD,0.9491885668
2025-12-10,EUR,EUR,1.0000000000
2025-12-10,EUR,GBP,1.0502164014
2025-12-10,EUR,USD,0.9514765428
2025-12-11,EUR,EUR,1.0000000000
2025-12-11,EUR,GBP,1.0501195440
2025-12-11,EUR,USD,0.9544615249
2025-12-12,EUR,EUR,1.0000000000
2025-12-12,EUR,GBP,1.0523459907
2025-12-12,EUR,USD,0.9555287736
2025-12-15,EUR,EUR,1.0000000000
2025-12-15,EUR,GBP,1.0551884122
2025-12-15,EUR,USD,0.9500716104
2025-12-16,EUR,EUR,1.0000000000
2025-12-16,EUR,GBP,1.0582129602
2025-12-16,EUR,USD,0.9475955549
2025-12-17,EUR,EUR,1.0000000000
2025-12-17,EUR,GBP,1.0588396708
2025-12-17,EUR,USD,0.9491602354
2025-12-18,EUR,EUR,1.0000000000
2025-12-18,EUR,GBP,1.0626257485
2025-12-18,EUR,USD,0.9502778604
2025-12-19,EUR,EUR,1.0000000000
2025-12-19,EUR,GBP,1.0706287838
2025-12-19,EUR,USD,0.9485935306
2025-12-22,EUR,EUR,1.0000000000
2025-12-22,EUR,GBP,1.0768820174
2025-12-22,EUR,USD,0.9497267376
2025-12-23,EUR,EUR,1.0000000000
2025-12-23,EUR,GBP,1.0775087746
2025-12-23,EUR,USD,0.9485142883
2025-12-24,EUR,EUR,1.0000000000
2025-12-24,EUR,GBP,1.0833541303
2025-12-24,EUR,USD,0.9511272120
2025-12-25,EUR,EUR,1.0000000000
2025-12-25,EUR,GBP,1.0911266444
2025-12-25,EUR,USD,0.9469819015
2025-12-26,EUR,EUR,1.0000000000
2025-12-26,EUR,GBP,1.0917456929
2025-12-26,EUR,USD,0.9510746262
2025-12-29,EUR,EUR,1.0000000000
2025-12-29,EUR,GBP,1.0912668209
2025-12-29,EUR,USD,0.9562502493
2025-12-30,EUR,EUR,1.0000000000
2025-12-30,EUR,GBP,1.0902756914
2025-12-30,EUR,USD,0.9636888050
2025-12-31,EUR,EUR,1.0000000000
2025-12-31,EUR,GBP,1.0867319563
2025-12-31,EUR,USD,0.9667166633
