date,instrument_id,close
2021-01-04,LAB_CASH_EUR,100.0000000000
2021-01-05,LAB_CASH_EUR,99.9998673188
2021-01-06,LAB_CASH_EUR,99.9445256172
2021-01-07,LAB_CASH_EUR,99.9826784612
2021-01-08,LAB_CASH_EUR,99.9653738036
2021-01-11,LAB_CASH_EUR,99.9380287107
2021-01-12,LAB_CASH_EUR,99.9281391755
2021-01-13,LAB_CASH_EUR,99.9250033301
2021-01-14,LAB_CASH_EUR,99.9468138142
2021-01-15,LAB_CASH_EUR,99.9312700354
2021-01-18,LAB_CASH_EUR,99.9548485042
2021-01-19,LAB_CASH_EUR,99.9937302507
2021-01-20,LAB_CASH_EUR,99.9599077087
2021-01-21,LAB_CASH_EUR,99.9714435643
2021-01-22,LAB_CASH_EUR,100.0005743365
2021-01-25,LAB_CASH_EUR,100.0064872122
2021-01-26,LAB_CASH_EUR,99.9855737505
2021-01-27,LAB_CASH_EUR,99.9660840494
2021-01-28,LAB_CASH_EUR,99.9603779144
2021-01-29,LAB_CASH_EUR,99.9159268563
2021-02-01,LAB_CASH_EUR,99.9468438772
2021-02-02,LAB_CASH_EUR,99.9438519455
2021-02-03,LAB_CASH_EUR,99.9579338258
2021-02-04,LAB_CASH_EUR,99.9514655121
2021-02-05,LAB_CASH_EUR,99.9744624040
2021-02-08,LAB_CASH_EUR,100.0005577248
2021-02-09,LAB_CASH_EUR,100.0037233549
2021-02-10,LAB_CASH_EUR,100.0342644967
2021-02-11,LAB_CASH_EUR,100.0401562078
2021-02-12,LAB_CASH_EUR,100.0378786768
2021-02-15,LAB_CASH_EUR,100.0478514946
2021-02-16,LAB_CASH_EUR,100.0235086183
2021-02-17,LAB_CASH_EUR,100.0503275852
2021-02-18,LAB_CASH_EUR,100.0463360670
2021-02-19,LAB_CASH_EUR,100.0637504293
2021-02-22,LAB_CASH_EUR,100.0797473861
2021-02-23,LAB_CASH_EUR,100.1002516405
2021-02-24,LAB_CASH_EUR,100.0836885662
2021-02-25,LAB_CASH_EUR,100.0963366873
2021-02-26,LAB_CASH_EUR,100.1297202399
2021-03-01,LAB_CASH_EUR,100.1602867996
2021-03-02,LAB_CASH_EUR,100.0885594477
2021-03-03,LAB_CASH_EUR,100.0887985477
2021-03-04,LAB_CASH_EUR,100.1177443244
2021-03-05,LAB_CASH_EUR,100.1355621377
2021-03-08,LAB_CASH_EUR,100.1691022870
2021-03-09,LAB_CASH_EUR,100.2064552313
2021-03-10,LAB_CASH_EUR,100.2169566464
2021-03-11,LAB_CASH_EUR,100.2149826283
2021-03-12,LAB_CASH_EUR,100.2023795676
2021-03-15,LAB_CASH_EUR,100.2124692641
2021-03-16,LAB_CASH_EUR,100.2080828273
2021-03-17,LAB_CASH_EUR,100.2310303193
2021-03-18,LAB_CASH_EUR,100.2375717276
2021-03-19,LAB_CASH_EUR,100.2750421874
2021-03-22,LAB_CASH_EUR,100.2757174749
2021-03-23,LAB_CASH_EUR,100.2871929855
2021-03-24,LAB_CASH_EUR,100.2993180933
2021-03-25,LAB_CASH_EUR,100.3145477796
2021-03-26,LAB_CASH_EUR,100.3451425329
2021-03-29,LAB_CASH_EUR,100.3623680015
2021-03-30,LAB_CASH_EUR,100.3381443055
2021-03-31,LAB_CASH_EUR,100.3437961674
2021-04-01,LAB_CASH_EUR,100.3512325681
2021-04-02,LAB_CASH_EUR,100.3790044110
2021-04-05,LAB_CASH_EUR,100.3649957835
2021-04-06,LAB_CASH_EUR,100.3892042770
2021-04-07,LAB_CASH_EUR,100.3198708312
2021-04-08,LAB_CASH_EUR,100.2938368011
2021-04-09,LAB_CASH_EUR,100.3149910776
2021-04-12,LAB_CASH_EUR,100.3377740010
2021-04-13,LAB_CASH_EUR,100.3641282111
2021-04-14,LAB_CASH_EUR,100.3698475483
2021-04-15,LAB_CASH_EUR,100.3614017987
2021-04-16,LAB_CASH_EUR,100.3335995678
2021-04-19,LAB_CASH_EUR,100.3348513127
2021-04-20,LAB_CASH_EUR,100.3660108208
2021-04-21,LAB_CASH_EUR,100.3625479075
2021-04-22,LAB_CASH_EUR,100.3672378274
2021-04-23,LAB_CASH_EUR,100.3576577452
2021-04-26,LAB_CASH_EUR,100.3718690196
2021-04-27,LAB_CASH_EUR,100.3488122230
2021-04-28,LAB_CASH_EUR,100.3254522614
2021-04-29,LAB_CASH_EUR,100.3583534035
2021-04-30,LAB_CASH_EUR,100.3898484784
2021-05-03,LAB_CASH_EUR,100.3898521618
2021-05-04,LAB_CASH_EUR,100.4071491621
2021-05-05,LAB_CASH_EUR,100.4404228224
2021-05-06,LAB_CASH_EUR,100.4428440577
2021-05-07,LAB_CASH_EUR,100.4562708946
2021-05-10,LAB_CASH_EUR,100.4496248390
2021-05-11,LAB_CASH_EUR,100.4690865663
2021-05-12,LAB_CASH_EUR,100.4927055878
2021-05-13,LAB_CASH_EUR,100.5212001517
2021-05-14,LAB_CASH_EUR,100.5128402825
2021-05-17,LAB_CASH_EUR,100.5559752539
2021-05-18,LAB_CASH_EUR,100.5758033160
2021-05-19,LAB_CASH_EUR,100.6258688525
2021-05-20,LAB_CASH_EUR,100.6563248087
2021-05-21,LAB_CASH_EUR,100.6930800109
2021-05-24,LAB_CASH_EUR,100.6764292222
2021-05-25,LAB_CASH_EUR,100.7195177211
2021-05-26,LAB_CASH_EUR,100.7374119581
2021-05-27,LAB_CASH_EUR,100.7755103726
2021-05-28,LAB_CASH_EUR,100.7757809226
2021-05-31,LAB_CASH_EUR,100.7688432658
2021-06-01,LAB_CASH_EUR,100.7715239161
2021-06-02,LAB_CASH_EUR,100.7564045294
2021-06-03,LAB_CASH_EUR,100.7340989173
2021-06-04,LAB_CASH_EUR,100.7468889216
2021-06-07,LAB_CASH_EUR,100.7721509344
2021-06-08,LAB_CASH_EUR,100.7783253995
2021-06-09,LAB_CASH_EUR,100.7941168634
2021-06-10,LAB_CASH_EUR,100.8041675723
2021-06-11,LAB_CASH_EUR,100.8269293812
2021-06-14,LAB_CASH_EUR,100.7995530072
2021-06-15,LAB_CASH_EUR,100.8028470508
2021-06-16,LAB_CASH_EUR,100.8029860890
2021-06-17,LAB_CASH_EUR,100.8301865310
2021-06-18,LAB_CASH_EUR,100.8430695581
2021-06-21,LAB_CASH_EUR,100.8286743106
2021-06-22,LAB_CASH_EUR,100.8213444572
2021-06-23,LAB_CASH_EUR,100.8275959063
2021-06-24,LAB_CASH_EUR,100.8389020813
2021-06-25,LAB_CASH_EUR,100.8369588431
2021-06-28,LAB_CASH_EUR,100.8594082625
2021-06-29,LAB_CASH_EUR,100.8357981808
2021-06-30,LAB_CASH_EUR,100.8469167567
2021-07-01,LAB_CASH_EUR,100.8005502888
2021-07-02,LAB_CASH_EUR,100.7902693031
2021-07-05,LAB_CASH_EUR,100.8261315624
2021-07-06,LAB_CASH_EUR,100.8178920147
2021-07-07,LAB_CASH_EUR,100.8162376233
2021-07-08,LAB_CASH_EUR,100.8332846051
2021-07-09,LAB_CASH_EUR,100.8434291980
2021-07-12,LAB_CASH_EUR,100.8715564467
2021-07-13,LAB_CASH_EUR,100.8388778414
2021-07-14,LAB_CASH_EUR,100.8875653417
2021-07-15,LAB_CASH_EUR,100.8996481970
2021-07-16,LAB_CASH_EUR,100.9364502425
2021-07-19,LAB_CASH_EUR,100.9443707595
2021-07-20,LAB_CASH_EUR,100.9193948110
2021-07-21,LAB_CASH_EUR,100.9599695013
2021-07-22,LAB_CASH_EUR,101.0064200043
2021-07-23,LAB_CASH_EUR,100.9916230875
2021-07-26,LAB_CASH_EUR,100.9757056157
2021-07-27,LAB_CASH_EUR,100.9853792333
2021-07-28,LAB_CASH_EUR,100.9793747930
2021-07-29,LAB_CASH_EUR,100.9575575847
2021-07-30,LAB_CASH_EUR,100.9407463836
2021-08-02,LAB_CASH_EUR,100.9192036752
2021-08-03,LAB_CASH_EUR,100.9351998953
2021-08-04,LAB_CASH_EUR,100.9301641602
2021-08-05,LAB_CASH_EUR,100.9188794552
2021-08-06,LAB_CASH_EUR,100.9254320222
2021-08-09,LAB_CASH_EUR,100.8767597611
2021-08-10,LAB_CASH_EUR,100.8509221499
2021-08-11,LAB_CASH_EUR,100.8927174664
2021-08-12,LAB_CASH_EUR,100.8917403866
2021-08-13,LAB_CASH_EUR,100.9143027802
2021-08-16,LAB_CASH_EUR,100.9284099413
2021-08-17,LAB_CASH_EUR,100.9030936143
2021-08-18,LAB_CASH_EUR,100.9197548253
2021-08-19,LAB_CASH_EUR,100.9539255429
2021-08-20,LAB_CASH_EUR,100.9489961364
2021-08-23,LAB_CASH_EUR,100.9658382716
2021-08-24,LAB_CASH_EUR,100.9970744781
2021-08-25,LAB_CASH_EUR,101.0424401495
2021-08-26,LAB_CASH_EUR,101.0763992971
2021-08-27,LAB_CASH_EUR,101.1193205759
2021-08-30,LAB_CASH_EUR,101.1606282273
2021-08-31,LAB_CASH_EUR,101.1511390071
2021-09-01,LAB_CASH_EUR,101.1472133832
2021-09-02,LAB_CASH_EUR,101.1586680963
2021-09-03,LAB_CASH_EUR,101.2170772337
2021-09-06,LAB_CASH_EUR,101.2376028658
2021-09-07,LAB_CASH_EUR,101.1941386494
2021-09-08,LAB_CASH_EUR,101.2086830617
2021-09-09,LAB_CASH_EUR,101.1745304130
2021-09-10,LAB_CASH_EUR,101.1869599524
2021-09-13,LAB_CASH_EUR,101.2179769083
2021-09-14,LAB_CASH_EUR,101.2322366232
2021-09-15,LAB_CASH_EUR,101.2642857913
2021-09-16,LAB_CASH_EUR,101.2694190756
2021-09-17,LAB_CASH_EUR,101.2886317101
2021-09-20,LAB_CASH_EUR,101.2933348967
2021-09-21,LAB_CASH_EUR,101.3335742890
2021-09-22,LAB_CASH_EUR,101.3411214049
2021-09-23,LAB_CASH_EUR,101.3727181342
2021-09-24,LAB_CASH_EUR,101.3882413829
2021-09-27,LAB_CASH_EUR,101.4217769826
2021-09-28,LAB_CASH_EUR,101.3798653429
2021-09-29,LAB_CASH_EUR,101.3994828622
2021-09-30,LAB_CASH_EUR,101.3977342984
2021-10-01,LAB_CASH_EUR,101.4125029365
2021-10-04,LAB_CASH_EUR,101.3730829607
2021-10-05,LAB_CASH_EUR,101.3490455126
2021-10-06,LAB_CASH_EUR,101.3649701364
2021-10-07,LAB_CASH_EUR,101.3516263815
2021-10-08,LAB_CASH_EUR,101.3534798697
2021-10-11,LAB_CASH_EUR,101.3209596346
2021-10-12,LAB_CASH_EUR,101.3403239641
2021-10-13,LAB_CASH_EUR,101.3637740526
2021-10-14,LAB_CASH_EUR,101.3752233585
2021-10-15,LAB_CASH_EUR,101.3582322895
2021-10-18,LAB_CASH_EUR,101.3745317669
2021-10-19,LAB_CASH_EUR,101.3452388169
2021-10-20,LAB_CASH_EUR,101.3503323816
2021-10-21,LAB_CASH_EUR,101.3539498526
2021-10-22,LAB_CASH_EUR,101.3772896729
2021-10-25,LAB_CASH_EUR,101.4347363340
2021-10-26,LAB_CASH_EUR,101.3970440287
2021-10-27,LAB_CASH_EUR,101.4492097860
2021-10-28,LAB_CASH_EUR,101.4633062990
2021-10-29,LAB_CASH_EUR,101.4519018181
2021-11-01,LAB_CASH_EUR,101.4441886284
2021-11-02,LAB_CASH_EUR,101.4244010016
2021-11-03,LAB_CASH_EUR,101.4242145087
2021-11-04,LAB_CASH_EUR,101.4004144729
2021-11-05,LAB_CASH_EUR,101.4070383799
2021-11-08,LAB_CASH_EUR,101.3965685333
2021-11-09,LAB_CASH_EUR,101.3984570610
2021-11-10,LAB_CASH_EUR,101.3880043210
2021-11-11,LAB_CASH_EUR,101.4143902387
2021-11-12,LAB_CASH_EUR,101.4328847760
2021-11-15,LAB_CASH_EUR,101.4614199474
2021-11-16,LAB_CASH_EUR,101.5196974145
2021-11-17,LAB_CASH_EUR,101.5420366508
2021-11-18,LAB_CASH_EUR,101.5663604951
2021-11-19,LAB_CASH_EUR,101.5437027066
2021-11-22,LAB_CASH_EUR,101.5661419215
2021-11-23,LAB_CASH_EUR,101.5893231745
2021-11-24,LAB_CASH_EUR,101.5797091455
2021-11-25,LAB_CASH_EUR,101.5304335405
2021-11-26,LAB_CASH_EUR,101.5271971250
2021-11-29,LAB_CASH_EUR,101.5567419407
2021-11-30,LAB_CASH_EUR,101.5573698413
2021-12-01,LAB_CASH_EUR,101.5928737725
2021-12-02,LAB_CASH_EUR,101.5951467115
2021-12-03,LAB_CASH_EUR,101.5831470821
2021-12-06,LAB_CASH_EUR,101.6319514853
2021-12-07,LAB_CASH_EUR,101.6693980187
2021-12-08,LAB_CASH_EUR,101.6215409962
2021-12-09,LAB_CASH_EUR,101.6484236532
2021-12-10,LAB_CASH_EUR,101.6925256829
2021-12-13,LAB_CASH_EUR,101.6991005398
2021-12-14,LAB_CASH_EUR,101.6969306020
2021-12-15,LAB_CASH_EUR,101.7130265372
2021-12-16,LAB_CASH_EUR,101.7205476307
2021-12-17,LAB_CASH_EUR,101.7415084647
2021-12-20,LAB_CASH_EUR,101.7737898400
2021-12-21,LAB_CASH_EUR,101.7584559230
2021-12-22,LAB_CASH_EUR,101.7503586208
2021-12-23,LAB_CASH_EUR,101.7691076621
2021-12-24,LAB_CASH_EUR,101.7625660776
2021-12-27,LAB_CASH_EUR,101.7616442688
2021-12-28,LAB_CASH_EUR,101.7891710521
2021-12-29,LAB_CASH_EUR,101.8223353442
2021-12-30,LAB_CASH_EUR,101.7985563666
2021-12-31,LAB_CASH_EUR,101.8323586568
2022-01-03,LAB_CASH_EUR,101.8266130049
2022-01-04,LAB_CASH_EUR,101.8244189511
2022-01-05,LAB_CASH_EUR,101.8359714781
2022-01-06,LAB_CASH_EUR,101.8566421294
2022-01-07,LAB_CASH_EUR,101.8904611781
2022-01-10,LAB_CASH_EUR,101.8560181416
2022-01-11,LAB_CASH_EUR,101.8956478807
2022-01-12,LAB_CASH_EUR,101.8933912315
2022-01-13,LAB_CASH_EUR,101.9131041486
2022-01-14,LAB_CASH_EUR,101.9141931135
2022-01-17,LAB_CASH_EUR,101.9334824901
2022-01-18,LAB_CASH_EUR,101.9728444794
2022-01-19,LAB_CASH_EUR,101.9675847512
2022-01-20,LAB_CASH_EUR,101.9813250838
2022-01-21,LAB_CASH_EUR,101.9769494971
2022-01-24,LAB_CASH_EUR,101.9673127256
2022-01-25,LAB_CASH_EUR,102.0068365130
2022-01-26,LAB_CASH_EUR,101.9757376411
2022-01-27,LAB_CASH_EUR,101.9614668434
2022-01-28,LAB_CASH_EUR,101.9774016657
2022-01-31,LAB_CASH_EUR,101.9852051145
2022-02-01,LAB_CASH_EUR,101.9738608625
2022-02-02,LAB_CASH_EUR,101.9720176752
2022-02-03,LAB_CASH_EUR,101.9918687739
2022-02-04,LAB_CASH_EUR,101.9507750286
2022-02-07,LAB_CASH_EUR,101.9601060310
2022-02-08,LAB_CASH_EUR,101.9868844072
2022-02-09,LAB_CASH_EUR,102.0225425635
2022-02-10,LAB_CASH_EUR,102.0738948988
2022-02-11,LAB_CASH_EUR,102.1067146940
2022-02-14,LAB_CASH_EUR,102.1466888388
2022-02-15,LAB_CASH_EUR,102.1585421414
2022-02-16,LAB_CASH_EUR,102.1870534388
2022-02-17,LAB_CASH_EUR,102.2008761790
2022-02-18,LAB_CASH_EUR,102.2134411098
2022-02-21,LAB_CASH_EUR,102.2119105132
2022-02-22,LAB_CASH_EUR,102.2223519175
2022-02-23,LAB_CASH_EUR,102.1822344994
2022-02-24,LAB_CASH_EUR,102.2006317605
2022-02-25,LAB_CASH_EUR,102.1880429382
2022-02-28,LAB_CASH_EUR,102.1752779744
2022-03-01,LAB_CASH_EUR,102.1844277469
2022-03-02,LAB_CASH_EUR,102.2207725944
2022-03-03,LAB_CASH_EUR,102.1989491139
2022-03-04,LAB_CASH_EUR,102.2228163834
2022-03-07,LAB_CASH_EUR,102.2529844926
2022-03-08,LAB_CASH_EUR,102.2778141082
2022-03-09,LAB_CASH_EUR,102.2871964941
2022-03-10,LAB_CASH_EUR,102.2981454576
2022-03-11,LAB_CASH_EUR,102.3118517173
2022-03-14,LAB_CASH_EUR,102.2909819715
2022-03-15,LAB_CASH_EUR,102.3201136200
2022-03-16,LAB_CASH_EUR,102.3056375663
2022-03-17,LAB_CASH_EUR,102.2707189350
2022-03-18,LAB_CASH_EUR,102.2739547747
2022-03-21,LAB_CASH_EUR,102.2487841222
2022-03-22,LAB_CASH_EUR,102.2521093813
2022-03-23,LAB_CASH_EUR,102.2612411381
2022-03-24,LAB_CASH_EUR,102.3384307196
2022-03-25,LAB_CASH_EUR,102.3376202185
2022-03-28,LAB_CASH_EUR,102.3666963212
2022-03-29,LAB_CASH_EUR,102.4005870447
2022-03-30,LAB_CASH_EUR,102.4458678052
2022-03-31,LAB_CASH_EUR,102.5054285430
2022-04-01,LAB_CASH_EUR,102.5198844083
2022-04-04,LAB_CASH_EUR,102.4890966724
2022-04-05,LAB_CASH_EUR,102.4794450197
2022-04-06,LAB_CASH_EUR,102.5163663066
2022-04-07,LAB_CASH_EUR,102.5461006077
2022-04-08,LAB_CASH_EUR,102.5620095690
2022-04-11,LAB_CASH_EUR,102.5573957341
2022-04-12,LAB_CASH_EUR,102.5646815951
2022-04-13,LAB_CASH_EUR,102.5864817274
2022-04-14,LAB_CASH_EUR,102.6397565639
2022-04-15,LAB_CASH_EUR,102.6327747848
2022-04-18,LAB_CASH_EUR,102.6670460290
2022-04-19,LAB_CASH_EUR,102.7025949812
2022-04-20,LAB_CASH_EUR,102.7179199507
2022-04-21,LAB_CASH_EUR,102.7346941559
2022-04-22,LAB_CASH_EUR,102.7275138523
2022-04-25,LAB_CASH_EUR,102.7375876144
2022-04-26,LAB_CASH_EUR,102.7215357910
2022-04-27,LAB_CASH_EUR,102.7109555656
2022-04-28,LAB_CASH_EUR,102.7403257333
2022-04-29,LAB_CASH_EUR,102.7335411538
2022-05-02,LAB_CASH_EUR,102.7416148536
2022-05-03,LAB_CASH_EUR,102.7760800208
2022-05-04,LAB_CASH_EUR,102.7962958261
2022-05-05,LAB_CASH_EUR,102.8082947069
2022-05-06,LAB_CASH_EUR,102.8611069087
2022-05-09,LAB_CASH_EUR,102.8707013265
2022-05-10,LAB_CASH_EUR,102.8281462858
2022-05-11,LAB_CASH_EUR,102.8507483789
2022-05-12,LAB_CASH_EUR,102.8797689725
2022-05-13,LAB_CASH_EUR,102.8951931157
2022-05-16,LAB_CASH_EUR,102.9280609514
2022-05-17,LAB_CASH_EUR,102.9950801637
2022-05-18,LAB_CASH_EUR,102.9992637474
2022-05-19,LAB_CASH_EUR,103.0604893063
2022-05-20,LAB_CASH_EUR,103.0484923618
2022-05-23,LAB_CASH_EUR,103.0582724892
2022-05-24,LAB_CASH_EUR,103.1069149642
2022-05-25,LAB_CASH_EUR,103.1262593294
2022-05-26,LAB_CASH_EUR,103.1434431655
2022-05-27,LAB_CASH_EUR,103.1798404550
2022-05-30,LAB_CASH_EUR,103.1354510315
2022-05-31,LAB_CASH_EUR,103.1426026240
2022-06-01,LAB_CASH_EUR,103.1678316554
2022-06-02,LAB_CASH_EUR,103.1640019942
2022-06-03,LAB_CASH_EUR,103.1651424460
2022-06-06,LAB_CASH_EUR,103.1967187811
2022-06-07,LAB_CASH_EUR,103.1357585925
2022-06-08,LAB_CASH_EUR,103.1060846388
2022-06-09,LAB_CASH_EUR,103.0932759375
2022-06-10,LAB_CASH_EUR,103.0681532675
2022-06-13,LAB_CASH_EUR,103.1050555333
2022-06-14,LAB_CASH_EUR,103.1562584847
2022-06-15,LAB_CASH_EUR,103.1377495261
2022-06-16,LAB_CASH_EUR,103.1682291444
2022-06-17,LAB_CASH_EUR,103.1484954367
2022-06-20,LAB_CASH_EUR,103.1536959037
2022-06-21,LAB_CASH_EUR,103.1883361712
2022-06-22,LAB_CASH_EUR,103.2100019007
2022-06-23,LAB_CASH_EUR,103.2253905248
2022-06-24,LAB_CASH_EUR,103.2116051406
2022-06-27,LAB_CASH_EUR,103.1711989854
2022-06-28,LAB_CASH_EUR,103.1908829613
2022-06-29,LAB_CASH_EUR,103.2226490927
2022-06-30,LAB_CASH_EUR,103.2569423325
2022-07-01,LAB_CASH_EUR,103.2884516909
2022-07-04,LAB_CASH_EUR,103.3002160972
2022-07-05,LAB_CASH_EUR,103.2988055880
2022-07-06,LAB_CASH_EUR,103.2965962980
2022-07-07,LAB_CASH_EUR,103.2844556145
2022-07-08,LAB_CASH_EUR,103.2546143180
2022-07-11,LAB_CASH_EUR,103.2757579841
2022-07-12,LAB_CASH_EUR,103.2748484326
2022-07-13,LAB_CASH_EUR,103.2116046068
2022-07-14,LAB_CASH_EUR,103.2247725336
2022-07-15,LAB_CASH_EUR,103.2294741506
2022-07-18,LAB_CASH_EUR,103.2656471425
2022-07-19,LAB_CASH_EUR,103.2793622525
2022-07-20,LAB_CASH_EUR,103.2893793491
2022-07-21,LAB_CASH_EUR,103.2979851916
2022-07-22,LAB_CASH_EUR,103.3175585652
2022-07-25,LAB_CASH_EUR,103.3070646912
2022-07-26,LAB_CASH_EUR,103.3009357199
2022-07-27,LAB_CASH_EUR,103.2968832565
2022-07-28,LAB_CASH_EUR,103.2908663172
2022-07-29,LAB_CASH_EUR,103.3236028897
2022-08-01,LAB_CASH_EUR,103.3445299170
2022-08-02,LAB_CASH_EUR,103.2706764452
2022-08-03,LAB_CASH_EUR,103.2864640757
2022-08-04,LAB_CASH_EUR,103.3120318416
2022-08-05,LAB_CASH_EUR,103.3106861648
2022-08-08,LAB_CASH_EUR,103.3267024808
2022-08-09,LAB_CASH_EUR,103.2994624107
2022-08-10,LAB_CASH_EUR,103.3381732287
2022-08-11,LAB_CASH_EUR,103.3027179835
2022-08-12,LAB_CASH_EUR,103.3311871068
2022-08-15,LAB_CASH_EUR,103.3329971917
2022-08-16,LAB_CASH_EUR,103.3136643345
2022-08-17,LAB_CASH_EUR,103.3323965946
2022-08-18,LAB_CASH_EUR,103.3433094427
2022-08-19,LAB_CASH_EUR,103.3398107502
2022-08-22,LAB_CASH_EUR,103.3801897496
2022-08-23,LAB_CASH_EUR,103.3651668681
2022-08-24,LAB_CASH_EUR,103.3418192970
2022-08-25,LAB_CASH_EUR,103.3379720183
2022-08-26,LAB_CASH_EUR,103.3349222351
2022-08-29,LAB_CASH_EUR,103.3691584500
2022-08-30,LAB_CASH_EUR,103.3512461752
2022-08-31,LAB_CASH_EUR,103.3641871403
2022-09-01,LAB_CASH_EUR,103.3639172836
2022-09-02,LAB_CASH_EUR,103.3563353412
2022-09-05,LAB_CASH_EUR,103.3934099921
2022-09-06,LAB_CASH_EUR,103.4024875143
2022-09-07,LAB_CASH_EUR,103.3731351538
2022-09-08,LAB_CASH_EUR,103.3645744489
2022-09-09,LAB_CASH_EUR,103.4297078166
2022-09-12,LAB_CASH_EUR,103.4296739503
2022-09-13,LAB_CASH_EUR,103.4690607564
2022-09-14,LAB_CASH_EUR,103.4452804753
2022-09-15,LAB_CASH_EUR,103.4802541857
2022-09-16,LAB_CASH_EUR,103.4967557007
2022-09-19,LAB_CASH_EUR,103.5453498148
2022-09-20,LAB_CASH_EUR,103.5477059995
2022-09-21,LAB_CASH_EUR,103.5253168754
2022-09-22,LAB_CASH_EUR,103.5584895374
2022-09-23,LAB_CASH_EUR,103.5472865283
2022-09-26,LAB_CASH_EUR,103.5478802208
2022-09-27,LAB_CASH_EUR,103.5957740936
2022-09-28,LAB_CASH_EUR,103.5954551447
2022-09-29,LAB_CASH_EUR,103.6117743439
2022-09-30,LAB_CASH_EUR,103.6319880039
2022-10-03,LAB_CASH_EUR,103.5898931626
2022-10-04,LAB_CASH_EUR,103.5898190538
2022-10-05,LAB_CASH_EUR,103.5981928203
2022-10-06,LAB_CASH_EUR,103.5773291761
2022-10-07,LAB_CASH_EUR,103.5419300977
2022-10-10,LAB_CASH_EUR,103.5003976999
2022-10-11,LAB_CASH_EUR,103.5074820153
2022-10-12,LAB_CASH_EUR,103.5249967714
2022-10-13,LAB_CASH_EUR,103.5416088646
2022-10-14,LAB_CASH_EUR,103.5086263086
2022-10-17,LAB_CASH_EUR,103.4799111136
2022-10-18,LAB_CASH_EUR,103.4883189266
2022-10-19,LAB_CASH_EUR,103.5028513511
2022-10-20,LAB_CASH_EUR,103.5067226329
2022-10-21,LAB_CASH_EUR,103.5352269655
2022-10-24,LAB_CASH_EUR,103.5539575565
2022-10-25,LAB_CASH_EUR,103.5795499777
2022-10-26,LAB_CASH_EUR,103.5854057166
2022-10-27,LAB_CASH_EUR,103.5807582639
2022-10-28,LAB_CASH_EUR,103.5976857716
2022-10-31,LAB_CASH_EUR,103.5782828599
2022-11-01,LAB_CASH_EUR,103.5929842069
2022-11-02,LAB_CASH_EUR,103.6320400501
2022-11-03,LAB_CASH_EUR,103.6344319054
2022-11-04,LAB_CASH_EUR,103.6851966166
2022-11-07,LAB_CASH_EUR,103.6758312086
2022-11-08,LAB_CASH_EUR,103.6558937109
2022-11-09,LAB_CASH_EUR,103.6340947690
2022-11-10,LAB_CASH_EUR,103.6646692950
2022-11-11,LAB_CASH_EUR,103.6858294908
2022-11-14,LAB_CASH_EUR,103.7049465649
2022-11-15,LAB_CASH_EUR,103.6628236259
2022-11-16,LAB_CASH_EUR,103.6331866023
2022-11-17,LAB_CASH_EUR,103.6071535127
2022-11-18,LAB_CASH_EUR,103.6151678447
2022-11-21,LAB_CASH_EUR,103.6032931041
2022-11-22,LAB_CASH_EUR,103.6105864065
2022-11-23,LAB_CASH_EUR,103.6490345871
2022-11-24,LAB_CASH_EUR,103.6120814504
2022-11-25,LAB_CASH_EUR,103.6152111690
2022-11-28,LAB_CASH_EUR,103.6307223168
2022-11-29,LAB_CASH_EUR,103.6377011143
2022-11-30,LAB_CASH_EUR,103.7289151761
2022-12-01,LAB_CASH_EUR,103.7215657801
2022-12-02,LAB_CASH_EUR,103.7048144043
2022-12-05,LAB_CASH_EUR,103.7308544320
2022-12-06,LAB_CASH_EUR,103.7550956973
2022-12-07,LAB_CASH_EUR,103.8132382218
2022-12-08,LAB_CASH_EUR,103.7841591814
2022-12-09,LAB_CASH_EUR,103.7826217937
2022-12-12,LAB_CASH_EUR,103.7621126860
2022-12-13,LAB_CASH_EUR,103.8093980157
2022-12-14,LAB_CASH_EUR,103.7995227378
2022-12-15,LAB_CASH_EUR,103.8052559122
2022-12-16,LAB_CASH_EUR,103.8138267268
2022-12-19,LAB_CASH_EUR,103.8078182817
2022-12-20,LAB_CASH_EUR,103.7997536275
2022-12-21,LAB_CASH_EUR,103.8045623352
2022-12-22,LAB_CASH_EUR,103.8436746755
2022-12-23,LAB_CASH_EUR,103.8523227913
2022-12-26,LAB_CASH_EUR,103.8657020911
2022-12-27,LAB_CASH_EUR,103.8710291636
2022-12-28,LAB_CASH_EUR,103.8380036542
2022-12-29,LAB_CASH_EUR,103.8952641646
2022-12-30,LAB_CASH_EUR,103.9361002120
2023-01-02,LAB_CASH_EUR,103.9260585302
2023-01-03,LAB_CASH_EUR,103.9122924580
2023-01-04,LAB_CASH_EUR,103.8992646779
2023-01-05,LAB_CASH_EUR,103.8986330643
2023-01-06,LAB_CASH_EUR,103.9502335970
2023-01-09,LAB_CASH_EUR,103.9533549935
2023-01-10,LAB_CASH_EUR,103.9952613321
2023-01-11,LAB_CASH_EUR,103.9667414946
2023-01-12,LAB_CASH_EUR,104.0156087815
2023-01-13,LAB_CASH_EUR,103.9920371711
2023-01-16,LAB_CASH_EUR,103.9854366147
2023-01-17,LAB_CASH_EUR,103.9743232350
2023-01-18,LAB_CASH_EUR,103.9951312751
2023-01-19,LAB_CASH_EUR,103.9706745661
2023-01-20,LAB_CASH_EUR,103.9674990730
2023-01-23,LAB_CASH_EUR,103.9759685632
2023-01-24,LAB_CASH_EUR,103.9629800318
2023-01-25,LAB_CASH_EUR,103.9601240685
2023-01-26,LAB_CASH_EUR,103.9992499438
2023-01-27,LAB_CASH_EUR,103.9834491440
2023-01-30,LAB_CASH_EUR,103.9927562501
2023-01-31,LAB_CASH_EUR,104.0288600344
2023-02-01,LAB_CASH_EUR,104.0463384349
2023-02-02,LAB_CASH_EUR,104.0516577313
2023-02-03,LAB_CASH_EUR,104.0569231030
2023-02-06,LAB_CASH_EUR,104.0371424648
2023-02-07,LAB_CASH_EUR,104.0318652943
2023-02-08,LAB_CASH_EUR,104.0366772113
2023-02-09,LAB_CASH_EUR,104.0880269691
2023-02-10,LAB_CASH_EUR,104.1034836242
2023-02-13,LAB_CASH_EUR,104.1118051760
2023-02-14,LAB_CASH_EUR,104.1159967141
2023-02-15,LAB_CASH_EUR,104.1307313775
2023-02-16,LAB_CASH_EUR,104.1892089909
2023-02-17,LAB_CASH_EUR,104.1720551831
2023-02-20,LAB_CASH_EUR,104.1749435762
2023-02-21,LAB_CASH_EUR,104.1597689365
2023-02-22,LAB_CASH_EUR,104.1939573572
2023-02-23,LAB_CASH_EUR,104.1823090088
2023-02-24,LAB_CASH_EUR,104.2251970232
2023-02-27,LAB_CASH_EUR,104.2727886325
2023-02-28,LAB_CASH_EUR,104.2598006208
2023-03-01,LAB_CASH_EUR,104.2841562412
2023-03-02,LAB_CASH_EUR,104.2811504202
2023-03-03,LAB_CASH_EUR,104.2852415526
2023-03-06,LAB_CASH_EUR,104.3305745422
2023-03-07,LAB_CASH_EUR,104.3189123213
2023-03-08,LAB_CASH_EUR,104.3248549760
2023-03-09,LAB_CASH_EUR,104.3439072063
2023-03-10,LAB_CASH_EUR,104.3853106400
2023-03-13,LAB_CASH_EUR,104.4314238116
2023-03-14,LAB_CASH_EUR,104.3914791142
2023-03-15,LAB_CASH_EUR,104.3358969755
2023-03-16,LAB_CASH_EUR,104.3757531207
2023-03-17,LAB_CASH_EUR,104.3809610889
2023-03-20,LAB_CASH_EUR,104.3779616315
2023-03-21,LAB_CASH_EUR,104.3780121510
2023-03-22,LAB_CASH_EUR,104.3618169299
2023-03-23,LAB_CASH_EUR,104.3493181252
2023-03-24,LAB_CASH_EUR,104.3463700273
2023-03-27,LAB_CASH_EUR,104.3413206469
2023-03-28,LAB_CASH_EUR,104.2670431518
2023-03-29,LAB_CASH_EUR,104.2765699788
2023-03-30,LAB_CASH_EUR,104.2643604285
2023-03-31,LAB_CASH_EUR,104.2403205056
2023-04-03,LAB_CASH_EUR,104.2840635861
2023-04-04,LAB_CASH_EUR,104.3008887936
2023-04-05,LAB_CASH_EUR,104.2822385362
2023-04-06,LAB_CASH_EUR,104.2713372133
2023-04-07,LAB_CASH_EUR,104.2806269684
2023-04-10,LAB_CASH_EUR,104.3459945037
2023-04-11,LAB_CASH_EUR,104.3650280837
2023-04-12,LAB_CASH_EUR,104.3454388124
2023-04-13,LAB_CASH_EUR,104.3091040093
2023-04-14,LAB_CASH_EUR,104.3036642647
2023-04-17,LAB_CASH_EUR,104.2753595583
2023-04-18,LAB_CASH_EUR,104.2424769173
2023-04-19,LAB_CASH_EUR,104.2104034351
2023-04-20,LAB_CASH_EUR,104.2170010155
2023-04-21,LAB_CASH_EUR,104.2319375365
2023-04-24,LAB_CASH_EUR,104.2682556165
2023-04-25,LAB_CASH_EUR,104.2364039899
2023-04-26,LAB_CASH_EUR,104.2260710431
2023-04-27,LAB_CASH_EUR,104.2269602980
2023-04-28,LAB_CASH_EUR,104.2413531912
2023-05-01,LAB_CASH_EUR,104.2097788085
2023-05-02,LAB_CASH_EUR,104.2042734742
2023-05-03,LAB_CASH_EUR,104.2742781369
2023-05-04,LAB_CASH_EUR,104.2549159564
2023-05-05,LAB_CASH_EUR,104.2672971906
2023-05-08,LAB_CASH_EUR,104.3004696871
2023-05-09,LAB_CASH_EUR,104.3160635548
2023-05-10,LAB_CASH_EUR,104.3496616080
2023-05-11,LAB_CASH_EUR,104.3619158271
2023-05-12,LAB_CASH_EUR,104.3960387940
2023-05-15,LAB_CASH_EUR,104.4276802106
2023-05-16,LAB_CASH_EUR,104.4429485981
2023-05-17,LAB_CASH_EUR,104.4608038256
2023-05-18,LAB_CASH_EUR,104.4857627988
2023-05-19,LAB_CASH_EUR,104.5134136755
2023-05-22,LAB_CASH_EUR,104.5250947876
2023-05-23,LAB_CASH_EUR,104.5058961349
2023-05-24,LAB_CASH_EUR,104.4828793753
2023-05-25,LAB_CASH_EUR,104.5154068211
2023-05-26,LAB_CASH_EUR,104.5031264580
2023-05-29,LAB_CASH_EUR,104.5242957996
2023-05-30,LAB_CASH_EUR,104.5560890440
2023-05-31,LAB_CASH_EUR,104.5890841299
2023-06-01,LAB_CASH_EUR,104.6516742834
2023-06-02,LAB_CASH_EUR,104.6191649015
2023-06-05,LAB_CASH_EUR,104.6159944894
2023-06-06,LAB_CASH_EUR,104.6675732882
2023-06-07,LAB_CASH_EUR,104.6958245882
2023-06-08,LAB_CASH_EUR,104.7041228851
2023-06-09,LAB_CASH_EUR,104.6988971167
2023-06-12,LAB_CASH_EUR,104.7135604096
2023-06-13,LAB_CASH_EUR,104.6794412032
2023-06-14,LAB_CASH_EUR,104.6987825483
2023-06-15,LAB_CASH_EUR,104.7240020522
2023-06-16,LAB_CASH_EUR,104.7260333308
2023-06-19,LAB_CASH_EUR,104.7244164907
2023-06-20,LAB_CASH_EUR,104.7493175889
2023-06-21,LAB_CASH_EUR,104.7212374363
2023-06-22,LAB_CASH_EUR,104.7419161587
2023-06-23,LAB_CASH_EUR,104.7301530026
2023-06-26,LAB_CASH_EUR,104.7286206516
2023-06-27,LAB_CASH_EUR,104.7287531374
2023-06-28,LAB_CASH_EUR,104.7625529846
2023-06-29,LAB_CASH_EUR,104.7786227314
2023-06-30,LAB_CASH_EUR,104.7844361762
2023-07-03,LAB_CASH_EUR,104.7977345648
2023-07-04,LAB_CASH_EUR,104.8161768088
2023-07-05,LAB_CASH_EUR,104.7961164060
2023-07-06,LAB_CASH_EUR,104.8024230078
2023-07-07,LAB_CASH_EUR,104.7668490220
2023-07-10,LAB_CASH_EUR,104.7815417946
2023-07-11,LAB_CASH_EUR,104.7714819102
2023-07-12,LAB_CASH_EUR,104.7286733585
2023-07-13,LAB_CASH_EUR,104.7033385745
2023-07-14,LAB_CASH_EUR,104.7330883855
2023-07-17,LAB_CASH_EUR,104.7523716183
2023-07-18,LAB_CASH_EUR,104.7488298416
2023-07-19,LAB_CASH_EUR,104.7754729964
2023-07-20,LAB_CASH_EUR,104.8001298681
2023-07-21,LAB_CASH_EUR,104.7900606858
2023-07-24,LAB_CASH_EUR,104.7183304078
2023-07-25,LAB_CASH_EUR,104.7462736865
2023-07-26,LAB_CASH_EUR,104.7142927758
2023-07-27,LAB_CASH_EUR,104.7005875811
2023-07-28,LAB_CASH_EUR,104.7249204587
2023-07-31,LAB_CASH_EUR,104.7493558770
2023-08-01,LAB_CASH_EUR,104.7999414323
2023-08-02,LAB_CASH_EUR,104.7636635461
2023-08-03,LAB_CASH_EUR,104.8080666517
2023-08-04,LAB_CASH_EUR,104.8453867171
2023-08-07,LAB_CASH_EUR,104.8388695551
2023-08-08,LAB_CASH_EUR,104.8034138211
2023-08-09,LAB_CASH_EUR,104.7861659344
2023-08-10,LAB_CASH_EUR,104.7884521730
2023-08-11,LAB_CASH_EUR,104.8023353081
2023-08-14,LAB_CASH_EUR,104.8488366923
2023-08-15,LAB_CASH_EUR,104.8031657693
2023-08-16,LAB_CASH_EUR,104.7618412242
2023-08-17,LAB_CASH_EUR,104.8127909615
2023-08-18,LAB_CASH_EUR,104.8645230080
2023-08-21,LAB_CASH_EUR,104.8404023830
2023-08-22,LAB_CASH_EUR,104.8489148140
2023-08-23,LAB_CASH_EUR,104.8334459712
2023-08-24,LAB_CASH_EUR,104.8170018685
2023-08-25,LAB_CASH_EUR,104.7997147309
2023-08-28,LAB_CASH_EUR,104.8104920686
2023-08-29,LAB_CASH_EUR,104.8072035065
2023-08-30,LAB_CASH_EUR,104.8337037741
2023-08-31,LAB_CASH_EUR,104.8039527869
2023-09-01,LAB_CASH_EUR,104.8149641376
2023-09-04,LAB_CASH_EUR,104.7803318938
2023-09-05,LAB_CASH_EUR,104.8168239486
2023-09-06,LAB_CASH_EUR,104.8343749935
2023-09-07,LAB_CASH_EUR,104.8763574992
2023-09-08,LAB_CASH_EUR,104.9243788647
2023-09-11,LAB_CASH_EUR,104.9733657987
2023-09-12,LAB_CASH_EUR,104.9838036077
2023-09-13,LAB_CASH_EUR,105.0144657486
2023-09-14,LAB_CASH_EUR,104.9844745218
2023-09-15,LAB_CASH_EUR,104.9926279889
2023-09-18,LAB_CASH_EUR,105.0339984259
2023-09-19,LAB_CASH_EUR,105.0829266370
2023-09-20,LAB_CASH_EUR,105.1045573090
2023-09-21,LAB_CASH_EUR,105.1258505703
2023-09-22,LAB_CASH_EUR,105.1237042097
2023-09-25,LAB_CASH_EUR,105.0755948408
2023-09-26,LAB_CASH_EUR,105.1439655009
2023-09-27,LAB_CASH_EUR,105.1412307339
2023-09-28,LAB_CASH_EUR,105.1924240246
2023-09-29,LAB_CASH_EUR,105.2259594592
2023-10-02,LAB_CASH_EUR,105.2331926661
2023-10-03,LAB_CASH_EUR,105.1744814623
2023-10-04,LAB_CASH_EUR,105.1808615660
2023-10-05,LAB_CASH_EUR,105.2136152082
2023-10-06,LAB_CASH_EUR,105.2566112924
2023-10-09,LAB_CASH_EUR,105.2000724984
2023-10-10,LAB_CASH_EUR,105.1959088324
2023-10-11,LAB_CASH_EUR,105.2037645120
2023-10-12,LAB_CASH_EUR,105.2224343283
2023-10-13,LAB_CASH_EUR,105.2418793372
2023-10-16,LAB_CASH_EUR,105.2439339234
2023-10-17,LAB_CASH_EUR,105.2920811647
2023-10-18,LAB_CASH_EUR,105.2565367735
2023-10-19,LAB_CASH_EUR,105.2901636174
2023-10-20,LAB_CASH_EUR,105.2502765012
2023-10-23,LAB_CASH_EUR,105.3007527035
2023-10-24,LAB_CASH_EUR,105.2568836064
2023-10-25,LAB_CASH_EUR,105.3219319940
2023-10-26,LAB_CASH_EUR,105.3248131135
2023-10-27,LAB_CASH_EUR,105.3535305099
2023-10-30,LAB_CASH_EUR,105.3083989419
2023-10-31,LAB_CASH_EUR,105.3151779035
2023-11-01,LAB_CASH_EUR,105.3464128851
2023-11-02,LAB_CASH_EUR,105.3827547066
2023-11-03,LAB_CASH_EUR,105.3550754161
2023-11-06,LAB_CASH_EUR,105.4166636658
2023-11-07,LAB_CASH_EUR,105.4503946596
2023-11-08,LAB_CASH_EUR,105.4352126670
2023-11-09,LAB_CASH_EUR,105.4601371199
2023-11-10,LAB_CASH_EUR,105.4662284013
2023-11-13,LAB_CASH_EUR,105.4438066671
2023-11-14,LAB_CASH_EUR,105.4534537412
2023-11-15,LAB_CASH_EUR,105.4327599805
2023-11-16,LAB_CASH_EUR,105.4530431876
2023-11-17,LAB_CASH_EUR,105.4404755367
2023-11-20,LAB_CASH_EUR,105.4620839866
2023-11-21,LAB_CASH_EUR,105.4673215884
2023-11-22,LAB_CASH_EUR,105.4629854090
2023-11-23,LAB_CASH_EUR,105.4523117733
2023-11-24,LAB_CASH_EUR,105.4502051531
2023-11-27,LAB_CASH_EUR,105.4571008784
2023-11-28,LAB_CASH_EUR,105.4442141648
2023-11-29,LAB_CASH_EUR,105.4410525501
2023-11-30,LAB_CASH_EUR,105.4896621076
2023-12-01,LAB_CASH_EUR,105.5278827614
2023-12-04,LAB_CASH_EUR,105.5116761122
2023-12-05,LAB_CASH_EUR,105.5375182405
2023-12-06,LAB_CASH_EUR,105.5587759728
2023-12-07,LAB_CASH_EUR,105.5527530578
2023-12-08,LAB_CASH_EUR,105.5560838633
2023-12-11,LAB_CASH_EUR,105.5661010169
2023-12-12,LAB_CASH_EUR,105.5817458417
2023-12-13,LAB_CASH_EUR,105.6101082563
2023-12-14,LAB_CASH_EUR,105.5953138395
2023-12-15,LAB_CASH_EUR,105.6250612776
2023-12-18,LAB_CASH_EUR,105.6790814256
2023-12-19,LAB_CASH_EUR,105.6487930322
2023-12-20,LAB_CASH_EUR,105.5888221548
2023-12-21,LAB_CASH_EUR,105.5887771216
2023-12-22,LAB_CASH_EUR,105.6064035299
2023-12-25,LAB_CASH_EUR,105.5969716936
2023-12-26,LAB_CASH_EUR,105.6124714706
2023-12-27,LAB_CASH_EUR,105.6565331548
2023-12-28,LAB_CASH_EUR,105.6857841169
2023-12-29,LAB_CASH_EUR,105.6634920653
2024-01-01,LAB_CASH_EUR,105.6966679840
2024-01-02,LAB_CASH_EUR,105.7498321107
2024-01-03,LAB_CASH_EUR,105.7956147807
2024-01-04,LAB_CASH_EUR,105.7936171334
2024-01-05,LAB_CASH_EUR,105.8341675887
2024-01-08,LAB_CASH_EUR,105.8085461759
2024-01-09,LAB_CASH_EUR,105.7861037678
2024-01-10,LAB_CASH_EUR,105.7783799511
2024-01-11,LAB_CASH_EUR,105.7860265108
2024-01-12,LAB_CASH_EUR,105.7410284635
2024-01-15,LAB_CASH_EUR,105.7709582043
2024-01-16,LAB_CASH_EUR,105.7912215344
2024-01-17,LAB_CASH_EUR,105.8165795627
2024-01-18,LAB_CASH_EUR,105.8396088900
2024-01-19,LAB_CASH_EUR,105.8376014691
2024-01-22,LAB_CASH_EUR,105.8785960618
2024-01-23,LAB_CASH_EUR,105.8360327834
2024-01-24,LAB_CASH_EUR,105.8507714339
2024-01-25,LAB_CASH_EUR,105.8826966316
2024-01-26,LAB_CASH_EUR,105.9196973773
2024-01-29,LAB_CASH_EUR,105.8947203259
2024-01-30,LAB_CASH_EUR,105.8586644772
2024-01-31,LAB_CASH_EUR,105.8761807536
2024-02-01,LAB_CASH_EUR,105.9052433725
2024-02-02,LAB_CASH_EUR,105.9575384964
2024-02-05,LAB_CASH_EUR,105.9454519517
2024-02-06,LAB_CASH_EUR,105.9530621437
2024-02-07,LAB_CASH_EUR,105.9867847375
2024-02-08,LAB_CASH_EUR,105.9573205416
2024-02-09,LAB_CASH_EUR,105.9728252676
2024-02-12,LAB_CASH_EUR,105.9974963762
2024-02-13,LAB_CASH_EUR,105.9811744403
2024-02-14,LAB_CASH_EUR,105.9504177421
2024-02-15,LAB_CASH_EUR,105.9789486979
2024-02-16,LAB_CASH_EUR,106.0069566097
2024-02-19,LAB_CASH_EUR,105.9945423148
2024-02-20,LAB_CASH_EUR,106.0031664899
2024-02-21,LAB_CASH_EUR,106.0837273640
2024-02-22,LAB_CASH_EUR,106.0762398267
2024-02-23,LAB_CASH_EUR,106.0935661535
2024-02-26,LAB_CASH_EUR,106.0634363792
2024-02-27,LAB_CASH_EUR,106.0532227277
2024-02-28,LAB_CASH_EUR,106.0646051479
2024-02-29,LAB_CASH_EUR,106.0767137508
2024-03-01,LAB_CASH_EUR,106.1184770567
2024-03-04,LAB_CASH_EUR,106.1260633558
2024-03-05,LAB_CASH_EUR,106.0983318164
2024-03-06,LAB_CASH_EUR,106.1247226766
2024-03-07,LAB_CASH_EUR,106.1471051960
2024-03-08,LAB_CASH_EUR,106.1843959917
2024-03-11,LAB_CASH_EUR,106.1809722077
2024-03-12,LAB_CASH_EUR,106.1792852609
2024-03-13,LAB_CASH_EUR,106.1886788394
2024-03-14,LAB_CASH_EUR,106.2054717660
2024-03-15,LAB_CASH_EUR,106.2063371762
2024-03-18,LAB_CASH_EUR,106.2156569306
2024-03-19,LAB_CASH_EUR,106.2243058088
2024-03-20,LAB_CASH_EUR,106.2429648519
2024-03-21,LAB_CASH_EUR,106.2206345958
2024-03-22,LAB_CASH_EUR,106.2148252083
2024-03-25,LAB_CASH_EUR,106.2060063881
2024-03-26,LAB_CASH_EUR,106.2164384186
2024-03-27,LAB_CASH_EUR,106.2279197300
2024-03-28,LAB_CASH_EUR,106.2542961829
2024-03-29,LAB_CASH_EUR,106.2719707796
2024-04-01,LAB_CASH_EUR,106.2909624735
2024-04-02,LAB_CASH_EUR,106.2391717596
2024-04-03,LAB_CASH_EUR,106.2466383953
2024-04-04,LAB_CASH_EUR,106.2655478239
2024-04-05,LAB_CASH_EUR,106.2964704251
2024-04-08,LAB_CASH_EUR,106.2980634050
2024-04-09,LAB_CASH_EUR,106.3280223545
2024-04-10,LAB_CASH_EUR,106.3647386835
2024-04-11,LAB_CASH_EUR,106.3462160976
2024-04-12,LAB_CASH_EUR,106.3779019955
2024-04-15,LAB_CASH_EUR,106.3991774512
2024-04-16,LAB_CASH_EUR,106.3925765632
2024-04-17,LAB_CASH_EUR,106.4167163859
2024-04-18,LAB_CASH_EUR,106.3864503473
2024-04-19,LAB_CASH_EUR,106.3794906146
2024-04-22,LAB_CASH_EUR,106.3934513187
2024-04-23,LAB_CASH_EUR,106.4180967991
2024-04-24,LAB_CASH_EUR,106.4494981284
2024-04-25,LAB_CASH_EUR,106.4331277999
2024-04-26,LAB_CASH_EUR,106.4607068501
2024-04-29,LAB_CASH_EUR,106.4912588083
2024-04-30,LAB_CASH_EUR,106.4882867894
2024-05-01,LAB_CASH_EUR,106.5051497700
2024-05-02,LAB_CASH_EUR,106.5277499385
2024-05-03,LAB_CASH_EUR,106.4922493337
2024-05-06,LAB_CASH_EUR,106.4941925183
2024-05-07,LAB_CASH_EUR,106.5385064399
2024-05-08,LAB_CASH_EUR,106.5184636335
2024-05-09,LAB_CASH_EUR,106.4925808483
2024-05-10,LAB_CASH_EUR,106.4801322470
2024-05-13,LAB_CASH_EUR,106.4932866747
2024-05-14,LAB_CASH_EUR,106.5177601759
2024-05-15,LAB_CASH_EUR,106.5128801870
2024-05-16,LAB_CASH_EUR,106.5142481909
2024-05-17,LAB_CASH_EUR,106.4980516863
2024-05-20,LAB_CASH_EUR,106.5013303663
2024-05-21,LAB_CASH_EUR,106.5102618236
2024-05-22,LAB_CASH_EUR,106.4916708135
2024-05-23,LAB_CASH_EUR,106.4299126406
2024-05-24,LAB_CASH_EUR,106.4123191188
2024-05-27,LAB_CASH_EUR,106.4434573138
2024-05-28,LAB_CASH_EUR,106.4800086203
2024-05-29,LAB_CASH_EUR,106.5028703440
2024-05-30,LAB_CASH_EUR,106.4789098880
2024-05-31,LAB_CASH_EUR,106.4268795802
2024-06-03,LAB_CASH_EUR,106.4839474918
2024-06-04,LAB_CASH_EUR,106.4997225512
2024-06-05,LAB_CASH_EUR,106.4692111421
2024-06-06,LAB_CASH_EUR,106.4704618768
2024-06-07,LAB_CASH_EUR,106.5068398943
2024-06-10,LAB_CASH_EUR,106.5325774270
2024-06-11,LAB_CASH_EUR,106.5578753158
2024-06-12,LAB_CASH_EUR,106.5802366837
2024-06-13,LAB_CASH_EUR,106.6292791242
2024-06-14,LAB_CASH_EUR,106.6139710973
2024-06-17,LAB_CASH_EUR,106.6238453102
2024-06-18,LAB_CASH_EUR,106.6499616318
2024-06-19,LAB_CASH_EUR,106.6676335403
2024-06-20,LAB_CASH_EUR,106.6997203379
2024-06-21,LAB_CASH_EUR,106.6594359915
2024-06-24,LAB_CASH_EUR,106.6457980525
2024-06-25,LAB_CASH_EUR,106.7045079632
2024-06-26,LAB_CASH_EUR,106.7396256154
2024-06-27,LAB_CASH_EUR,106.7550663637
2024-06-28,LAB_CASH_EUR,106.8002745684
2024-07-01,LAB_CASH_EUR,106.8377050686
2024-07-02,LAB_CASH_EUR,106.8296168667
2024-07-03,LAB_CASH_EUR,106.9123391235
2024-07-04,LAB_CASH_EUR,106.9032409209
2024-07-05,LAB_CASH_EUR,106.9070503655
2024-07-08,LAB_CASH_EUR,106.8611378630
2024-07-09,LAB_CASH_EUR,106.8406199509
2024-07-10,LAB_CASH_EUR,106.8527958820
2024-07-11,LAB_CASH_EUR,106.8959185549
2024-07-12,LAB_CASH_EUR,106.9173912063
2024-07-15,LAB_CASH_EUR,106.9301781320
2024-07-16,LAB_CASH_EUR,106.9541931796
2024-07-17,LAB_CASH_EUR,106.9727795126
2024-07-18,LAB_CASH_EUR,107.0092566251
2024-07-19,LAB_CASH_EUR,107.0994985655
2024-07-22,LAB_CASH_EUR,107.1122031020
2024-07-23,LAB_CASH_EUR,107.1104571993
2024-07-24,LAB_CASH_EUR,107.1194882825
2024-07-25,LAB_CASH_EUR,107.1459164377
2024-07-26,LAB_CASH_EUR,107.0988679378
2024-07-29,LAB_CASH_EUR,107.1565853947
2024-07-30,LAB_CASH_EUR,107.1757529315
2024-07-31,LAB_CASH_EUR,107.2078986327
2024-08-01,LAB_CASH_EUR,107.2196437498
2024-08-02,LAB_CASH_EUR,107.2239119452
2024-08-05,LAB_CASH_EUR,107.2458095845
2024-08-06,LAB_CASH_EUR,107.2612686241
2024-08-07,LAB_CASH_EUR,107.2081514914
2024-08-08,LAB_CASH_EUR,107.1727050312
2024-08-09,LAB_CASH_EUR,107.1180589876
2024-08-12,LAB_CASH_EUR,107.1889056104
2024-08-13,LAB_CASH_EUR,107.1845069210
2024-08-14,LAB_CASH_EUR,107.1947445258
2024-08-15,LAB_CASH_EUR,107.1814970296
2024-08-16,LAB_CASH_EUR,107.2112035944
2024-08-19,LAB_CASH_EUR,107.2319983579
2024-08-20,LAB_CASH_EUR,107.2409380616
2024-08-21,LAB_CASH_EUR,107.2285795693
2024-08-22,LAB_CASH_EUR,107.2099619165
2024-08-23,LAB_CASH_EUR,107.2106630195
2024-08-26,LAB_CASH_EUR,107.2321513158
2024-08-27,LAB_CASH_EUR,107.2127317386
2024-08-28,LAB_CASH_EUR,107.2307428260
2024-08-29,LAB_CASH_EUR,107.2256894536
2024-08-30,LAB_CASH_EUR,107.2488131266
2024-09-02,LAB_CASH_EUR,107.2210795173
2024-09-03,LAB_CASH_EUR,107.2387250793
2024-09-04,LAB_CASH_EUR,107.2294257882
2024-09-05,LAB_CASH_EUR,107.2422910209
2024-09-06,LAB_CASH_EUR,107.2755258570
2024-09-09,LAB_CASH_EUR,107.2455088464
2024-09-10,LAB_CASH_EUR,107.2629591708
2024-09-11,LAB_CASH_EUR,107.2598641513
2024-09-12,LAB_CASH_EUR,107.2439524160
2024-09-13,LAB_CASH_EUR,107.2555128664
2024-09-16,LAB_CASH_EUR,107.2075937607
2024-09-17,LAB_CASH_EUR,107.2164525245
2024-09-18,LAB_CASH_EUR,107.2132636129
2024-09-19,LAB_CASH_EUR,107.2470642623
2024-09-20,LAB_CASH_EUR,107.2674219031
2024-09-23,LAB_CASH_EUR,107.2646532213
2024-09-24,LAB_CASH_EUR,107.2818380944
2024-09-25,LAB_CASH_EUR,107.2632341692
2024-09-26,LAB_CASH_EUR,107.2941052941
2024-09-27,LAB_CASH_EUR,107.3110952374
2024-09-30,LAB_CASH_EUR,107.3459578927
2024-10-01,LAB_CASH_EUR,107.3683683541
2024-10-02,LAB_CASH_EUR,107.4198760224
2024-10-03,LAB_CASH_EUR,107.4296385187
2024-10-04,LAB_CASH_EUR,107.4389400872
2024-10-07,LAB_CASH_EUR,107.4615356962
2024-10-08,LAB_CASH_EUR,107.4377953133
2024-10-09,LAB_CASH_EUR,107.4554226077
2024-10-10,LAB_CASH_EUR,107.4308170950
2024-10-11,LAB_CASH_EUR,107.4728342793
2024-10-14,LAB_CASH_EUR,107.4906834287
2024-10-15,LAB_CASH_EUR,107.5299373257
2024-10-16,LAB_CASH_EUR,107.5548201290
2024-10-17,LAB_CASH_EUR,107.5275555544
2024-10-18,LAB_CASH_EUR,107.5148953245
2024-10-21,LAB_CASH_EUR,107.5274441989
2024-10-22,LAB_CASH_EUR,107.5009993783
2024-10-23,LAB_CASH_EUR,107.5177756539
2024-10-24,LAB_CASH_EUR,107.5017907098
2024-10-25,LAB_CASH_EUR,107.4818682475
2024-10-28,LAB_CASH_EUR,107.4455808904
2024-10-29,LAB_CASH_EUR,107.4323244134
2024-10-30,LAB_CASH_EUR,107.4709780290
2024-10-31,LAB_CASH_EUR,107.4594441867
2024-11-01,LAB_CASH_EUR,107.4648175579
2024-11-04,LAB_CASH_EUR,107.4976591331
2024-11-05,LAB_CASH_EUR,107.4869973120
2024-11-06,LAB_CASH_EUR,107.4798386344
2024-11-07,LAB_CASH_EUR,107.5276332452
2024-11-08,LAB_CASH_EUR,107.5614784858
2024-11-11,LAB_CASH_EUR,107.5820014373
2024-11-12,LAB_CASH_EUR,107.5639878199
2024-11-13,LAB_CASH_EUR,107.6014733030
2024-11-14,LAB_CASH_EUR,107.6452238911
2024-11-15,LAB_CASH_EUR,107.7102577572
2024-11-18,LAB_CASH_EUR,107.6862428525
2024-11-19,LAB_CASH_EUR,107.6616088291
2024-11-20,LAB_CASH_EUR,107.6949620344
2024-11-21,LAB_CASH_EUR,107.6983774676
2024-11-22,LAB_CASH_EUR,107.7081539727
2024-11-25,LAB_CASH_EUR,107.7207568235
2024-11-26,LAB_CASH_EUR,107.7287970993
2024-11-27,LAB_CASH_EUR,107.7122719083
2024-11-28,LAB_CASH_EUR,107.7279931003
2024-11-29,LAB_CASH_EUR,107.8262171298
2024-12-02,LAB_CASH_EUR,107.8611774592
2024-12-03,LAB_CASH_EUR,107.8285256952
2024-12-04,LAB_CASH_EUR,107.8796915659
2024-12-05,LAB_CASH_EUR,107.8676806952
2024-12-06,LAB_CASH_EUR,107.8315410347
2024-12-09,LAB_CASH_EUR,107.8192454563
2024-12-10,LAB_CASH_EUR,107.8017249446
2024-12-11,LAB_CASH_EUR,107.8751517022
2024-12-12,LAB_CASH_EUR,107.8520860767
2024-12-13,LAB_CASH_EUR,107.8434176041
2024-12-16,LAB_CASH_EUR,107.8814170473
2024-12-17,LAB_CASH_EUR,107.8656462792
2024-12-18,LAB_CASH_EUR,107.8272898567
2024-12-19,LAB_CASH_EUR,107.8097534381
2024-12-20,LAB_CASH_EUR,107.8261617441
2024-12-23,LAB_CASH_EUR,107.8333578446
2024-12-24,LAB_CASH_EUR,107.8393504731
2024-12-25,LAB_CASH_EUR,107.8475993736
2024-12-26,LAB_CASH_EUR,107.8909817883
2024-12-27,LAB_CASH_EUR,107.9217342621
2024-12-30,LAB_CASH_EUR,107.8912268243
2024-12-31,LAB_CASH_EUR,107.9598675734
2025-01-01,LAB_CASH_EUR,107.9862290475
2025-01-02,LAB_CASH_EUR,108.0045412428
2025-01-03,LAB_CASH_EUR,107.9863841554
2025-01-06,LAB_CASH_EUR,108.0103823441
2025-01-07,LAB_CASH_EUR,108.0731317695
2025-01-08,LAB_CASH_EUR,108.1321455300
2025-01-09,LAB_CASH_EUR,108.1677886219
2025-01-10,LAB_CASH_EUR,108.1411112202
2025-01-13,LAB_CASH_EUR,108.0923255571
2025-01-14,LAB_CASH_EUR,108.1489439500
2025-01-15,LAB_CASH_EUR,108.1520300206
2025-01-16,LAB_CASH_EUR,108.1236275813
2025-01-17,LAB_CASH_EUR,108.1541116807
2025-01-20,LAB_CASH_EUR,108.2105592315
2025-01-21,LAB_CASH_EUR,108.2361345924
2025-01-22,LAB_CASH_EUR,108.2213575675
2025-01-23,LAB_CASH_EUR,108.2070697570
2025-01-24,LAB_CASH_EUR,108.1806817511
2025-01-27,LAB_CASH_EUR,108.1382296817
2025-01-28,LAB_CASH_EUR,108.1849144405
2025-01-29,LAB_CASH_EUR,108.1749060411
2025-01-30,LAB_CASH_EUR,108.1392012575
2025-01-31,LAB_CASH_EUR,108.1549921891
2025-02-03,LAB_CASH_EUR,108.1640023025
2025-02-04,LAB_CASH_EUR,108.2100959020
2025-02-05,LAB_CASH_EUR,108.1891255951
2025-02-06,LAB_CASH_EUR,108.1992562576
2025-02-07,LAB_CASH_EUR,108.2377807406
2025-02-10,LAB_CASH_EUR,108.2231284416
2025-02-11,LAB_CASH_EUR,108.1806018000
2025-02-12,LAB_CASH_EUR,108.2430745493
2025-02-13,LAB_CASH_EUR,108.2291150010
2025-02-14,LAB_CASH_EUR,108.2373585748
2025-02-17,LAB_CASH_EUR,108.2409102203
2025-02-18,LAB_CASH_EUR,108.2510884419
2025-02-19,LAB_CASH_EUR,108.3065357599
2025-02-20,LAB_CASH_EUR,108.3257860724
2025-02-21,LAB_CASH_EUR,108.3301435715
2025-02-24,LAB_CASH_EUR,108.3534886956
2025-02-25,LAB_CASH_EUR,108.4157975241
2025-02-26,LAB_CASH_EUR,108.4126010544
2025-02-27,LAB_CASH_EUR,108.4073248465
2025-02-28,LAB_CASH_EUR,108.4102078548
2025-03-03,LAB_CASH_EUR,108.4173192728
2025-03-04,LAB_CASH_EUR,108.4273563760
2025-03-05,LAB_CASH_EUR,108.3965321297
2025-03-06,LAB_CASH_EUR,108.4641180958
2025-03-07,LAB_CASH_EUR,108.4774858893
2025-03-10,LAB_CASH_EUR,108.4768323996
2025-03-11,LAB_CASH_EUR,108.4656334587
2025-03-12,LAB_CASH_EUR,108.4836384211
2025-03-13,LAB_CASH_EUR,108.4929061034
2025-03-14,LAB_CASH_EUR,108.5033260217
2025-03-17,LAB_CASH_EUR,108.5092967732
2025-03-18,LAB_CASH_EUR,108.5252481068
2025-03-19,LAB_CASH_EUR,108.5213163169
2025-03-20,LAB_CASH_EUR,108.5874658985
2025-03-21,LAB_CASH_EUR,108.5727171556
2025-03-24,LAB_CASH_EUR,108.5764246058
2025-03-25,LAB_CASH_EUR,108.6365197210
2025-03-26,LAB_CASH_EUR,108.5999272767
2025-03-27,LAB_CASH_EUR,108.6286761247
2025-03-28,LAB_CASH_EUR,108.6500654516
2025-03-31,LAB_CASH_EUR,108.6637094325
2025-04-01,LAB_CASH_EUR,108.6805049838
2025-04-02,LAB_CASH_EUR,108.7116632206
2025-04-03,LAB_CASH_EUR,108.7324464128
2025-04-04,LAB_CASH_EUR,108.7248446775
2025-04-07,LAB_CASH_EUR,108.7412669184
2025-04-08,LAB_CASH_EUR,108.7544014023
2025-04-09,LAB_CASH_EUR,108.7691598069
2025-04-10,LAB_CASH_EUR,108.7711558802
2025-04-11,LAB_CASH_EUR,108.7944471921
2025-04-14,LAB_CASH_EUR,108.8481135695
2025-04-15,LAB_CASH_EUR,108.8271948264
2025-04-16,LAB_CASH_EUR,108.8015957387
2025-04-17,LAB_CASH_EUR,108.8361839217
2025-04-18,LAB_CASH_EUR,108.8675180990
2025-04-21,LAB_CASH_EUR,108.8419953148
2025-04-22,LAB_CASH_EUR,108.8591630258
2025-04-23,LAB_CASH_EUR,108.8910588700
2025-04-24,LAB_CASH_EUR,108.9068303470
2025-04-25,LAB_CASH_EUR,108.9707841615
2025-04-28,LAB_CASH_EUR,108.9259834240
2025-04-29,LAB_CASH_EUR,108.9118728874
2025-04-30,LAB_CASH_EUR,108.9166426771
2025-05-01,LAB_CASH_EUR,108.9357196989
2025-05-02,LAB_CASH_EUR,108.9520532760
2025-05-05,LAB_CASH_EUR,108.9751513765
2025-05-06,LAB_CASH_EUR,109.0151618740
2025-05-07,LAB_CASH_EUR,109.0549150339
2025-05-08,LAB_CASH_EUR,109.0426222480
2025-05-09,LAB_CASH_EUR,109.0511493463
2025-05-12,LAB_CASH_EUR,109.0359610361
2025-05-13,LAB_CASH_EUR,109.0753004562
2025-05-14,LAB_CASH_EUR,109.0552532821
2025-05-15,LAB_CASH_EUR,109.0518021552
2025-05-16,LAB_CASH_EUR,109.0200685258
2025-05-19,LAB_CASH_EUR,109.0355872608
2025-05-20,LAB_CASH_EUR,109.0177614306
2025-05-21,LAB_CASH_EUR,109.0508915429
2025-05-22,LAB_CASH_EUR,109.0169372324
2025-05-23,LAB_CASH_EUR,109.0036544671
2025-05-26,LAB_CASH_EUR,109.0906327410
2025-05-27,LAB_CASH_EUR,109.0924134850
2025-05-28,LAB_CASH_EUR,109.1563482826
2025-05-29,LAB_CASH_EUR,109.1525741532
2025-05-30,LAB_CASH_EUR,109.1732848475
2025-06-02,LAB_CASH_EUR,109.1970511433
2025-06-03,LAB_CASH_EUR,109.1565023427
2025-06-04,LAB_CASH_EUR,109.1381032484
2025-06-05,LAB_CASH_EUR,109.1322283572
2025-06-06,LAB_CASH_EUR,109.1092890055
2025-06-09,LAB_CASH_EUR,109.1304889184
2025-06-10,LAB_CASH_EUR,109.1360333244
2025-06-11,LAB_CASH_EUR,109.1548770160
2025-06-12,LAB_CASH_EUR,109.1925791166
2025-06-13,LAB_CASH_EUR,109.2232147940
2025-06-16,LAB_CASH_EUR,109.2030682229
2025-06-17,LAB_CASH_EUR,109.2649353823
2025-06-18,LAB_CASH_EUR,109.2547729657
2025-06-19,LAB_CASH_EUR,109.2694310348
2025-06-20,LAB_CASH_EUR,109.3005773480
2025-06-23,LAB_CASH_EUR,109.3230565460
2025-06-24,LAB_CASH_EUR,109.2680262117
2025-06-25,LAB_CASH_EUR,109.3004939961
2025-06-26,LAB_CASH_EUR,109.3014195698
2025-06-27,LAB_CASH_EUR,109.2786025904
2025-06-30,LAB_CASH_EUR,109.2503494947
2025-07-01,LAB_CASH_EUR,109.2777927256
2025-07-02,LAB_CASH_EUR,109.2695128223
2025-07-03,LAB_CASH_EUR,109.2653189846
2025-07-04,LAB_CASH_EUR,109.2355285353
2025-07-07,LAB_CASH_EUR,109.2185880951
2025-07-08,LAB_CASH_EUR,109.2296740247
2025-07-09,LAB_CASH_EUR,109.2823702358
2025-07-10,LAB_CASH_EUR,109.2942760388
2025-07-11,LAB_CASH_EUR,109.2636752897
2025-07-14,LAB_CASH_EUR,109.2729411509
2025-07-15,LAB_CASH_EUR,109.3024265726
2025-07-16,LAB_CASH_EUR,109.2694318275
2025-07-17,LAB_CASH_EUR,109.2563943495
2025-07-18,LAB_CASH_EUR,109.2746159328
2025-07-21,LAB_CASH_EUR,109.3029201001
2025-07-22,LAB_CASH_EUR,109.2983270430
2025-07-23,LAB_CASH_EUR,109.3047341301
2025-07-24,LAB_CASH_EUR,109.3048129919
2025-07-25,LAB_CASH_EUR,109.3480236233
2025-07-28,LAB_CASH_EUR,109.3222499028
2025-07-29,LAB_CASH_EUR,109.3082627495
2025-07-30,LAB_CASH_EUR,109.2935938485
2025-07-31,LAB_CASH_EUR,109.2675377791
2025-08-01,LAB_CASH_EUR,109.2596222121
2025-08-04,LAB_CASH_EUR,109.2263441045
2025-08-05,LAB_CASH_EUR,109.2931000404
2025-08-06,LAB_CASH_EUR,109.3200681926
2025-08-07,LAB_CASH_EUR,109.2829937507
2025-08-08,LAB_CASH_EUR,109.2924285080
2025-08-11,LAB_CASH_EUR,109.3135285029
2025-08-12,LAB_CASH_EUR,109.2833229759
2025-08-13,LAB_CASH_EUR,109.3166584433
2025-08-14,LAB_CASH_EUR,109.2954239958
2025-08-15,LAB_CASH_EUR,109.3195062866
2025-08-18,LAB_CASH_EUR,109.3387928883
2025-08-19,LAB_CASH_EUR,109.3553381808
2025-08-20,LAB_CASH_EUR,109.3566571898
2025-08-21,LAB_CASH_EUR,109.3939244116
2025-08-22,LAB_CASH_EUR,109.4213291070
2025-08-25,LAB_CASH_EUR,109.4045118595
2025-08-26,LAB_CASH_EUR,109.4005586296
2025-08-27,LAB_CASH_EUR,109.3866463508
2025-08-28,LAB_CASH_EUR,109.3987535255
2025-08-29,LAB_CASH_EUR,109.4120416294
2025-09-01,LAB_CASH_EUR,109.4902826461
2025-09-02,LAB_CASH_EUR,109.5218136458
2025-09-03,LAB_CASH_EUR,109.5312426222
2025-09-04,LAB_CASH_EUR,109.5239083972
2025-09-05,LAB_CASH_EUR,109.5343124359
2025-09-08,LAB_CASH_EUR,109.5743247796
2025-09-09,LAB_CASH_EUR,109.5308109379
2025-09-10,LAB_CASH_EUR,109.5351020481
2025-09-11,LAB_CASH_EUR,109.5645109405
2025-09-12,LAB_CASH_EUR,109.5758224829
2025-09-15,LAB_CASH_EUR,109.6218662267
2025-09-16,LAB_CASH_EUR,109.6291461350
2025-09-17,LAB_CASH_EUR,109.6261918664
2025-09-18,LAB_CASH_EUR,109.6150651506
2025-09-19,LAB_CASH_EUR,109.6033278875
2025-09-22,LAB_CASH_EUR,109.6083719112
2025-09-23,LAB_CASH_EUR,109.6046262049
2025-09-24,LAB_CASH_EUR,109.6814357386
2025-09-25,LAB_CASH_EUR,109.6492649673
2025-09-26,LAB_CASH_EUR,109.6786092344
2025-09-29,LAB_CASH_EUR,109.6814805044
2025-09-30,LAB_CASH_EUR,109.6714390610
2025-10-01,LAB_CASH_EUR,109.7024889583
2025-10-02,LAB_CASH_EUR,109.6904738585
2025-10-03,LAB_CASH_EUR,109.7016387594
2025-10-06,LAB_CASH_EUR,109.7630179890
2025-10-07,LAB_CASH_EUR,109.8165244197
2025-10-08,LAB_CASH_EUR,109.7739479618
2025-10-09,LAB_CASH_EUR,109.7496300272
2025-10-10,LAB_CASH_EUR,109.7214034001
2025-10-13,LAB_CASH_EUR,109.7226819072
2025-10-14,LAB_CASH_EUR,109.6839619754
2025-10-15,LAB_CASH_EUR,109.7073789672
2025-10-16,LAB_CASH_EUR,109.7371008935
2025-10-17,LAB_CASH_EUR,109.7922619632
2025-10-20,LAB_CASH_EUR,109.8035716379
2025-10-21,LAB_CASH_EUR,109.8555390757
2025-10-22,LAB_CASH_EUR,109.8671079741
2025-10-23,LAB_CASH_EUR,109.8611301744
2025-10-24,LAB_CASH_EUR,109.8871152227
2025-10-27,LAB_CASH_EUR,109.8633691950
2025-10-28,LAB_CASH_EUR,109.8448571129
2025-10-29,LAB_CASH_EUR,109.8206992925
2025-10-30,LAB_CASH_EUR,109.8526547828
2025-10-31,LAB_CASH_EUR,109.8928918394
2025-11-03,LAB_CASH_EUR,109.8559052084
2025-11-04,LAB_CASH_EUR,109.8784777848
2025-11-05,LAB_CASH_EUR,109.8698834048
2025-11-06,LAB_CASH_EUR,109.8795935299
2025-11-07,LAB_CASH_EUR,109.8811793721
2025-11-10,LAB_CASH_EUR,109.9053980742
2025-11-11,LAB_CASH_EUR,109.9218120933
2025-11-12,LAB_CASH_EUR,109.9577675805
2025-11-13,LAB_CASH_EUR,109.9075483831
2025-11-14,LAB_CASH_EUR,109.8958307634
2025-11-17,LAB_CASH_EUR,109.9281345255
2025-11-18,LAB_CASH_EUR,109.9162031708
2025-11-19,LAB_CASH_EUR,109.9018416410
2025-11-20,LAB_CASH_EUR,109.9097730987
2025-11-21,LAB_CASH_EUR,109.9178799860
2025-11-24,LAB_CASH_EUR,109.9213098195
2025-11-25,LAB_CASH_EUR,109.9640931548
2025-11-26,LAB_CASH_EUR,109.9452972189
2025-11-27,LAB_CASH_EUR,109.9202576813
2025-11-28,LAB_CASH_EUR,109.9589899627
2025-12-01,LAB_CASH_EUR,109.9537288967
2025-12-02,LAB_CASH_EUR,109.9234180637
2025-12-03,LAB_CASH_EUR,109.9539027493
2025-12-04,LAB_CASH_EUR,109.9319111634
2025-12-05,LAB_CASH_EUR,109.9504337057
2025-12-08,LAB_CASH_EUR,109.9910876598
2025-12-09,LAB_CASH_EUR,109.9650783182
2025-12-10,LAB_CASH_EUR,109.9535962755
2025-12-11,LAB_CASH_EUR,109.9565838634
2025-12-12,LAB_CASH_EUR,109.9704835505
2025-12-15,LAB_CASH_EUR,109.9633675372
2025-12-16,LAB_CASH_EUR,109.9760692378
2025-12-17,LAB_CASH_EUR,110.0334819075
2025-12-18,LAB_CASH_EUR,110.0870221997
2025-12-19,LAB_CASH_EUR,110.1330684588
2025-12-22,LAB_CASH_EUR,110.1424407666
2025-12-23,LAB_CASH_EUR,110.1124708805
2025-12-24,LAB_CASH_EUR,110.0720268513
2025-12-25,LAB_CASH_EUR,110.0905667599
2025-12-26,LAB_CASH_EUR,110.0699081869
2025-12-29,LAB_CASH_EUR,110.0413683031
2025-12-30,LAB_CASH_EUR,110.0796153263
2025-12-31,LAB_CASH_EUR,110.1038749428
2021-01-04,LAB_COM_ENERGY_USD,73.0000000000
2021-01-05,LAB_COM_ENERGY_USD,73.7386347381
2021-01-06,LAB_COM_ENERGY_USD,71.3684272681
2021-01-07,LAB_COM_ENERGY_USD,72.7768755827
2021-01-08,LAB_COM_ENERGY_USD,73.6395509547
2021-01-11,LAB_COM_ENERGY_USD,74.2982773948
2021-01-12,LAB_COM_ENERGY_USD,75.4536266482
2021-01-13,LAB_COM_ENERGY_USD,77.7580036634
2021-01-14,LAB_COM_ENERGY_USD,77.9430041317
2021-01-15,LAB_COM_ENERGY_USD,79.5215291144
2021-01-18,LAB_COM_ENERGY_USD,79.5965115728
2021-01-19,LAB_COM_ENERGY_USD,78.8325615831
2021-01-20,LAB_COM_ENERGY_USD,80.9550172587
2021-01-21,LAB_COM_ENERGY_USD,78.6757744243
2021-01-22,LAB_COM_ENERGY_USD,79.5589361291
2021-01-25,LAB_COM_ENERGY_USD,80.0630664444
2021-01-26,LAB_COM_ENERGY_USD,79.6554932659
2021-01-27,LAB_COM_ENERGY_USD,80.1451744098
2021-01-28,LAB_COM_ENERGY_USD,79.3964073512
2021-01-29,LAB_COM_ENERGY_USD,81.3837599946
2021-02-01,LAB_COM_ENERGY_USD,82.0397640093
2021-02-02,LAB_COM_ENERGY_USD,80.9565369077
2021-02-03,LAB_COM_ENERGY_USD,79.0883443448
2021-02-04,LAB_COM_ENERGY_USD,80.9943752046
2021-02-05,LAB_COM_ENERGY_USD,80.0475179791
2021-02-08,LAB_COM_ENERGY_USD,78.7454579698
2021-02-09,LAB_COM_ENERGY_USD,78.1886449749
2021-02-10,LAB_COM_ENERGY_USD,81.2985277489
2021-02-11,LAB_COM_ENERGY_USD,79.1591518565
2021-02-12,LAB_COM_ENERGY_USD,75.6294661989
2021-02-15,LAB_COM_ENERGY_USD,74.3611737254
2021-02-16,LAB_COM_ENERGY_USD,74.5021716311
2021-02-17,LAB_COM_ENERGY_USD,74.3017457711
2021-02-18,LAB_COM_ENERGY_USD,72.9254447706
2021-02-19,LAB_COM_ENERGY_USD,72.0161091771
2021-02-22,LAB_COM_ENERGY_USD,69.8361393676
2021-02-23,LAB_COM_ENERGY_USD,71.2913820594
2021-02-24,LAB_COM_ENERGY_USD,70.0957149436
2021-02-25,LAB_COM_ENERGY_USD,69.6263568470
2021-02-26,LAB_COM_ENERGY_USD,69.3247654337
2021-03-01,LAB_COM_ENERGY_USD,68.8989213576
2021-03-02,LAB_COM_ENERGY_USD,68.6900473894
2021-03-03,LAB_COM_ENERGY_USD,66.7597360221
2021-03-04,LAB_COM_ENERGY_USD,68.1360695821
2021-03-05,LAB_COM_ENERGY_USD,67.2657460158
2021-03-08,LAB_COM_ENERGY_USD,66.0363135139
2021-03-09,LAB_COM_ENERGY_USD,64.5419645199
2021-03-10,LAB_COM_ENERGY_USD,65.8865446755
2021-03-11,LAB_COM_ENERGY_USD,65.6043511504
2021-03-12,LAB_COM_ENERGY_USD,64.4268181774
2021-03-15,LAB_COM_ENERGY_USD,65.8213833514
2021-03-16,LAB_COM_ENERGY_USD,68.0586613437
2021-03-17,LAB_COM_ENERGY_USD,70.7925952472
2021-03-18,LAB_COM_ENERGY_USD,71.9469769511
2021-03-19,LAB_COM_ENERGY_USD,71.4774216239
2021-03-22,LAB_COM_ENERGY_USD,71.4330030317
2021-03-23,LAB_COM_ENERGY_USD,71.6162056027
2021-03-24,LAB_COM_ENERGY_USD,70.8655628783
2021-03-25,LAB_COM_ENERGY_USD,71.2090368481
2021-03-26,LAB_COM_ENERGY_USD,73.3330382890
2021-03-29,LAB_COM_ENERGY_USD,75.0330301871
2021-03-30,LAB_COM_ENERGY_USD,74.8335999106
2021-03-31,LAB_COM_ENERGY_USD,72.6600786098
2021-04-01,LAB_COM_ENERGY_USD,71.7267651105
2021-04-02,LAB_COM_ENERGY_USD,68.6822282775
2021-04-05,LAB_COM_ENERGY_USD,68.7860544847
2021-04-06,LAB_COM_ENERGY_USD,67.6543523525
2021-04-07,LAB_COM_ENERGY_USD,66.8837787513
2021-04-08,LAB_COM_ENERGY_USD,65.1567250081
2021-04-09,LAB_COM_ENERGY_USD,64.4014039046
2021-04-12,LAB_COM_ENERGY_USD,63.3252197848
2021-04-13,LAB_COM_ENERGY_USD,63.4274451895
2021-04-14,LAB_COM_ENERGY_USD,63.3719042155
2021-04-15,LAB_COM_ENERGY_USD,61.8401614013
2021-04-16,LAB_COM_ENERGY_USD,63.2164798580
2021-04-19,LAB_COM_ENERGY_USD,63.6481356451
2021-04-20,LAB_COM_ENERGY_USD,62.4613570401
2021-04-21,LAB_COM_ENERGY_USD,63.3349911397
2021-04-22,LAB_COM_ENERGY_USD,64.7493034055
2021-04-23,LAB_COM_ENERGY_USD,65.0605244549
2021-04-26,LAB_COM_ENERGY_USD,65.4882899336
2021-04-27,LAB_COM_ENERGY_USD,63.6067969804
2021-04-28,LAB_COM_ENERGY_USD,64.6959659902
2021-04-29,LAB_COM_ENERGY_USD,63.2039436304
2021-04-30,LAB_COM_ENERGY_USD,62.5279716159
2021-05-03,LAB_COM_ENERGY_USD,60.5741063987
2021-05-04,LAB_COM_ENERGY_USD,60.3877566963
2021-05-05,LAB_COM_ENERGY_USD,59.7583776209
2021-05-06,LAB_COM_ENERGY_USD,60.2209705039
2021-05-07,LAB_COM_ENERGY_USD,60.9711728582
2021-05-10,LAB_COM_ENERGY_USD,59.9048657953
2021-05-11,LAB_COM_ENERGY_USD,60.7738450910
2021-05-12,LAB_COM_ENERGY_USD,60.9161950652
2021-05-13,LAB_COM_ENERGY_USD,61.2463687482
2021-05-14,LAB_COM_ENERGY_USD,59.2770342366
2021-05-17,LAB_COM_ENERGY_USD,58.8126699390
2021-05-18,LAB_COM_ENERGY_USD,59.4114864821
2021-05-19,LAB_COM_ENERGY_USD,61.0232898308
2021-05-20,LAB_COM_ENERGY_USD,61.9972641332
2021-05-21,LAB_COM_ENERGY_USD,61.4355427354
2021-05-24,LAB_COM_ENERGY_USD,61.8124377828
2021-05-25,LAB_COM_ENERGY_USD,62.1072218484
2021-05-26,LAB_COM_ENERGY_USD,63.0970080968
2021-05-27,LAB_COM_ENERGY_USD,65.1479607830
2021-05-28,LAB_COM_ENERGY_USD,64.9798328994
2021-05-31,LAB_COM_ENERGY_USD,68.8120811712
2021-06-01,LAB_COM_ENERGY_USD,69.7947349683
2021-06-02,LAB_COM_ENERGY_USD,71.1232595715
2021-06-03,LAB_COM_ENERGY_USD,72.2559770533
2021-06-04,LAB_COM_ENERGY_USD,73.3492415849
2021-06-07,LAB_COM_ENERGY_USD,74.2553674429
2021-06-08,LAB_COM_ENERGY_USD,78.5230063981
2021-06-09,LAB_COM_ENERGY_USD,79.5939513968
2021-06-10,LAB_COM_ENERGY_USD,81.1917089889
2021-06-11,LAB_COM_ENERGY_USD,83.9099291476
2021-06-14,LAB_COM_ENERGY_USD,85.9477367472
2021-06-15,LAB_COM_ENERGY_USD,87.9726622277
2021-06-16,LAB_COM_ENERGY_USD,87.1108264106
2021-06-17,LAB_COM_ENERGY_USD,86.0949406535
2021-06-18,LAB_COM_ENERGY_USD,85.1908538132
2021-06-21,LAB_COM_ENERGY_USD,84.8332765706
2021-06-22,LAB_COM_ENERGY_USD,83.1947530399
2021-06-23,LAB_COM_ENERGY_USD,84.2378015142
2021-06-24,LAB_COM_ENERGY_USD,84.7506756010
2021-06-25,LAB_COM_ENERGY_USD,86.0229740896
2021-06-28,LAB_COM_ENERGY_USD,86.1722113192
2021-06-29,LAB_COM_ENERGY_USD,85.0601329344
2021-06-30,LAB_COM_ENERGY_USD,84.1300098904
2021-07-01,LAB_COM_ENERGY_USD,84.3276895187
2021-07-02,LAB_COM_ENERGY_USD,84.5829113047
2021-07-05,LAB_COM_ENERGY_USD,81.3857336115
2021-07-06,LAB_COM_ENERGY_USD,82.0739238142
2021-07-07,LAB_COM_ENERGY_USD,84.1353719552
2021-07-08,LAB_COM_ENERGY_USD,86.4187279916
2021-07-09,LAB_COM_ENERGY_USD,83.9225150677
2021-07-12,LAB_COM_ENERGY_USD,83.4585034324
2021-07-13,LAB_COM_ENERGY_USD,82.1820491010
2021-07-14,LAB_COM_ENERGY_USD,83.8815693821
2021-07-15,LAB_COM_ENERGY_USD,83.0391544107
2021-07-16,LAB_COM_ENERGY_USD,83.8098058898
2021-07-19,LAB_COM_ENERGY_USD,82.9987956877
2021-07-20,LAB_COM_ENERGY_USD,82.0213719177
2021-07-21,LAB_COM_ENERGY_USD,85.1448691165
2021-07-22,LAB_COM_ENERGY_USD,84.6859901305
2021-07-23,LAB_COM_ENERGY_USD,84.1372574938
2021-07-26,LAB_COM_ENERGY_USD,83.0879051983
2021-07-27,LAB_COM_ENERGY_USD,83.0838309787
2021-07-28,LAB_COM_ENERGY_USD,84.0503877019
2021-07-29,LAB_COM_ENERGY_USD,83.5827825981
2021-07-30,LAB_COM_ENERGY_USD,81.3279257789
2021-08-02,LAB_COM_ENERGY_USD,79.7260032944
2021-08-03,LAB_COM_ENERGY_USD,79.6500733286
2021-08-04,LAB_COM_ENERGY_USD,78.0722350352
2021-08-05,LAB_COM_ENERGY_USD,76.5512549054
2021-08-06,LAB_COM_ENERGY_USD,77.2412406389
2021-08-09,LAB_COM_ENERGY_USD,76.4975287399
2021-08-10,LAB_COM_ENERGY_USD,76.9823518812
2021-08-11,LAB_COM_ENERGY_USD,77.5782461529
2021-08-12,LAB_COM_ENERGY_USD,77.0040988724
2021-08-13,LAB_COM_ENERGY_USD,77.2731448924
2021-08-16,LAB_COM_ENERGY_USD,78.1663910093
2021-08-17,LAB_COM_ENERGY_USD,77.5219243635
2021-08-18,LAB_COM_ENERGY_USD,76.6630932649
2021-08-19,LAB_COM_ENERGY_USD,75.5206940093
2021-08-20,LAB_COM_ENERGY_USD,75.8840787162
2021-08-23,LAB_COM_ENERGY_USD,76.6710333781
2021-08-24,LAB_COM_ENERGY_USD,76.5210213493
2021-08-25,LAB_COM_ENERGY_USD,76.8475303253
2021-08-26,LAB_COM_ENERGY_USD,77.3151939118
2021-08-27,LAB_COM_ENERGY_USD,76.9516181732
2021-08-30,LAB_COM_ENERGY_USD,78.1201550222
2021-08-31,LAB_COM_ENERGY_USD,75.5066659973
2021-09-01,LAB_COM_ENERGY_USD,73.9594603619
2021-09-02,LAB_COM_ENERGY_USD,73.5163033500
2021-09-03,LAB_COM_ENERGY_USD,72.9590198304
2021-09-06,LAB_COM_ENERGY_USD,71.6705562800
2021-09-07,LAB_COM_ENERGY_USD,71.4031865499
2021-09-08,LAB_COM_ENERGY_USD,71.0475146063
2021-09-09,LAB_COM_ENERGY_USD,69.0756826878
2021-09-10,LAB_COM_ENERGY_USD,69.3515023140
2021-09-13,LAB_COM_ENERGY_USD,67.2722964960
2021-09-14,LAB_COM_ENERGY_USD,66.2264420296
2021-09-15,LAB_COM_ENERGY_USD,67.0006068043
2021-09-16,LAB_COM_ENERGY_USD,68.7882609953
2021-09-17,LAB_COM_ENERGY_USD,70.3965268451
2021-09-20,LAB_COM_ENERGY_USD,71.3747693976
2021-09-21,LAB_COM_ENERGY_USD,72.1196958085
2021-09-22,LAB_COM_ENERGY_USD,72.8503078294
2021-09-23,LAB_COM_ENERGY_USD,73.7776737960
2021-09-24,LAB_COM_ENERGY_USD,73.8470650424
2021-09-27,LAB_COM_ENERGY_USD,74.4017847715
2021-09-28,LAB_COM_ENERGY_USD,73.9899875171
2021-09-29,LAB_COM_ENERGY_USD,74.5370499754
2021-09-30,LAB_COM_ENERGY_USD,73.4135584477
2021-10-01,LAB_COM_ENERGY_USD,71.5862079416
2021-10-04,LAB_COM_ENERGY_USD,71.4816357705
2021-10-05,LAB_COM_ENERGY_USD,73.2686600987
2021-10-06,LAB_COM_ENERGY_USD,71.0214080674
2021-10-07,LAB_COM_ENERGY_USD,73.1045031020
2021-10-08,LAB_COM_ENERGY_USD,73.2335469812
2021-10-11,LAB_COM_ENERGY_USD,73.8459981757
2021-10-12,LAB_COM_ENERGY_USD,74.1783910387
2021-10-13,LAB_COM_ENERGY_USD,74.7278500184
2021-10-14,LAB_COM_ENERGY_USD,73.5647537499
2021-10-15,LAB_COM_ENERGY_USD,71.8472111610
2021-10-18,LAB_COM_ENERGY_USD,73.4553235053
2021-10-19,LAB_COM_ENERGY_USD,73.4516046972
2021-10-20,LAB_COM_ENERGY_USD,74.0551122725
2021-10-21,LAB_COM_ENERGY_USD,75.8786362900
2021-10-22,LAB_COM_ENERGY_USD,74.3094812327
2021-10-25,LAB_COM_ENERGY_USD,74.1221567254
2021-10-26,LAB_COM_ENERGY_USD,73.8722592698
2021-10-27,LAB_COM_ENERGY_USD,74.9562041522
2021-10-28,LAB_COM_ENERGY_USD,73.9960341096
2021-10-29,LAB_COM_ENERGY_USD,73.9838404185
2021-11-01,LAB_COM_ENERGY_USD,72.7610873664
2021-11-02,LAB_COM_ENERGY_USD,72.6994919397
2021-11-03,LAB_COM_ENERGY_USD,73.6884368286
2021-11-04,LAB_COM_ENERGY_USD,74.1493409282
2021-11-05,LAB_COM_ENERGY_USD,73.9778783967
2021-11-08,LAB_COM_ENERGY_USD,74.6219560191
2021-11-09,LAB_COM_ENERGY_USD,73.6679876087
2021-11-10,LAB_COM_ENERGY_USD,71.6795014750
2021-11-11,LAB_COM_ENERGY_USD,71.5536327135
2021-11-12,LAB_COM_ENERGY_USD,69.8832346723
2021-11-15,LAB_COM_ENERGY_USD,69.2167433402
2021-11-16,LAB_COM_ENERGY_USD,68.7254304073
2021-11-17,LAB_COM_ENERGY_USD,66.8955956730
2021-11-18,LAB_COM_ENERGY_USD,65.3011542200
2021-11-19,LAB_COM_ENERGY_USD,66.0274786662
2021-11-22,LAB_COM_ENERGY_USD,65.6969056291
2021-11-23,LAB_COM_ENERGY_USD,65.7122421601
2021-11-24,LAB_COM_ENERGY_USD,64.8054880818
2021-11-25,LAB_COM_ENERGY_USD,64.7887612054
2021-11-26,LAB_COM_ENERGY_USD,64.9838078866
2021-11-29,LAB_COM_ENERGY_USD,63.7309433956
2021-11-30,LAB_COM_ENERGY_USD,63.5433186588
2021-12-01,LAB_COM_ENERGY_USD,62.6704468285
2021-12-02,LAB_COM_ENERGY_USD,63.2831500498
2021-12-03,LAB_COM_ENERGY_USD,64.7344931621
2021-12-06,LAB_COM_ENERGY_USD,64.6411289722
2021-12-07,LAB_COM_ENERGY_USD,66.2512432138
2021-12-08,LAB_COM_ENERGY_USD,65.3417269220
2021-12-09,LAB_COM_ENERGY_USD,65.5544800133
2021-12-10,LAB_COM_ENERGY_USD,65.9697778929
2021-12-13,LAB_COM_ENERGY_USD,66.7116772479
2021-12-14,LAB_COM_ENERGY_USD,68.0663527001
2021-12-15,LAB_COM_ENERGY_USD,66.4504830222
2021-12-16,LAB_COM_ENERGY_USD,68.3708210608
2021-12-17,LAB_COM_ENERGY_USD,68.8574016020
2021-12-20,LAB_COM_ENERGY_USD,67.9872691617
2021-12-21,LAB_COM_ENERGY_USD,68.5615448588
2021-12-22,LAB_COM_ENERGY_USD,68.9082581192
2021-12-23,LAB_COM_ENERGY_USD,70.3818781147
2021-12-24,LAB_COM_ENERGY_USD,70.0191152910
2021-12-27,LAB_COM_ENERGY_USD,69.6722080825
2021-12-28,LAB_COM_ENERGY_USD,69.4386142297
2021-12-29,LAB_COM_ENERGY_USD,69.4063481143
2021-12-30,LAB_COM_ENERGY_USD,70.3615251283
2021-12-31,LAB_COM_ENERGY_USD,70.6488948671
2022-01-03,LAB_COM_ENERGY_USD,71.0580410927
2022-01-04,LAB_COM_ENERGY_USD,69.7265629376
2022-01-05,LAB_COM_ENERGY_USD,69.2982955521
2022-01-06,LAB_COM_ENERGY_USD,69.9367573890
2022-01-07,LAB_COM_ENERGY_USD,69.5418432518
2022-01-10,LAB_COM_ENERGY_USD,70.1371227928
2022-01-11,LAB_COM_ENERGY_USD,69.8811872221
2022-01-12,LAB_COM_ENERGY_USD,69.8701440105
2022-01-13,LAB_COM_ENERGY_USD,70.0690719444
2022-01-14,LAB_COM_ENERGY_USD,69.6823917250
2022-01-17,LAB_COM_ENERGY_USD,67.3320652186
2022-01-18,LAB_COM_ENERGY_USD,66.3267750285
2022-01-19,LAB_COM_ENERGY_USD,66.3089162019
2022-01-20,LAB_COM_ENERGY_USD,67.1936283689
2022-01-21,LAB_COM_ENERGY_USD,68.7452500068
2022-01-24,LAB_COM_ENERGY_USD,68.6750908364
2022-01-25,LAB_COM_ENERGY_USD,69.3571470502
2022-01-26,LAB_COM_ENERGY_USD,69.5301603142
2022-01-27,LAB_COM_ENERGY_USD,69.3071713345
2022-01-28,LAB_COM_ENERGY_USD,70.7256393361
2022-01-31,LAB_COM_ENERGY_USD,69.6409532258
2022-02-01,LAB_COM_ENERGY_USD,69.9646142881
2022-02-02,LAB_COM_ENERGY_USD,70.9345541522
2022-02-03,LAB_COM_ENERGY_USD,71.5691541524
2022-02-04,LAB_COM_ENERGY_USD,73.8057190442
2022-02-07,LAB_COM_ENERGY_USD,73.5496603338
2022-02-08,LAB_COM_ENERGY_USD,73.2278713888
2022-02-09,LAB_COM_ENERGY_USD,73.3556725675
2022-02-10,LAB_COM_ENERGY_USD,72.1927533574
2022-02-11,LAB_COM_ENERGY_USD,72.0755066455
2022-02-14,LAB_COM_ENERGY_USD,72.8922071618
2022-02-15,LAB_COM_ENERGY_USD,74.5114224251
2022-02-16,LAB_COM_ENERGY_USD,72.8980987024
2022-02-17,LAB_COM_ENERGY_USD,73.2597190610
2022-02-18,LAB_COM_ENERGY_USD,73.8609010391
2022-02-21,LAB_COM_ENERGY_USD,73.9592971556
2022-02-22,LAB_COM_ENERGY_USD,72.3364354286
2022-02-23,LAB_COM_ENERGY_USD,71.6289738349
2022-02-24,LAB_COM_ENERGY_USD,70.4597397292
2022-02-25,LAB_COM_ENERGY_USD,69.5186716404
2022-02-28,LAB_COM_ENERGY_USD,69.3921596724
2022-03-01,LAB_COM_ENERGY_USD,69.1639755581
2022-03-02,LAB_COM_ENERGY_USD,69.5015279296
2022-03-03,LAB_COM_ENERGY_USD,69.7964024461
2022-03-04,LAB_COM_ENERGY_USD,69.3254079167
2022-03-07,LAB_COM_ENERGY_USD,70.0691067792
2022-03-08,LAB_COM_ENERGY_USD,69.3315858858
2022-03-09,LAB_COM_ENERGY_USD,69.1728937821
2022-03-10,LAB_COM_ENERGY_USD,68.7977156030
2022-03-11,LAB_COM_ENERGY_USD,67.9895608297
2022-03-14,LAB_COM_ENERGY_USD,65.6351861288
2022-03-15,LAB_COM_ENERGY_USD,64.8163426912
2022-03-16,LAB_COM_ENERGY_USD,65.8653963204
2022-03-17,LAB_COM_ENERGY_USD,64.4231757052
2022-03-18,LAB_COM_ENERGY_USD,64.9137114774
2022-03-21,LAB_COM_ENERGY_USD,64.9460269162
2022-03-22,LAB_COM_ENERGY_USD,65.7748886929
2022-03-23,LAB_COM_ENERGY_USD,66.0984971142
2022-03-24,LAB_COM_ENERGY_USD,65.0279595928
2022-03-25,LAB_COM_ENERGY_USD,64.4158423819
2022-03-28,LAB_COM_ENERGY_USD,63.9713424558
2022-03-29,LAB_COM_ENERGY_USD,65.6924044878
2022-03-30,LAB_COM_ENERGY_USD,64.7621927436
2022-03-31,LAB_COM_ENERGY_USD,64.9035504292
2022-04-01,LAB_COM_ENERGY_USD,64.6721486225
2022-04-04,LAB_COM_ENERGY_USD,65.2876770854
2022-04-05,LAB_COM_ENERGY_USD,64.4558078301
2022-04-06,LAB_COM_ENERGY_USD,65.4891532413
2022-04-07,LAB_COM_ENERGY_USD,65.7384072644
2022-04-08,LAB_COM_ENERGY_USD,66.0190879931
2022-04-11,LAB_COM_ENERGY_USD,64.2787470939
2022-04-12,LAB_COM_ENERGY_USD,65.7474784606
2022-04-13,LAB_COM_ENERGY_USD,66.5052688276
2022-04-14,LAB_COM_ENERGY_USD,64.5376703153
2022-04-15,LAB_COM_ENERGY_USD,65.5099403275
2022-04-18,LAB_COM_ENERGY_USD,63.2856374712
2022-04-19,LAB_COM_ENERGY_USD,62.0276223494
2022-04-20,LAB_COM_ENERGY_USD,62.6448353382
2022-04-21,LAB_COM_ENERGY_USD,59.1720941017
2022-04-22,LAB_COM_ENERGY_USD,59.6127117818
2022-04-25,LAB_COM_ENERGY_USD,59.9178321075
2022-04-26,LAB_COM_ENERGY_USD,58.9174508403
2022-04-27,LAB_COM_ENERGY_USD,58.3536876914
2022-04-28,LAB_COM_ENERGY_USD,59.5530177609
2022-04-29,LAB_COM_ENERGY_USD,59.0622680245
2022-05-02,LAB_COM_ENERGY_USD,58.3752110410
2022-05-03,LAB_COM_ENERGY_USD,60.4596690433
2022-05-04,LAB_COM_ENERGY_USD,60.9512586075
2022-05-05,LAB_COM_ENERGY_USD,59.2705946483
2022-05-06,LAB_COM_ENERGY_USD,61.4228768317
2022-05-09,LAB_COM_ENERGY_USD,62.5308533089
2022-05-10,LAB_COM_ENERGY_USD,63.3448753597
2022-05-11,LAB_COM_ENERGY_USD,61.8963935586
2022-05-12,LAB_COM_ENERGY_USD,62.0374575155
2022-05-13,LAB_COM_ENERGY_USD,63.3534764060
2022-05-16,LAB_COM_ENERGY_USD,63.1275174043
2022-05-17,LAB_COM_ENERGY_USD,63.1272443788
2022-05-18,LAB_COM_ENERGY_USD,62.0483564663
2022-05-19,LAB_COM_ENERGY_USD,64.8301373813
2022-05-20,LAB_COM_ENERGY_USD,65.6587326421
2022-05-23,LAB_COM_ENERGY_USD,64.7412372228
2022-05-24,LAB_COM_ENERGY_USD,63.5593727016
2022-05-25,LAB_COM_ENERGY_USD,64.9817633646
2022-05-26,LAB_COM_ENERGY_USD,65.2096225048
2022-05-27,LAB_COM_ENERGY_USD,64.7971008059
2022-05-30,LAB_COM_ENERGY_USD,64.8873775399
2022-05-31,LAB_COM_ENERGY_USD,63.6302571289
2022-06-01,LAB_COM_ENERGY_USD,63.9972227794
2022-06-02,LAB_COM_ENERGY_USD,63.6765995841
2022-06-03,LAB_COM_ENERGY_USD,63.7356195772
2022-06-06,LAB_COM_ENERGY_USD,63.8034079485
2022-06-07,LAB_COM_ENERGY_USD,64.4956712413
2022-06-08,LAB_COM_ENERGY_USD,63.9596945451
2022-06-09,LAB_COM_ENERGY_USD,62.9682191288
2022-06-10,LAB_COM_ENERGY_USD,63.7042653898
2022-06-13,LAB_COM_ENERGY_USD,62.7010184984
2022-06-14,LAB_COM_ENERGY_USD,63.7363486221
2022-06-15,LAB_COM_ENERGY_USD,63.7749487085
2022-06-16,LAB_COM_ENERGY_USD,63.2111379881
2022-06-17,LAB_COM_ENERGY_USD,63.8530313371
2022-06-20,LAB_COM_ENERGY_USD,63.2169722178
2022-06-21,LAB_COM_ENERGY_USD,65.3324857407
2022-06-22,LAB_COM_ENERGY_USD,66.7993415544
2022-06-23,LAB_COM_ENERGY_USD,68.1207771975
2022-06-24,LAB_COM_ENERGY_USD,70.1579453421
2022-06-27,LAB_COM_ENERGY_USD,67.4649866570
2022-06-28,LAB_COM_ENERGY_USD,65.8535833950
2022-06-29,LAB_COM_ENERGY_USD,66.9894854972
2022-06-30,LAB_COM_ENERGY_USD,67.8962729396
2022-07-01,LAB_COM_ENERGY_USD,66.1191276950
2022-07-04,LAB_COM_ENERGY_USD,63.8816806658
2022-07-05,LAB_COM_ENERGY_USD,63.6070344363
2022-07-06,LAB_COM_ENERGY_USD,62.5065502775
2022-07-07,LAB_COM_ENERGY_USD,61.2745602233
2022-07-08,LAB_COM_ENERGY_USD,62.8821329986
2022-07-11,LAB_COM_ENERGY_USD,63.4329799788
2022-07-12,LAB_COM_ENERGY_USD,64.0753577926
2022-07-13,LAB_COM_ENERGY_USD,65.0923364057
2022-07-14,LAB_COM_ENERGY_USD,65.0984144268
2022-07-15,LAB_COM_ENERGY_USD,65.2215456435
2022-07-18,LAB_COM_ENERGY_USD,65.9814563119
2022-07-19,LAB_COM_ENERGY_USD,66.0803111978
2022-07-20,LAB_COM_ENERGY_USD,65.3104699144
2022-07-21,LAB_COM_ENERGY_USD,66.0555768060
2022-07-22,LAB_COM_ENERGY_USD,64.2933707754
2022-07-25,LAB_COM_ENERGY_USD,63.7442178357
2022-07-26,LAB_COM_ENERGY_USD,64.1488920905
2022-07-27,LAB_COM_ENERGY_USD,64.6224571392
2022-07-28,LAB_COM_ENERGY_USD,67.5360051399
2022-07-29,LAB_COM_ENERGY_USD,68.3239667697
2022-08-01,LAB_COM_ENERGY_USD,69.6821545251
2022-08-02,LAB_COM_ENERGY_USD,69.9944988985
2022-08-03,LAB_COM_ENERGY_USD,69.0557787402
2022-08-04,LAB_COM_ENERGY_USD,67.8699871979
2022-08-05,LAB_COM_ENERGY_USD,67.1214548332
2022-08-08,LAB_COM_ENERGY_USD,66.7684516882
2022-08-09,LAB_COM_ENERGY_USD,66.6547878735
2022-08-10,LAB_COM_ENERGY_USD,65.4949358288
2022-08-11,LAB_COM_ENERGY_USD,63.9699702649
2022-08-12,LAB_COM_ENERGY_USD,66.0696184459
2022-08-15,LAB_COM_ENERGY_USD,65.9459772446
2022-08-16,LAB_COM_ENERGY_USD,65.8070850522
2022-08-17,LAB_COM_ENERGY_USD,66.0185213704
2022-08-18,LAB_COM_ENERGY_USD,64.6361439926
2022-08-19,LAB_COM_ENERGY_USD,63.5661771370
2022-08-22,LAB_COM_ENERGY_USD,62.9621906457
2022-08-23,LAB_COM_ENERGY_USD,62.9601013664
2022-08-24,LAB_COM_ENERGY_USD,63.6905566016
2022-08-25,LAB_COM_ENERGY_USD,63.0095998187
2022-08-26,LAB_COM_ENERGY_USD,64.3335652808
2022-08-29,LAB_COM_ENERGY_USD,61.8287792364
2022-08-30,LAB_COM_ENERGY_USD,62.5967831989
2022-08-31,LAB_COM_ENERGY_USD,62.7701842364
2022-09-01,LAB_COM_ENERGY_USD,62.5539931414
2022-09-02,LAB_COM_ENERGY_USD,63.3612031946
2022-09-05,LAB_COM_ENERGY_USD,62.6001384457
2022-09-06,LAB_COM_ENERGY_USD,61.1747247444
2022-09-07,LAB_COM_ENERGY_USD,59.2351727893
2022-09-08,LAB_COM_ENERGY_USD,58.2979969560
2022-09-09,LAB_COM_ENERGY_USD,57.5964625941
2022-09-12,LAB_COM_ENERGY_USD,59.5192224163
2022-09-13,LAB_COM_ENERGY_USD,57.2116129130
2022-09-14,LAB_COM_ENERGY_USD,59.0166320388
2022-09-15,LAB_COM_ENERGY_USD,58.9705388256
2022-09-16,LAB_COM_ENERGY_USD,59.3596331428
2022-09-19,LAB_COM_ENERGY_USD,59.6106875866
2022-09-20,LAB_COM_ENERGY_USD,61.1736188594
2022-09-21,LAB_COM_ENERGY_USD,63.1600709535
2022-09-22,LAB_COM_ENERGY_USD,62.5530350814
2022-09-23,LAB_COM_ENERGY_USD,64.1620495220
2022-09-26,LAB_COM_ENERGY_USD,63.6404916785
2022-09-27,LAB_COM_ENERGY_USD,64.6354327653
2022-09-28,LAB_COM_ENERGY_USD,62.9841357546
2022-09-29,LAB_COM_ENERGY_USD,65.0345499073
2022-09-30,LAB_COM_ENERGY_USD,64.5733120690
2022-10-03,LAB_COM_ENERGY_USD,65.9441345634
2022-10-04,LAB_COM_ENERGY_USD,67.1110469964
2022-10-05,LAB_COM_ENERGY_USD,66.0940332518
2022-10-06,LAB_COM_ENERGY_USD,66.2478852906
2022-10-07,LAB_COM_ENERGY_USD,66.7402369361
2022-10-10,LAB_COM_ENERGY_USD,66.0034579302
2022-10-11,LAB_COM_ENERGY_USD,66.5423385904
2022-10-12,LAB_COM_ENERGY_USD,67.9351944347
2022-10-13,LAB_COM_ENERGY_USD,67.3644426978
2022-10-14,LAB_COM_ENERGY_USD,69.4013216035
2022-10-17,LAB_COM_ENERGY_USD,69.1582042674
2022-10-18,LAB_COM_ENERGY_USD,68.6445284554
2022-10-19,LAB_COM_ENERGY_USD,69.6440887698
2022-10-20,LAB_COM_ENERGY_USD,70.7659364415
2022-10-21,LAB_COM_ENERGY_USD,70.1786243216
2022-10-24,LAB_COM_ENERGY_USD,70.3861718849
2022-10-25,LAB_COM_ENERGY_USD,70.3358294483
2022-10-26,LAB_COM_ENERGY_USD,68.9203261613
2022-10-27,LAB_COM_ENERGY_USD,70.9671156991
2022-10-28,LAB_COM_ENERGY_USD,68.6563740086
2022-10-31,LAB_COM_ENERGY_USD,69.1620400619
2022-11-01,LAB_COM_ENERGY_USD,70.2701707672
2022-11-02,LAB_COM_ENERGY_USD,67.6771047417
2022-11-03,LAB_COM_ENERGY_USD,67.6051328686
2022-11-04,LAB_COM_ENERGY_USD,66.9190632766
2022-11-07,LAB_COM_ENERGY_USD,66.3585367746
2022-11-08,LAB_COM_ENERGY_USD,65.9344464834
2022-11-09,LAB_COM_ENERGY_USD,65.6152341187
2022-11-10,LAB_COM_ENERGY_USD,64.8642808720
2022-11-11,LAB_COM_ENERGY_USD,64.3475988830
2022-11-14,LAB_COM_ENERGY_USD,64.0454282443
2022-11-15,LAB_COM_ENERGY_USD,63.3199763173
2022-11-16,LAB_COM_ENERGY_USD,64.5169324443
2022-11-17,LAB_COM_ENERGY_USD,63.8664747995
2022-11-18,LAB_COM_ENERGY_USD,63.3544671972
2022-11-21,LAB_COM_ENERGY_USD,61.9614460639
2022-11-22,LAB_COM_ENERGY_USD,61.3523911268
2022-11-23,LAB_COM_ENERGY_USD,60.3403806467
2022-11-24,LAB_COM_ENERGY_USD,61.6908416293
2022-11-25,LAB_COM_ENERGY_USD,61.6929745582
2022-11-28,LAB_COM_ENERGY_USD,62.1121344537
2022-11-29,LAB_COM_ENERGY_USD,61.1361360724
2022-11-30,LAB_COM_ENERGY_USD,59.4965561377
2022-12-01,LAB_COM_ENERGY_USD,60.3409032532
2022-12-02,LAB_COM_ENERGY_USD,59.0759180153
2022-12-05,LAB_COM_ENERGY_USD,59.4924598239
2022-12-06,LAB_COM_ENERGY_USD,60.7127612933
2022-12-07,LAB_COM_ENERGY_USD,60.4412678364
2022-12-08,LAB_COM_ENERGY_USD,59.2385675910
2022-12-09,LAB_COM_ENERGY_USD,59.3676687310
2022-12-12,LAB_COM_ENERGY_USD,58.0763136386
2022-12-13,LAB_COM_ENERGY_USD,56.3701950529
2022-12-14,LAB_COM_ENERGY_USD,54.2745686888
2022-12-15,LAB_COM_ENERGY_USD,54.3096742221
2022-12-16,LAB_COM_ENERGY_USD,54.1892095429
2022-12-19,LAB_COM_ENERGY_USD,55.7934699503
2022-12-20,LAB_COM_ENERGY_USD,57.6132086865
2022-12-21,LAB_COM_ENERGY_USD,58.0216624178
2022-12-22,LAB_COM_ENERGY_USD,57.1243759658
2022-12-23,LAB_COM_ENERGY_USD,58.3706370573
2022-12-26,LAB_COM_ENERGY_USD,57.0524328903
2022-12-27,LAB_COM_ENERGY_USD,55.9517750009
2022-12-28,LAB_COM_ENERGY_USD,54.8801527532
2022-12-29,LAB_COM_ENERGY_USD,54.5559685536
2022-12-30,LAB_COM_ENERGY_USD,55.1307541260
2023-01-02,LAB_COM_ENERGY_USD,55.1627298588
2023-01-03,LAB_COM_ENERGY_USD,54.6486952647
2023-01-04,LAB_COM_ENERGY_USD,54.4645564333
2023-01-05,LAB_COM_ENERGY_USD,56.0162003208
2023-01-06,LAB_COM_ENERGY_USD,57.0869180460
2023-01-09,LAB_COM_ENERGY_USD,56.0723820212
2023-01-10,LAB_COM_ENERGY_USD,56.0416762935
2023-01-11,LAB_COM_ENERGY_USD,56.1712709458
2023-01-12,LAB_COM_ENERGY_USD,54.9721082329
2023-01-13,LAB_COM_ENERGY_USD,55.9571609846
2023-01-16,LAB_COM_ENERGY_USD,56.5524064120
2023-01-17,LAB_COM_ENERGY_USD,55.7039474690
2023-01-18,LAB_COM_ENERGY_USD,55.1974450815
2023-01-19,LAB_COM_ENERGY_USD,54.5862437713
2023-01-20,LAB_COM_ENERGY_USD,56.1761954876
2023-01-23,LAB_COM_ENERGY_USD,57.3231499660
2023-01-24,LAB_COM_ENERGY_USD,55.8922866486
2023-01-25,LAB_COM_ENERGY_USD,55.9929591493
2023-01-26,LAB_COM_ENERGY_USD,56.5110419546
2023-01-27,LAB_COM_ENERGY_USD,57.4240808391
2023-01-30,LAB_COM_ENERGY_USD,59.0854333380
2023-01-31,LAB_COM_ENERGY_USD,57.4753547714
2023-02-01,LAB_COM_ENERGY_USD,57.8119224300
2023-02-02,LAB_COM_ENERGY_USD,57.5685454642
2023-02-03,LAB_COM_ENERGY_USD,57.5744048532
2023-02-06,LAB_COM_ENERGY_USD,56.0914969764
2023-02-07,LAB_COM_ENERGY_USD,56.2326972837
2023-02-08,LAB_COM_ENERGY_USD,54.3310922149
2023-02-09,LAB_COM_ENERGY_USD,55.4070130659
2023-02-10,LAB_COM_ENERGY_USD,54.4841397830
2023-02-13,LAB_COM_ENERGY_USD,55.7743268576
2023-02-14,LAB_COM_ENERGY_USD,54.4794839911
2023-02-15,LAB_COM_ENERGY_USD,54.7978726284
2023-02-16,LAB_COM_ENERGY_USD,53.7654903914
2023-02-17,LAB_COM_ENERGY_USD,53.6214990700
2023-02-20,LAB_COM_ENERGY_USD,53.0372296337
2023-02-21,LAB_COM_ENERGY_USD,55.0574626474
2023-02-22,LAB_COM_ENERGY_USD,55.0548603402
2023-02-23,LAB_COM_ENERGY_USD,55.4600637002
2023-02-24,LAB_COM_ENERGY_USD,55.3495519373
2023-02-27,LAB_COM_ENERGY_USD,56.4902585474
2023-02-28,LAB_COM_ENERGY_USD,57.7362222266
2023-03-01,LAB_COM_ENERGY_USD,58.1420470750
2023-03-02,LAB_COM_ENERGY_USD,58.2094707170
2023-03-03,LAB_COM_ENERGY_USD,58.8092583469
2023-03-06,LAB_COM_ENERGY_USD,59.9364652888
2023-03-07,LAB_COM_ENERGY_USD,62.9017034875
2023-03-08,LAB_COM_ENERGY_USD,63.6637848391
2023-03-09,LAB_COM_ENERGY_USD,63.5739731187
2023-03-10,LAB_COM_ENERGY_USD,62.3562944119
2023-03-13,LAB_COM_ENERGY_USD,63.3237088165
2023-03-14,LAB_COM_ENERGY_USD,63.3502208965
2023-03-15,LAB_COM_ENERGY_USD,64.0026364554
2023-03-16,LAB_COM_ENERGY_USD,63.8327840125
2023-03-17,LAB_COM_ENERGY_USD,62.2504117929
2023-03-20,LAB_COM_ENERGY_USD,61.9063450872
2023-03-21,LAB_COM_ENERGY_USD,61.2339459567
2023-03-22,LAB_COM_ENERGY_USD,59.1908870729
2023-03-23,LAB_COM_ENERGY_USD,59.1410324002
2023-03-24,LAB_COM_ENERGY_USD,59.9476864525
2023-03-27,LAB_COM_ENERGY_USD,60.2999691333
2023-03-28,LAB_COM_ENERGY_USD,59.6582128687
2023-03-29,LAB_COM_ENERGY_USD,58.8187675032
2023-03-30,LAB_COM_ENERGY_USD,58.4432866995
2023-03-31,LAB_COM_ENERGY_USD,59.1524453426
2023-04-03,LAB_COM_ENERGY_USD,57.7994195560
2023-04-04,LAB_COM_ENERGY_USD,57.2486555093
2023-04-05,LAB_COM_ENERGY_USD,58.2013380356
2023-04-06,LAB_COM_ENERGY_USD,57.6311322395
2023-04-07,LAB_COM_ENERGY_USD,58.6315799471
2023-04-10,LAB_COM_ENERGY_USD,57.0289980145
2023-04-11,LAB_COM_ENERGY_USD,56.0854892747
2023-04-12,LAB_COM_ENERGY_USD,57.5950709894
2023-04-13,LAB_COM_ENERGY_USD,57.2447623339
2023-04-14,LAB_COM_ENERGY_USD,55.6978500761
2023-04-17,LAB_COM_ENERGY_USD,56.4276739972
2023-04-18,LAB_COM_ENERGY_USD,57.0506441816
2023-04-19,LAB_COM_ENERGY_USD,57.2733317806
2023-04-20,LAB_COM_ENERGY_USD,58.6777516667
2023-04-21,LAB_COM_ENERGY_USD,59.8308171247
2023-04-24,LAB_COM_ENERGY_USD,60.7677129490
2023-04-25,LAB_COM_ENERGY_USD,59.7206568669
2023-04-26,LAB_COM_ENERGY_USD,57.1341740016
2023-04-27,LAB_COM_ENERGY_USD,56.3875168106
2023-04-28,LAB_COM_ENERGY_USD,57.4611216048
2023-05-01,LAB_COM_ENERGY_USD,58.9343120295
2023-05-02,LAB_COM_ENERGY_USD,59.3824283836
2023-05-03,LAB_COM_ENERGY_USD,58.4171237234
2023-05-04,LAB_COM_ENERGY_USD,59.3231337537
2023-05-05,LAB_COM_ENERGY_USD,57.9275002405
2023-05-08,LAB_COM_ENERGY_USD,58.2828868428
2023-05-09,LAB_COM_ENERGY_USD,57.7593036124
2023-05-10,LAB_COM_ENERGY_USD,58.2707879895
2023-05-11,LAB_COM_ENERGY_USD,58.6675917992
2023-05-12,LAB_COM_ENERGY_USD,59.0537093947
2023-05-15,LAB_COM_ENERGY_USD,60.5993095434
2023-05-16,LAB_COM_ENERGY_USD,60.7657602021
2023-05-17,LAB_COM_ENERGY_USD,60.1505018090
2023-05-18,LAB_COM_ENERGY_USD,59.5483468510
2023-05-19,LAB_COM_ENERGY_USD,59.7233294361
2023-05-22,LAB_COM_ENERGY_USD,60.3725014110
2023-05-23,LAB_COM_ENERGY_USD,59.6206362779
2023-05-24,LAB_COM_ENERGY_USD,59.7795596665
2023-05-25,LAB_COM_ENERGY_USD,59.7654904473
2023-05-26,LAB_COM_ENERGY_USD,60.4425810454
2023-05-29,LAB_COM_ENERGY_USD,59.6987198792
2023-05-30,LAB_COM_ENERGY_USD,60.8204469595
2023-05-31,LAB_COM_ENERGY_USD,59.9972206022
2023-06-01,LAB_COM_ENERGY_USD,59.6893305022
2023-06-02,LAB_COM_ENERGY_USD,58.2922613220
2023-06-05,LAB_COM_ENERGY_USD,58.5725073369
2023-06-06,LAB_COM_ENERGY_USD,59.5119066420
2023-06-07,LAB_COM_ENERGY_USD,59.0476103093
2023-06-08,LAB_COM_ENERGY_USD,57.9212436304
2023-06-09,LAB_COM_ENERGY_USD,57.6630560512
2023-06-12,LAB_COM_ENERGY_USD,56.7039679799
2023-06-13,LAB_COM_ENERGY_USD,56.1245183239
2023-06-14,LAB_COM_ENERGY_USD,55.3197229682
2023-06-15,LAB_COM_ENERGY_USD,55.2134479035
2023-06-16,LAB_COM_ENERGY_USD,56.9233158966
2023-06-19,LAB_COM_ENERGY_USD,56.7035945946
2023-06-20,LAB_COM_ENERGY_USD,56.9292333730
2023-06-21,LAB_COM_ENERGY_USD,56.7532412333
2023-06-22,LAB_COM_ENERGY_USD,57.2116556170
2023-06-23,LAB_COM_ENERGY_USD,57.0931397209
2023-06-26,LAB_COM_ENERGY_USD,56.7201478999
2023-06-27,LAB_COM_ENERGY_USD,55.5667165755
2023-06-28,LAB_COM_ENERGY_USD,55.5017178365
2023-06-29,LAB_COM_ENERGY_USD,56.5586068137
2023-06-30,LAB_COM_ENERGY_USD,57.4458280513
2023-07-03,LAB_COM_ENERGY_USD,57.0551701282
2023-07-04,LAB_COM_ENERGY_USD,57.2664542926
2023-07-05,LAB_COM_ENERGY_USD,56.3478844359
2023-07-06,LAB_COM_ENERGY_USD,57.4243479327
2023-07-07,LAB_COM_ENERGY_USD,57.4893372403
2023-07-10,LAB_COM_ENERGY_USD,55.3571553575
2023-07-11,LAB_COM_ENERGY_USD,55.0374450000
2023-07-12,LAB_COM_ENERGY_USD,55.4783752402
2023-07-13,LAB_COM_ENERGY_USD,55.7873278440
2023-07-14,LAB_COM_ENERGY_USD,57.4231186346
2023-07-17,LAB_COM_ENERGY_USD,56.3522273444
2023-07-18,LAB_COM_ENERGY_USD,56.7949746173
2023-07-19,LAB_COM_ENERGY_USD,56.7299345545
2023-07-20,LAB_COM_ENERGY_USD,56.2235496513
2023-07-21,LAB_COM_ENERGY_USD,58.1903021592
2023-07-24,LAB_COM_ENERGY_USD,56.7572940811
2023-07-25,LAB_COM_ENERGY_USD,57.2918148696
2023-07-26,LAB_COM_ENERGY_USD,59.0640600001
2023-07-27,LAB_COM_ENERGY_USD,58.4798190793
2023-07-28,LAB_COM_ENERGY_USD,58.1905335851
2023-07-31,LAB_COM_ENERGY_USD,56.8648477518
2023-08-01,LAB_COM_ENERGY_USD,54.9607319053
2023-08-02,LAB_COM_ENERGY_USD,56.2551616602
2023-08-03,LAB_COM_ENERGY_USD,54.5386805506
2023-08-04,LAB_COM_ENERGY_USD,55.2505757176
2023-08-07,LAB_COM_ENERGY_USD,54.7771820942
2023-08-08,LAB_COM_ENERGY_USD,55.2595981790
2023-08-09,LAB_COM_ENERGY_USD,55.6466493796
2023-08-10,LAB_COM_ENERGY_USD,55.1821242234
2023-08-11,LAB_COM_ENERGY_USD,56.5783699749
2023-08-14,LAB_COM_ENERGY_USD,55.3154490937
2023-08-15,LAB_COM_ENERGY_USD,56.9182169786
2023-08-16,LAB_COM_ENERGY_USD,57.4941870232
2023-08-17,LAB_COM_ENERGY_USD,58.0002473026
2023-08-18,LAB_COM_ENERGY_USD,58.2108507594
2023-08-21,LAB_COM_ENERGY_USD,56.9705073558
2023-08-22,LAB_COM_ENERGY_USD,57.6671844873
2023-08-23,LAB_COM_ENERGY_USD,58.2993717738
2023-08-24,LAB_COM_ENERGY_USD,58.1953853517
2023-08-25,LAB_COM_ENERGY_USD,57.9969129084
2023-08-28,LAB_COM_ENERGY_USD,57.0431369951
2023-08-29,LAB_COM_ENERGY_USD,57.6287597307
2023-08-30,LAB_COM_ENERGY_USD,56.0903177557
2023-08-31,LAB_COM_ENERGY_USD,56.6958796558
2023-09-01,LAB_COM_ENERGY_USD,55.1729930861
2023-09-04,LAB_COM_ENERGY_USD,55.1429785414
2023-09-05,LAB_COM_ENERGY_USD,53.8174730787
2023-09-06,LAB_COM_ENERGY_USD,53.1379849316
2023-09-07,LAB_COM_ENERGY_USD,54.5489969720
2023-09-08,LAB_COM_ENERGY_USD,52.8903255156
2023-09-11,LAB_COM_ENERGY_USD,53.0851941847
2023-09-12,LAB_COM_ENERGY_USD,52.4542535265
2023-09-13,LAB_COM_ENERGY_USD,50.2778059179
2023-09-14,LAB_COM_ENERGY_USD,49.4820371606
2023-09-15,LAB_COM_ENERGY_USD,49.6246596452
2023-09-18,LAB_COM_ENERGY_USD,50.1473204739
2023-09-19,LAB_COM_ENERGY_USD,49.2125852347
2023-09-20,LAB_COM_ENERGY_USD,47.7621343143
2023-09-21,LAB_COM_ENERGY_USD,48.5670493652
2023-09-22,LAB_COM_ENERGY_USD,50.1100304619
2023-09-25,LAB_COM_ENERGY_USD,52.3155644638
2023-09-26,LAB_COM_ENERGY_USD,51.4750622443
2023-09-27,LAB_COM_ENERGY_USD,51.9111131195
2023-09-28,LAB_COM_ENERGY_USD,51.6254183779
2023-09-29,LAB_COM_ENERGY_USD,52.2547944056
2023-10-02,LAB_COM_ENERGY_USD,53.0292973781
2023-10-03,LAB_COM_ENERGY_USD,53.2172225739
2023-10-04,LAB_COM_ENERGY_USD,53.1313174155
2023-10-05,LAB_COM_ENERGY_USD,52.9504215822
2023-10-06,LAB_COM_ENERGY_USD,52.5175144576
2023-10-09,LAB_COM_ENERGY_USD,54.5550820839
2023-10-10,LAB_COM_ENERGY_USD,56.2336677715
2023-10-11,LAB_COM_ENERGY_USD,55.9723120632
2023-10-12,LAB_COM_ENERGY_USD,54.2494137424
2023-10-13,LAB_COM_ENERGY_USD,53.6306005894
2023-10-16,LAB_COM_ENERGY_USD,54.1485807574
2023-10-17,LAB_COM_ENERGY_USD,52.3168970991
2023-10-18,LAB_COM_ENERGY_USD,52.3873751480
2023-10-19,LAB_COM_ENERGY_USD,51.7068568923
2023-10-20,LAB_COM_ENERGY_USD,50.4884658512
2023-10-23,LAB_COM_ENERGY_USD,52.0884662889
2023-10-24,LAB_COM_ENERGY_USD,51.1290839778
2023-10-25,LAB_COM_ENERGY_USD,50.4540471667
2023-10-26,LAB_COM_ENERGY_USD,49.6573005647
2023-10-27,LAB_COM_ENERGY_USD,50.3756657313
2023-10-30,LAB_COM_ENERGY_USD,49.0544947645
2023-10-31,LAB_COM_ENERGY_USD,49.7205595142
2023-11-01,LAB_COM_ENERGY_USD,49.4495709538
2023-11-02,LAB_COM_ENERGY_USD,48.4769887989
2023-11-03,LAB_COM_ENERGY_USD,49.0723169266
2023-11-06,LAB_COM_ENERGY_USD,48.4904878720
2023-11-07,LAB_COM_ENERGY_USD,47.4081030708
2023-11-08,LAB_COM_ENERGY_USD,46.4615148911
2023-11-09,LAB_COM_ENERGY_USD,47.2655030084
2023-11-10,LAB_COM_ENERGY_USD,48.9253265438
2023-11-13,LAB_COM_ENERGY_USD,49.1111154663
2023-11-14,LAB_COM_ENERGY_USD,49.9503631256
2023-11-15,LAB_COM_ENERGY_USD,49.5306703313
2023-11-16,LAB_COM_ENERGY_USD,50.5792800005
2023-11-17,LAB_COM_ENERGY_USD,50.1925506820
2023-11-20,LAB_COM_ENERGY_USD,49.3701296579
2023-11-21,LAB_COM_ENERGY_USD,47.7673236687
2023-11-22,LAB_COM_ENERGY_USD,48.2249750881
2023-11-23,LAB_COM_ENERGY_USD,46.9691781108
2023-11-24,LAB_COM_ENERGY_USD,45.7903430666
2023-11-27,LAB_COM_ENERGY_USD,46.7153821030
2023-11-28,LAB_COM_ENERGY_USD,46.5623432026
2023-11-29,LAB_COM_ENERGY_USD,46.6614889701
2023-11-30,LAB_COM_ENERGY_USD,47.7932257719
2023-12-01,LAB_COM_ENERGY_USD,49.9603833221
2023-12-04,LAB_COM_ENERGY_USD,50.9797169909
2023-12-05,LAB_COM_ENERGY_USD,50.0175935542
2023-12-06,LAB_COM_ENERGY_USD,51.1107433874
2023-12-07,LAB_COM_ENERGY_USD,52.1672399989
2023-12-08,LAB_COM_ENERGY_USD,53.5468175529
2023-12-11,LAB_COM_ENERGY_USD,54.2805679833
2023-12-12,LAB_COM_ENERGY_USD,54.0740304514
2023-12-13,LAB_COM_ENERGY_USD,54.7311701098
2023-12-14,LAB_COM_ENERGY_USD,53.1027896221
2023-12-15,LAB_COM_ENERGY_USD,54.0927431314
2023-12-18,LAB_COM_ENERGY_USD,55.2090345144
2023-12-19,LAB_COM_ENERGY_USD,54.6076053408
2023-12-20,LAB_COM_ENERGY_USD,52.6282998505
2023-12-21,LAB_COM_ENERGY_USD,53.5842563418
2023-12-22,LAB_COM_ENERGY_USD,54.0165751288
2023-12-25,LAB_COM_ENERGY_USD,55.2484397747
2023-12-26,LAB_COM_ENERGY_USD,54.4992685659
2023-12-27,LAB_COM_ENERGY_USD,55.5285281617
2023-12-28,LAB_COM_ENERGY_USD,55.3323776915
2023-12-29,LAB_COM_ENERGY_USD,53.9558967462
2024-01-01,LAB_COM_ENERGY_USD,54.5109024415
2024-01-02,LAB_COM_ENERGY_USD,55.9270145762
2024-01-03,LAB_COM_ENERGY_USD,55.8371749383
2024-01-04,LAB_COM_ENERGY_USD,55.9607051410
2024-01-05,LAB_COM_ENERGY_USD,56.1329577369
2024-01-08,LAB_COM_ENERGY_USD,54.3962829682
2024-01-09,LAB_COM_ENERGY_USD,54.7498092479
2024-01-10,LAB_COM_ENERGY_USD,53.9352397422
2024-01-11,LAB_COM_ENERGY_USD,54.0096580855
2024-01-12,LAB_COM_ENERGY_USD,53.6076981776
2024-01-15,LAB_COM_ENERGY_USD,54.0251363645
2024-01-16,LAB_COM_ENERGY_USD,54.3720659897
2024-01-17,LAB_COM_ENERGY_USD,53.8463365131
2024-01-18,LAB_COM_ENERGY_USD,53.7184521433
2024-01-19,LAB_COM_ENERGY_USD,54.3044307457
2024-01-22,LAB_COM_ENERGY_USD,54.3594984662
2024-01-23,LAB_COM_ENERGY_USD,53.7048760936
2024-01-24,LAB_COM_ENERGY_USD,52.6455543306
2024-01-25,LAB_COM_ENERGY_USD,52.6411909005
2024-01-26,LAB_COM_ENERGY_USD,54.3882758859
2024-01-29,LAB_COM_ENERGY_USD,53.7559422928
2024-01-30,LAB_COM_ENERGY_USD,54.4088030796
2024-01-31,LAB_COM_ENERGY_USD,55.6848606283
2024-02-01,LAB_COM_ENERGY_USD,55.7181134700
2024-02-02,LAB_COM_ENERGY_USD,57.3071523942
2024-02-05,LAB_COM_ENERGY_USD,55.6960832849
2024-02-06,LAB_COM_ENERGY_USD,55.4666052460
2024-02-07,LAB_COM_ENERGY_USD,55.1782116842
2024-02-08,LAB_COM_ENERGY_USD,56.7361923510
2024-02-09,LAB_COM_ENERGY_USD,56.2182258429
2024-02-12,LAB_COM_ENERGY_USD,57.4299635653
2024-02-13,LAB_COM_ENERGY_USD,57.0446504295
2024-02-14,LAB_COM_ENERGY_USD,55.7886511015
2024-02-15,LAB_COM_ENERGY_USD,53.6114022819
2024-02-16,LAB_COM_ENERGY_USD,55.0719750774
2024-02-19,LAB_COM_ENERGY_USD,55.0081231983
2024-02-20,LAB_COM_ENERGY_USD,54.4329650219
2024-02-21,LAB_COM_ENERGY_USD,54.4953435249
2024-02-22,LAB_COM_ENERGY_USD,57.0584342150
2024-02-23,LAB_COM_ENERGY_USD,56.8590416051
2024-02-26,LAB_COM_ENERGY_USD,56.9722989307
2024-02-27,LAB_COM_ENERGY_USD,56.2588162012
2024-02-28,LAB_COM_ENERGY_USD,57.2445107539
2024-02-29,LAB_COM_ENERGY_USD,57.1828507575
2024-03-01,LAB_COM_ENERGY_USD,56.2472431400
2024-03-04,LAB_COM_ENERGY_USD,57.0539932531
2024-03-05,LAB_COM_ENERGY_USD,57.7274243684
2024-03-06,LAB_COM_ENERGY_USD,56.8753892649
2024-03-07,LAB_COM_ENERGY_USD,57.5200759142
2024-03-08,LAB_COM_ENERGY_USD,57.3044588084
2024-03-11,LAB_COM_ENERGY_USD,57.9673471502
2024-03-12,LAB_COM_ENERGY_USD,57.7173072109
2024-03-13,LAB_COM_ENERGY_USD,58.2605241515
2024-03-14,LAB_COM_ENERGY_USD,57.9156942643
2024-03-15,LAB_COM_ENERGY_USD,57.7947964603
2024-03-18,LAB_COM_ENERGY_USD,60.1823466275
2024-03-19,LAB_COM_ENERGY_USD,58.8157820973
2024-03-20,LAB_COM_ENERGY_USD,60.5544983296
2024-03-21,LAB_COM_ENERGY_USD,58.6017079163
2024-03-22,LAB_COM_ENERGY_USD,58.9917768831
2024-03-25,LAB_COM_ENERGY_USD,59.2887637533
2024-03-26,LAB_COM_ENERGY_USD,59.6633059733
2024-03-27,LAB_COM_ENERGY_USD,61.4366381542
2024-03-28,LAB_COM_ENERGY_USD,62.0058177849
2024-03-29,LAB_COM_ENERGY_USD,61.1884086007
2024-04-01,LAB_COM_ENERGY_USD,60.7631920685
2024-04-02,LAB_COM_ENERGY_USD,61.2090238173
2024-04-03,LAB_COM_ENERGY_USD,60.6828832494
2024-04-04,LAB_COM_ENERGY_USD,61.2493583207
2024-04-05,LAB_COM_ENERGY_USD,62.0427675027
2024-04-08,LAB_COM_ENERGY_USD,62.2405743249
2024-04-09,LAB_COM_ENERGY_USD,61.9034585122
2024-04-10,LAB_COM_ENERGY_USD,61.7236899035
2024-04-11,LAB_COM_ENERGY_USD,60.7865229088
2024-04-12,LAB_COM_ENERGY_USD,62.1613762790
2024-04-15,LAB_COM_ENERGY_USD,61.1446916751
2024-04-16,LAB_COM_ENERGY_USD,62.7245399279
2024-04-17,LAB_COM_ENERGY_USD,61.0647690084
2024-04-18,LAB_COM_ENERGY_USD,61.3146754867
2024-04-19,LAB_COM_ENERGY_USD,61.9857950526
2024-04-22,LAB_COM_ENERGY_USD,62.3009949902
2024-04-23,LAB_COM_ENERGY_USD,63.6934411859
2024-04-24,LAB_COM_ENERGY_USD,63.4718546627
2024-04-25,LAB_COM_ENERGY_USD,66.0595319164
2024-04-26,LAB_COM_ENERGY_USD,64.9921921473
2024-04-29,LAB_COM_ENERGY_USD,66.9471341348
2024-04-30,LAB_COM_ENERGY_USD,67.8041121586
2024-05-01,LAB_COM_ENERGY_USD,68.9198759372
2024-05-02,LAB_COM_ENERGY_USD,69.9647568514
2024-05-03,LAB_COM_ENERGY_USD,68.7446543852
2024-05-06,LAB_COM_ENERGY_USD,67.9176547245
2024-05-07,LAB_COM_ENERGY_USD,68.6464385035
2024-05-08,LAB_COM_ENERGY_USD,68.7148328633
2024-05-09,LAB_COM_ENERGY_USD,67.7465997858
2024-05-10,LAB_COM_ENERGY_USD,67.4946448230
2024-05-13,LAB_COM_ENERGY_USD,67.4213281835
2024-05-14,LAB_COM_ENERGY_USD,66.4953698665
2024-05-15,LAB_COM_ENERGY_USD,69.2656993814
2024-05-16,LAB_COM_ENERGY_USD,69.5578001731
2024-05-17,LAB_COM_ENERGY_USD,69.5158141699
2024-05-20,LAB_COM_ENERGY_USD,68.9871836671
2024-05-21,LAB_COM_ENERGY_USD,68.4126500291
2024-05-22,LAB_COM_ENERGY_USD,69.7003611084
2024-05-23,LAB_COM_ENERGY_USD,68.0468976450
2024-05-24,LAB_COM_ENERGY_USD,68.5169143459
2024-05-27,LAB_COM_ENERGY_USD,68.6887569290
2024-05-28,LAB_COM_ENERGY_USD,69.9067339432
2024-05-29,LAB_COM_ENERGY_USD,69.9556630793
2024-05-30,LAB_COM_ENERGY_USD,70.6118736659
2024-05-31,LAB_COM_ENERGY_USD,72.5452891133
2024-06-03,LAB_COM_ENERGY_USD,72.5773570732
2024-06-04,LAB_COM_ENERGY_USD,74.6217688896
2024-06-05,LAB_COM_ENERGY_USD,72.5337067117
2024-06-06,LAB_COM_ENERGY_USD,71.6039921272
2024-06-07,LAB_COM_ENERGY_USD,71.4518678763
2024-06-10,LAB_COM_ENERGY_USD,72.0185456048
2024-06-11,LAB_COM_ENERGY_USD,73.1028845106
2024-06-12,LAB_COM_ENERGY_USD,71.6462856903
2024-06-13,LAB_COM_ENERGY_USD,72.2151948465
2024-06-14,LAB_COM_ENERGY_USD,72.2998665422
2024-06-17,LAB_COM_ENERGY_USD,71.4080663951
2024-06-18,LAB_COM_ENERGY_USD,72.1519492879
2024-06-19,LAB_COM_ENERGY_USD,67.9827021776
2024-06-20,LAB_COM_ENERGY_USD,68.4779335493
2024-06-21,LAB_COM_ENERGY_USD,68.6649602736
2024-06-24,LAB_COM_ENERGY_USD,69.9820777442
2024-06-25,LAB_COM_ENERGY_USD,71.7281778200
2024-06-26,LAB_COM_ENERGY_USD,70.3633789606
2024-06-27,LAB_COM_ENERGY_USD,68.5172124109
2024-06-28,LAB_COM_ENERGY_USD,68.4201450519
2024-07-01,LAB_COM_ENERGY_USD,67.9615542072
2024-07-02,LAB_COM_ENERGY_USD,68.1995233149
2024-07-03,LAB_COM_ENERGY_USD,69.1256935650
2024-07-04,LAB_COM_ENERGY_USD,68.8712354282
2024-07-05,LAB_COM_ENERGY_USD,69.5406630050
2024-07-08,LAB_COM_ENERGY_USD,69.9497303577
2024-07-09,LAB_COM_ENERGY_USD,70.1646046309
2024-07-10,LAB_COM_ENERGY_USD,71.4222348615
2024-07-11,LAB_COM_ENERGY_USD,70.6608524768
2024-07-12,LAB_COM_ENERGY_USD,70.2746204308
2024-07-15,LAB_COM_ENERGY_USD,71.9950578850
2024-07-16,LAB_COM_ENERGY_USD,72.3451702348
2024-07-17,LAB_COM_ENERGY_USD,74.0919042909
2024-07-18,LAB_COM_ENERGY_USD,73.1837644473
2024-07-19,LAB_COM_ENERGY_USD,75.2468760978
2024-07-22,LAB_COM_ENERGY_USD,74.6235645683
2024-07-23,LAB_COM_ENERGY_USD,74.3051253868
2024-07-24,LAB_COM_ENERGY_USD,70.9602847473
2024-07-25,LAB_COM_ENERGY_USD,71.2817816633
2024-07-26,LAB_COM_ENERGY_USD,72.9737244428
2024-07-29,LAB_COM_ENERGY_USD,74.0568875310
2024-07-30,LAB_COM_ENERGY_USD,72.0986554555
2024-07-31,LAB_COM_ENERGY_USD,72.6105424471
2024-08-01,LAB_COM_ENERGY_USD,72.7137530862
2024-08-02,LAB_COM_ENERGY_USD,72.0815237217
2024-08-05,LAB_COM_ENERGY_USD,70.7908321800
2024-08-06,LAB_COM_ENERGY_USD,70.7284596412
2024-08-07,LAB_COM_ENERGY_USD,72.6429451470
2024-08-08,LAB_COM_ENERGY_USD,72.9558025539
2024-08-09,LAB_COM_ENERGY_USD,73.9097404457
2024-08-12,LAB_COM_ENERGY_USD,75.1951232468
2024-08-13,LAB_COM_ENERGY_USD,75.3683014779
2024-08-14,LAB_COM_ENERGY_USD,73.0875504041
2024-08-15,LAB_COM_ENERGY_USD,73.8794853839
2024-08-16,LAB_COM_ENERGY_USD,74.8088068421
2024-08-19,LAB_COM_ENERGY_USD,76.1804068177
2024-08-20,LAB_COM_ENERGY_USD,78.8980819269
2024-08-21,LAB_COM_ENERGY_USD,81.2950735684
2024-08-22,LAB_COM_ENERGY_USD,80.5411655222
2024-08-23,LAB_COM_ENERGY_USD,81.0379917396
2024-08-26,LAB_COM_ENERGY_USD,79.6086667336
2024-08-27,LAB_COM_ENERGY_USD,80.1023182997
2024-08-28,LAB_COM_ENERGY_USD,80.8487022459
2024-08-29,LAB_COM_ENERGY_USD,81.7996789222
2024-08-30,LAB_COM_ENERGY_USD,79.7077394585
2024-09-02,LAB_COM_ENERGY_USD,78.3393595631
2024-09-03,LAB_COM_ENERGY_USD,78.6504912514
2024-09-04,LAB_COM_ENERGY_USD,79.6173288192
2024-09-05,LAB_COM_ENERGY_USD,80.5721367372
2024-09-06,LAB_COM_ENERGY_USD,77.7399854244
2024-09-09,LAB_COM_ENERGY_USD,76.1947400129
2024-09-10,LAB_COM_ENERGY_USD,74.1924381703
2024-09-11,LAB_COM_ENERGY_USD,74.2585038522
2024-09-12,LAB_COM_ENERGY_USD,74.3970385983
2024-09-13,LAB_COM_ENERGY_USD,73.7052230960
2024-09-16,LAB_COM_ENERGY_USD,76.1968732019
2024-09-17,LAB_COM_ENERGY_USD,75.9273194583
2024-09-18,LAB_COM_ENERGY_USD,75.2123356763
2024-09-19,LAB_COM_ENERGY_USD,74.4397769400
2024-09-20,LAB_COM_ENERGY_USD,74.9665414670
2024-09-23,LAB_COM_ENERGY_USD,74.7446823591
2024-09-24,LAB_COM_ENERGY_USD,76.1559773081
2024-09-25,LAB_COM_ENERGY_USD,77.1988754208
2024-09-26,LAB_COM_ENERGY_USD,76.8745253951
2024-09-27,LAB_COM_ENERGY_USD,75.8689207241
2024-09-30,LAB_COM_ENERGY_USD,75.8292029954
2024-10-01,LAB_COM_ENERGY_USD,74.9636120019
2024-10-02,LAB_COM_ENERGY_USD,76.2201835715
2024-10-03,LAB_COM_ENERGY_USD,73.9516462391
2024-10-04,LAB_COM_ENERGY_USD,73.4421454350
2024-10-07,LAB_COM_ENERGY_USD,73.7376623756
2024-10-08,LAB_COM_ENERGY_USD,74.9892110559
2024-10-09,LAB_COM_ENERGY_USD,74.5107874298
2024-10-10,LAB_COM_ENERGY_USD,73.2766602308
2024-10-11,LAB_COM_ENERGY_USD,73.1894702875
2024-10-14,LAB_COM_ENERGY_USD,72.0875108453
2024-10-15,LAB_COM_ENERGY_USD,70.7663347125
2024-10-16,LAB_COM_ENERGY_USD,72.0787761017
2024-10-17,LAB_COM_ENERGY_USD,73.1909313133
2024-10-18,LAB_COM_ENERGY_USD,72.7710474015
2024-10-21,LAB_COM_ENERGY_USD,74.3093783807
2024-10-22,LAB_COM_ENERGY_USD,71.5609828534
2024-10-23,LAB_COM_ENERGY_USD,69.6594323688
2024-10-24,LAB_COM_ENERGY_USD,71.0119861150
2024-10-25,LAB_COM_ENERGY_USD,70.4103260715
2024-10-28,LAB_COM_ENERGY_USD,72.1292551084
2024-10-29,LAB_COM_ENERGY_USD,71.9005569635
2024-10-30,LAB_COM_ENERGY_USD,72.6067506098
2024-10-31,LAB_COM_ENERGY_USD,74.4542799833
2024-11-01,LAB_COM_ENERGY_USD,73.5308464260
2024-11-04,LAB_COM_ENERGY_USD,73.2296523958
2024-11-05,LAB_COM_ENERGY_USD,72.7974967317
2024-11-06,LAB_COM_ENERGY_USD,73.3490486962
2024-11-07,LAB_COM_ENERGY_USD,75.9645965477
2024-11-08,LAB_COM_ENERGY_USD,75.6549884979
2024-11-11,LAB_COM_ENERGY_USD,77.7573503682
2024-11-12,LAB_COM_ENERGY_USD,77.7256668635
2024-11-13,LAB_COM_ENERGY_USD,77.2818162065
2024-11-14,LAB_COM_ENERGY_USD,77.7323555027
2024-11-15,LAB_COM_ENERGY_USD,77.0709284595
2024-11-18,LAB_COM_ENERGY_USD,75.9795515579
2024-11-19,LAB_COM_ENERGY_USD,78.1596833189
2024-11-20,LAB_COM_ENERGY_USD,75.2535781015
2024-11-21,LAB_COM_ENERGY_USD,75.0160134935
2024-11-22,LAB_COM_ENERGY_USD,75.1042647277
2024-11-25,LAB_COM_ENERGY_USD,75.4616093844
2024-11-26,LAB_COM_ENERGY_USD,74.5803724972
2024-11-27,LAB_COM_ENERGY_USD,73.0544487507
2024-11-28,LAB_COM_ENERGY_USD,72.3064987238
2024-11-29,LAB_COM_ENERGY_USD,71.8718578886
2024-12-02,LAB_COM_ENERGY_USD,72.2368098172
2024-12-03,LAB_COM_ENERGY_USD,71.5502307301
2024-12-04,LAB_COM_ENERGY_USD,71.3837281098
2024-12-05,LAB_COM_ENERGY_USD,69.4610044175
2024-12-06,LAB_COM_ENERGY_USD,69.8142040972
2024-12-09,LAB_COM_ENERGY_USD,68.9378022577
2024-12-10,LAB_COM_ENERGY_USD,69.1340345353
2024-12-11,LAB_COM_ENERGY_USD,69.4649311122
2024-12-12,LAB_COM_ENERGY_USD,71.4782507917
2024-12-13,LAB_COM_ENERGY_USD,70.9594668788
2024-12-16,LAB_COM_ENERGY_USD,70.2057657231
2024-12-17,LAB_COM_ENERGY_USD,67.9023709436
2024-12-18,LAB_COM_ENERGY_USD,68.3844990748
2024-12-19,LAB_COM_ENERGY_USD,67.0732252921
2024-12-20,LAB_COM_ENERGY_USD,66.6559766975
2024-12-23,LAB_COM_ENERGY_USD,66.7926860437
2024-12-24,LAB_COM_ENERGY_USD,69.3488061638
2024-12-25,LAB_COM_ENERGY_USD,69.3763021420
2024-12-26,LAB_COM_ENERGY_USD,68.7272100204
2024-12-27,LAB_COM_ENERGY_USD,69.0681678758
2024-12-30,LAB_COM_ENERGY_USD,67.4635951928
2024-12-31,LAB_COM_ENERGY_USD,66.6769800809
2025-01-01,LAB_COM_ENERGY_USD,66.8820389369
2025-01-02,LAB_COM_ENERGY_USD,65.7908759826
2025-01-03,LAB_COM_ENERGY_USD,65.6818471614
2025-01-06,LAB_COM_ENERGY_USD,66.4654241916
2025-01-07,LAB_COM_ENERGY_USD,66.0576321708
2025-01-08,LAB_COM_ENERGY_USD,64.4770969921
2025-01-09,LAB_COM_ENERGY_USD,64.3121110147
2025-01-10,LAB_COM_ENERGY_USD,63.3487863971
2025-01-13,LAB_COM_ENERGY_USD,63.4951064358
2025-01-14,LAB_COM_ENERGY_USD,62.3890700264
2025-01-15,LAB_COM_ENERGY_USD,63.6655138369
2025-01-16,LAB_COM_ENERGY_USD,63.3632463649
2025-01-17,LAB_COM_ENERGY_USD,62.5798578283
2025-01-20,LAB_COM_ENERGY_USD,66.3419752560
2025-01-21,LAB_COM_ENERGY_USD,67.4438676693
2025-01-22,LAB_COM_ENERGY_USD,66.7296128079
2025-01-23,LAB_COM_ENERGY_USD,65.5171133215
2025-01-24,LAB_COM_ENERGY_USD,66.0855616369
2025-01-27,LAB_COM_ENERGY_USD,68.2480733911
2025-01-28,LAB_COM_ENERGY_USD,69.0816599274
2025-01-29,LAB_COM_ENERGY_USD,69.6377385776
2025-01-30,LAB_COM_ENERGY_USD,68.7121467689
2025-01-31,LAB_COM_ENERGY_USD,69.7718221819
2025-02-03,LAB_COM_ENERGY_USD,69.1930376210
2025-02-04,LAB_COM_ENERGY_USD,69.9773071242
2025-02-05,LAB_COM_ENERGY_USD,69.4849247449
2025-02-06,LAB_COM_ENERGY_USD,69.0028318088
2025-02-07,LAB_COM_ENERGY_USD,69.4592937087
2025-02-10,LAB_COM_ENERGY_USD,71.1528753435
2025-02-11,LAB_COM_ENERGY_USD,74.0040306578
2025-02-12,LAB_COM_ENERGY_USD,71.2598926696
2025-02-13,LAB_COM_ENERGY_USD,72.6499761812
2025-02-14,LAB_COM_ENERGY_USD,71.5853754337
2025-02-17,LAB_COM_ENERGY_USD,69.0510102013
2025-02-18,LAB_COM_ENERGY_USD,69.3879022175
2025-02-19,LAB_COM_ENERGY_USD,69.9961538113
2025-02-20,LAB_COM_ENERGY_USD,68.9119717461
2025-02-21,LAB_COM_ENERGY_USD,70.3681988652
2025-02-24,LAB_COM_ENERGY_USD,71.4327382626
2025-02-25,LAB_COM_ENERGY_USD,71.6744539115
2025-02-26,LAB_COM_ENERGY_USD,72.9940631888
2025-02-27,LAB_COM_ENERGY_USD,72.5712883541
2025-02-28,LAB_COM_ENERGY_USD,74.0227126230
2025-03-03,LAB_COM_ENERGY_USD,75.5691920606
2025-03-04,LAB_COM_ENERGY_USD,73.7317721873
2025-03-05,LAB_COM_ENERGY_USD,73.4704167078
2025-03-06,LAB_COM_ENERGY_USD,73.9934282900
2025-03-07,LAB_COM_ENERGY_USD,73.5234715308
2025-03-10,LAB_COM_ENERGY_USD,73.5250293438
2025-03-11,LAB_COM_ENERGY_USD,73.3427053440
2025-03-12,LAB_COM_ENERGY_USD,73.1935578321
2025-03-13,LAB_COM_ENERGY_USD,72.9618600748
2025-03-14,LAB_COM_ENERGY_USD,75.1079131975
2025-03-17,LAB_COM_ENERGY_USD,75.2682585398
2025-03-18,LAB_COM_ENERGY_USD,77.2363702787
2025-03-19,LAB_COM_ENERGY_USD,75.4955352932
2025-03-20,LAB_COM_ENERGY_USD,73.2101244739
2025-03-21,LAB_COM_ENERGY_USD,71.8406294220
2025-03-24,LAB_COM_ENERGY_USD,72.1677858608
2025-03-25,LAB_COM_ENERGY_USD,70.3710672733
2025-03-26,LAB_COM_ENERGY_USD,69.9415147351
2025-03-27,LAB_COM_ENERGY_USD,70.0108555717
2025-03-28,LAB_COM_ENERGY_USD,70.0464876929
2025-03-31,LAB_COM_ENERGY_USD,70.0513178612
2025-04-01,LAB_COM_ENERGY_USD,69.8173880846
2025-04-02,LAB_COM_ENERGY_USD,67.6825321439
2025-04-03,LAB_COM_ENERGY_USD,66.3951510199
2025-04-04,LAB_COM_ENERGY_USD,65.4444940711
2025-04-07,LAB_COM_ENERGY_USD,65.4194994423
2025-04-08,LAB_COM_ENERGY_USD,66.5982983526
2025-04-09,LAB_COM_ENERGY_USD,65.7331895176
2025-04-10,LAB_COM_ENERGY_USD,64.1768886986
2025-04-11,LAB_COM_ENERGY_USD,66.2392860065
2025-04-14,LAB_COM_ENERGY_USD,66.4872685518
2025-04-15,LAB_COM_ENERGY_USD,69.3239951814
2025-04-16,LAB_COM_ENERGY_USD,67.3050655303
2025-04-17,LAB_COM_ENERGY_USD,69.1235465719
2025-04-18,LAB_COM_ENERGY_USD,70.1318735339
2025-04-21,LAB_COM_ENERGY_USD,71.7163175815
2025-04-22,LAB_COM_ENERGY_USD,71.6586467332
2025-04-23,LAB_COM_ENERGY_USD,71.2108905835
2025-04-24,LAB_COM_ENERGY_USD,73.8511121366
2025-04-25,LAB_COM_ENERGY_USD,74.8577989295
2025-04-28,LAB_COM_ENERGY_USD,73.5373019405
2025-04-29,LAB_COM_ENERGY_USD,74.9442587596
2025-04-30,LAB_COM_ENERGY_USD,73.5077846797
2025-05-01,LAB_COM_ENERGY_USD,75.5186172005
2025-05-02,LAB_COM_ENERGY_USD,76.8919361545
2025-05-05,LAB_COM_ENERGY_USD,75.5328315615
2025-05-06,LAB_COM_ENERGY_USD,76.8810054912
2025-05-07,LAB_COM_ENERGY_USD,77.1636370163
2025-05-08,LAB_COM_ENERGY_USD,78.3027317037
2025-05-09,LAB_COM_ENERGY_USD,78.4104070405
2025-05-12,LAB_COM_ENERGY_USD,78.0729592566
2025-05-13,LAB_COM_ENERGY_USD,77.1425228632
2025-05-14,LAB_COM_ENERGY_USD,78.0617562052
2025-05-15,LAB_COM_ENERGY_USD,78.9231212689
2025-05-16,LAB_COM_ENERGY_USD,79.1723367959
2025-05-19,LAB_COM_ENERGY_USD,79.4092372408
2025-05-20,LAB_COM_ENERGY_USD,76.3135364227
2025-05-21,LAB_COM_ENERGY_USD,77.3322446456
2025-05-22,LAB_COM_ENERGY_USD,78.8798763451
2025-05-23,LAB_COM_ENERGY_USD,80.2905951989
2025-05-26,LAB_COM_ENERGY_USD,81.6909423067
2025-05-27,LAB_COM_ENERGY_USD,83.5911012797
2025-05-28,LAB_COM_ENERGY_USD,82.9963159947
2025-05-29,LAB_COM_ENERGY_USD,84.6963579598
2025-05-30,LAB_COM_ENERGY_USD,83.5609895966
2025-06-02,LAB_COM_ENERGY_USD,83.8712414400
2025-06-03,LAB_COM_ENERGY_USD,85.3454837120
2025-06-04,LAB_COM_ENERGY_USD,83.8171298040
2025-06-05,LAB_COM_ENERGY_USD,84.1904851974
2025-06-06,LAB_COM_ENERGY_USD,84.6668997394
2025-06-09,LAB_COM_ENERGY_USD,84.5716250603
2025-06-10,LAB_COM_ENERGY_USD,84.8830301365
2025-06-11,LAB_COM_ENERGY_USD,85.9572293509
2025-06-12,LAB_COM_ENERGY_USD,86.1195181547
2025-06-13,LAB_COM_ENERGY_USD,84.2666736738
2025-06-16,LAB_COM_ENERGY_USD,80.8818112157
2025-06-17,LAB_COM_ENERGY_USD,82.4086665901
2025-06-18,LAB_COM_ENERGY_USD,82.4535239237
2025-06-19,LAB_COM_ENERGY_USD,82.0657589586
2025-06-20,LAB_COM_ENERGY_USD,81.7755437157
2025-06-23,LAB_COM_ENERGY_USD,82.3720756425
2025-06-24,LAB_COM_ENERGY_USD,82.0271610912
2025-06-25,LAB_COM_ENERGY_USD,82.2995229936
2025-06-26,LAB_COM_ENERGY_USD,82.0599210607
2025-06-27,LAB_COM_ENERGY_USD,84.0891764201
2025-06-30,LAB_COM_ENERGY_USD,86.1632030820
2025-07-01,LAB_COM_ENERGY_USD,85.9103713361
2025-07-02,LAB_COM_ENERGY_USD,88.3231305587
2025-07-03,LAB_COM_ENERGY_USD,87.3481974756
2025-07-04,LAB_COM_ENERGY_USD,89.3051107009
2025-07-07,LAB_COM_ENERGY_USD,90.2808592671
2025-07-08,LAB_COM_ENERGY_USD,88.3775446116
2025-07-09,LAB_COM_ENERGY_USD,89.1074490432
2025-07-10,LAB_COM_ENERGY_USD,87.0739434513
2025-07-11,LAB_COM_ENERGY_USD,85.6437844572
2025-07-14,LAB_COM_ENERGY_USD,83.4637487833
2025-07-15,LAB_COM_ENERGY_USD,81.7116383753
2025-07-16,LAB_COM_ENERGY_USD,83.0811168397
2025-07-17,LAB_COM_ENERGY_USD,81.8389432323
2025-07-18,LAB_COM_ENERGY_USD,79.5326012325
2025-07-21,LAB_COM_ENERGY_USD,76.5792004255
2025-07-22,LAB_COM_ENERGY_USD,78.9473701912
2025-07-23,LAB_COM_ENERGY_USD,80.5634822626
2025-07-24,LAB_COM_ENERGY_USD,79.9435003963
2025-07-25,LAB_COM_ENERGY_USD,83.1596796062
2025-07-28,LAB_COM_ENERGY_USD,82.2727248386
2025-07-29,LAB_COM_ENERGY_USD,84.6334358834
2025-07-30,LAB_COM_ENERGY_USD,86.3823194472
2025-07-31,LAB_COM_ENERGY_USD,88.9944556151
2025-08-01,LAB_COM_ENERGY_USD,85.2323822907
2025-08-04,LAB_COM_ENERGY_USD,86.2583826254
2025-08-05,LAB_COM_ENERGY_USD,85.0406230349
2025-08-06,LAB_COM_ENERGY_USD,86.8545268104
2025-08-07,LAB_COM_ENERGY_USD,87.1873022853
2025-08-08,LAB_COM_ENERGY_USD,87.4664619551
2025-08-11,LAB_COM_ENERGY_USD,84.2541315458
2025-08-12,LAB_COM_ENERGY_USD,83.1458566518
2025-08-13,LAB_COM_ENERGY_USD,84.3978268521
2025-08-14,LAB_COM_ENERGY_USD,84.6821451422
2025-08-15,LAB_COM_ENERGY_USD,83.7093578949
2025-08-18,LAB_COM_ENERGY_USD,83.4964121983
2025-08-19,LAB_COM_ENERGY_USD,82.0389794969
2025-08-20,LAB_COM_ENERGY_USD,82.3759826794
2025-08-21,LAB_COM_ENERGY_USD,81.1964007415
2025-08-22,LAB_COM_ENERGY_USD,80.4797540921
2025-08-25,LAB_COM_ENERGY_USD,80.4559381679
2025-08-26,LAB_COM_ENERGY_USD,80.2012397546
2025-08-27,LAB_COM_ENERGY_USD,78.6064527499
2025-08-28,LAB_COM_ENERGY_USD,78.3994636214
2025-08-29,LAB_COM_ENERGY_USD,77.2091787712
2025-09-01,LAB_COM_ENERGY_USD,77.5485829242
2025-09-02,LAB_COM_ENERGY_USD,78.7705986145
2025-09-03,LAB_COM_ENERGY_USD,79.9394110486
2025-09-04,LAB_COM_ENERGY_USD,79.5900261854
2025-09-05,LAB_COM_ENERGY_USD,79.4394578209
2025-09-08,LAB_COM_ENERGY_USD,81.7951484740
2025-09-09,LAB_COM_ENERGY_USD,80.9704425636
2025-09-10,LAB_COM_ENERGY_USD,81.3996420863
2025-09-11,LAB_COM_ENERGY_USD,81.6575290121
2025-09-12,LAB_COM_ENERGY_USD,80.5580326845
2025-09-15,LAB_COM_ENERGY_USD,81.2244075447
2025-09-16,LAB_COM_ENERGY_USD,81.9803275579
2025-09-17,LAB_COM_ENERGY_USD,83.6462401340
2025-09-18,LAB_COM_ENERGY_USD,83.6825454952
2025-09-19,LAB_COM_ENERGY_USD,84.4777494683
2025-09-22,LAB_COM_ENERGY_USD,84.9081726263
2025-09-23,LAB_COM_ENERGY_USD,84.8820375534
2025-09-24,LAB_COM_ENERGY_USD,85.7487872294
2025-09-25,LAB_COM_ENERGY_USD,85.3961426670
2025-09-26,LAB_COM_ENERGY_USD,83.6452026303
2025-09-29,LAB_COM_ENERGY_USD,85.7359351063
2025-09-30,LAB_COM_ENERGY_USD,83.4750952453
2025-10-01,LAB_COM_ENERGY_USD,84.5945511015
2025-10-02,LAB_COM_ENERGY_USD,84.7234214783
2025-10-03,LAB_COM_ENERGY_USD,85.1421985509
2025-10-06,LAB_COM_ENERGY_USD,86.7841270060
2025-10-07,LAB_COM_ENERGY_USD,83.5078382533
2025-10-08,LAB_COM_ENERGY_USD,82.4776289188
2025-10-09,LAB_COM_ENERGY_USD,80.9250311723
2025-10-10,LAB_COM_ENERGY_USD,81.5835111838
2025-10-13,LAB_COM_ENERGY_USD,81.3171363430
2025-10-14,LAB_COM_ENERGY_USD,82.1716689705
2025-10-15,LAB_COM_ENERGY_USD,79.0509074723
2025-10-16,LAB_COM_ENERGY_USD,79.0558274822
2025-10-17,LAB_COM_ENERGY_USD,78.9565196299
2025-10-20,LAB_COM_ENERGY_USD,79.9702383044
2025-10-21,LAB_COM_ENERGY_USD,77.8490940841
2025-10-22,LAB_COM_ENERGY_USD,77.7858076557
2025-10-23,LAB_COM_ENERGY_USD,75.8963836102
2025-10-24,LAB_COM_ENERGY_USD,79.7443456916
2025-10-27,LAB_COM_ENERGY_USD,79.2496612506
2025-10-28,LAB_COM_ENERGY_USD,79.1900802020
2025-10-29,LAB_COM_ENERGY_USD,78.8364114709
2025-10-30,LAB_COM_ENERGY_USD,75.5998296290
2025-10-31,LAB_COM_ENERGY_USD,77.8131191103
2025-11-03,LAB_COM_ENERGY_USD,79.2751145615
2025-11-04,LAB_COM_ENERGY_USD,78.1635165975
2025-11-05,LAB_COM_ENERGY_USD,76.1871539946
2025-11-06,LAB_COM_ENERGY_USD,77.0409756046
2025-11-07,LAB_COM_ENERGY_USD,76.4239672204
2025-11-10,LAB_COM_ENERGY_USD,78.0729017190
2025-11-11,LAB_COM_ENERGY_USD,79.6726165105
2025-11-12,LAB_COM_ENERGY_USD,78.8098988272
2025-11-13,LAB_COM_ENERGY_USD,78.8826177591
2025-11-14,LAB_COM_ENERGY_USD,79.6379318356
2025-11-17,LAB_COM_ENERGY_USD,80.4168354939
2025-11-18,LAB_COM_ENERGY_USD,80.0217728874
2025-11-19,LAB_COM_ENERGY_USD,81.9132849301
2025-11-20,LAB_COM_ENERGY_USD,80.7806409887
2025-11-21,LAB_COM_ENERGY_USD,82.9480285222
2025-11-24,LAB_COM_ENERGY_USD,83.2835649824
2025-11-25,LAB_COM_ENERGY_USD,81.7229697398
2025-11-26,LAB_COM_ENERGY_USD,82.1913282661
2025-11-27,LAB_COM_ENERGY_USD,82.2404174781
2025-11-28,LAB_COM_ENERGY_USD,81.9127164291
2025-12-01,LAB_COM_ENERGY_USD,80.4675168446
2025-12-02,LAB_COM_ENERGY_USD,81.8097302772
2025-12-03,LAB_COM_ENERGY_USD,79.0261063531
2025-12-04,LAB_COM_ENERGY_USD,80.7245839374
2025-12-05,LAB_COM_ENERGY_USD,79.4808005322
2025-12-08,LAB_COM_ENERGY_USD,79.3894791759
2025-12-09,LAB_COM_ENERGY_USD,78.5630498120
2025-12-10,LAB_COM_ENERGY_USD,78.6675012506
2025-12-11,LAB_COM_ENERGY_USD,78.7175654045
2025-12-12,LAB_COM_ENERGY_USD,78.6347906220
2025-12-15,LAB_COM_ENERGY_USD,80.0138724114
2025-12-16,LAB_COM_ENERGY_USD,81.0551372993
2025-12-17,LAB_COM_ENERGY_USD,78.5568106801
2025-12-18,LAB_COM_ENERGY_USD,77.9679169245
2025-12-19,LAB_COM_ENERGY_USD,78.4953002411
2025-12-22,LAB_COM_ENERGY_USD,78.8202443149
2025-12-23,LAB_COM_ENERGY_USD,77.7067412255
2025-12-24,LAB_COM_ENERGY_USD,76.5760348941
2025-12-25,LAB_COM_ENERGY_USD,77.9093920697
2025-12-26,LAB_COM_ENERGY_USD,76.5582643436
2025-12-29,LAB_COM_ENERGY_USD,77.0521275366
2025-12-30,LAB_COM_ENERGY_USD,77.3059968521
2025-12-31,LAB_COM_ENERGY_USD,78.5255474408
2021-01-04,LAB_COM_METALS_USD,118.0000000000
2021-01-05,LAB_COM_METALS_USD,117.7427396331
2021-01-06,LAB_COM_METALS_USD,115.3102043741
2021-01-07,LAB_COM_METALS_USD,114.6945695172
2021-01-08,LAB_COM_METALS_USD,114.1789610540
2021-01-11,LAB_COM_METALS_USD,113.5792629413
2021-01-12,LAB_COM_METALS_USD,114.3089306722
2021-01-13,LAB_COM_METALS_USD,116.0166258299
2021-01-14,LAB_COM_METALS_USD,114.7346682252
2021-01-15,LAB_COM_METALS_USD,112.5969121552
2021-01-18,LAB_COM_METALS_USD,112.6848329425
2021-01-19,LAB_COM_METALS_USD,111.4332373467
2021-01-20,LAB_COM_METALS_USD,112.2870792800
2021-01-21,LAB_COM_METALS_USD,111.0390615875
2021-01-22,LAB_COM_METALS_USD,112.0344465044
2021-01-25,LAB_COM_METALS_USD,112.8619198128
2021-01-26,LAB_COM_METALS_USD,112.4728199140
2021-01-27,LAB_COM_METALS_USD,112.4366191610
2021-01-28,LAB_COM_METALS_USD,112.4851312381
2021-01-29,LAB_COM_METALS_USD,113.8417153762
2021-02-01,LAB_COM_METALS_USD,113.9788359970
2021-02-02,LAB_COM_METALS_USD,112.6759629695
2021-02-03,LAB_COM_METALS_USD,111.5486057401
2021-02-04,LAB_COM_METALS_USD,111.5799947353
2021-02-05,LAB_COM_METALS_USD,111.3968647276
2021-02-08,LAB_COM_METALS_USD,110.2352424573
2021-02-09,LAB_COM_METALS_USD,109.2877122659
2021-02-10,LAB_COM_METALS_USD,112.2945105511
2021-02-11,LAB_COM_METALS_USD,110.2950410127
2021-02-12,LAB_COM_METALS_USD,107.8257372935
2021-02-15,LAB_COM_METALS_USD,108.8129529749
2021-02-16,LAB_COM_METALS_USD,109.5342071267
2021-02-17,LAB_COM_METALS_USD,110.6641103368
2021-02-18,LAB_COM_METALS_USD,110.3145232819
2021-02-19,LAB_COM_METALS_USD,111.0554150996
2021-02-22,LAB_COM_METALS_USD,109.3591098195
2021-02-23,LAB_COM_METALS_USD,112.1835962673
2021-02-24,LAB_COM_METALS_USD,111.0206878558
2021-02-25,LAB_COM_METALS_USD,110.1070304197
2021-02-26,LAB_COM_METALS_USD,111.8479743242
2021-03-01,LAB_COM_METALS_USD,111.5850452743
2021-03-02,LAB_COM_METALS_USD,111.8467354068
2021-03-03,LAB_COM_METALS_USD,111.1431417861
2021-03-04,LAB_COM_METALS_USD,110.2611423813
2021-03-05,LAB_COM_METALS_USD,107.9553125113
2021-03-08,LAB_COM_METALS_USD,106.3226703113
2021-03-09,LAB_COM_METALS_USD,105.1322948163
2021-03-10,LAB_COM_METALS_USD,107.2059992876
2021-03-11,LAB_COM_METALS_USD,106.6042111524
2021-03-12,LAB_COM_METALS_USD,105.6186228011
2021-03-15,LAB_COM_METALS_USD,107.4580618656
2021-03-16,LAB_COM_METALS_USD,107.3655562969
2021-03-17,LAB_COM_METALS_USD,109.3016610599
2021-03-18,LAB_COM_METALS_USD,110.7082909846
2021-03-19,LAB_COM_METALS_USD,110.5602486864
2021-03-22,LAB_COM_METALS_USD,110.3123116060
2021-03-23,LAB_COM_METALS_USD,110.0431210186
2021-03-24,LAB_COM_METALS_USD,108.8783478258
2021-03-25,LAB_COM_METALS_USD,108.9811432959
2021-03-26,LAB_COM_METALS_USD,111.5082374740
2021-03-29,LAB_COM_METALS_USD,110.7836864473
2021-03-30,LAB_COM_METALS_USD,110.8812359328
2021-03-31,LAB_COM_METALS_USD,108.9492395853
2021-04-01,LAB_COM_METALS_USD,110.1439286116
2021-04-02,LAB_COM_METALS_USD,109.6579774733
2021-04-05,LAB_COM_METALS_USD,112.4809323044
2021-04-06,LAB_COM_METALS_USD,111.6632705450
2021-04-07,LAB_COM_METALS_USD,109.8552449408
2021-04-08,LAB_COM_METALS_USD,108.5810961549
2021-04-09,LAB_COM_METALS_USD,106.9846218106
2021-04-12,LAB_COM_METALS_USD,107.5568035068
2021-04-13,LAB_COM_METALS_USD,106.6243727744
2021-04-14,LAB_COM_METALS_USD,106.5556670601
2021-04-15,LAB_COM_METALS_USD,105.4921386907
2021-04-16,LAB_COM_METALS_USD,106.1802506987
2021-04-19,LAB_COM_METALS_USD,107.6215232622
2021-04-20,LAB_COM_METALS_USD,108.1198296629
2021-04-21,LAB_COM_METALS_USD,107.3766412089
2021-04-22,LAB_COM_METALS_USD,106.2601710314
2021-04-23,LAB_COM_METALS_USD,107.1352768899
2021-04-26,LAB_COM_METALS_USD,106.8222809196
2021-04-27,LAB_COM_METALS_USD,104.8492017394
2021-04-28,LAB_COM_METALS_USD,106.2450717755
2021-04-29,LAB_COM_METALS_USD,105.4924766731
2021-04-30,LAB_COM_METALS_USD,105.7099695938
2021-05-03,LAB_COM_METALS_USD,104.2772821708
2021-05-04,LAB_COM_METALS_USD,104.7986584253
2021-05-05,LAB_COM_METALS_USD,105.0845363821
2021-05-06,LAB_COM_METALS_USD,106.1388009745
2021-05-07,LAB_COM_METALS_USD,107.3026957427
2021-05-10,LAB_COM_METALS_USD,105.7534180383
2021-05-11,LAB_COM_METALS_USD,105.5923614605
2021-05-12,LAB_COM_METALS_USD,105.1060220765
2021-05-13,LAB_COM_METALS_USD,105.9709951483
2021-05-14,LAB_COM_METALS_USD,105.2466118413
2021-05-17,LAB_COM_METALS_USD,104.2112679719
2021-05-18,LAB_COM_METALS_USD,106.4559753543
2021-05-19,LAB_COM_METALS_USD,107.6876254957
2021-05-20,LAB_COM_METALS_USD,106.7350729309
2021-05-21,LAB_COM_METALS_USD,106.9850123809
2021-05-24,LAB_COM_METALS_USD,107.0330825562
2021-05-25,LAB_COM_METALS_USD,108.4763391107
2021-05-26,LAB_COM_METALS_USD,108.9946877266
2021-05-27,LAB_COM_METALS_USD,111.5786288148
2021-05-28,LAB_COM_METALS_USD,111.6083509774
2021-05-31,LAB_COM_METALS_USD,114.7326895974
2021-06-01,LAB_COM_METALS_USD,116.5753671339
2021-06-02,LAB_COM_METALS_USD,115.7735459403
2021-06-03,LAB_COM_METALS_USD,116.4337280011
2021-06-04,LAB_COM_METALS_USD,117.3140083880
2021-06-07,LAB_COM_METALS_USD,117.8341269886
2021-06-08,LAB_COM_METALS_USD,119.7189076221
2021-06-09,LAB_COM_METALS_USD,119.3227995424
2021-06-10,LAB_COM_METALS_USD,119.1529151174
2021-06-11,LAB_COM_METALS_USD,120.5330825193
2021-06-14,LAB_COM_METALS_USD,122.6581500764
2021-06-15,LAB_COM_METALS_USD,124.3753370576
2021-06-16,LAB_COM_METALS_USD,124.4724496386
2021-06-17,LAB_COM_METALS_USD,124.3450287313
2021-06-18,LAB_COM_METALS_USD,123.8085122135
2021-06-21,LAB_COM_METALS_USD,123.1649160380
2021-06-22,LAB_COM_METALS_USD,121.1050564996
2021-06-23,LAB_COM_METALS_USD,120.9283148343
2021-06-24,LAB_COM_METALS_USD,121.2060766678
2021-06-25,LAB_COM_METALS_USD,121.2770147006
2021-06-28,LAB_COM_METALS_USD,122.1259604382
2021-06-29,LAB_COM_METALS_USD,121.5938340347
2021-06-30,LAB_COM_METALS_USD,122.5705405900
2021-07-01,LAB_COM_METALS_USD,123.0493084409
2021-07-02,LAB_COM_METALS_USD,123.5214688899
2021-07-05,LAB_COM_METALS_USD,120.6144318399
2021-07-06,LAB_COM_METALS_USD,122.7290786008
2021-07-07,LAB_COM_METALS_USD,124.6810951485
2021-07-08,LAB_COM_METALS_USD,126.0187760155
2021-07-09,LAB_COM_METALS_USD,123.9070905448
2021-07-12,LAB_COM_METALS_USD,126.0532300447
2021-07-13,LAB_COM_METALS_USD,124.4245311866
2021-07-14,LAB_COM_METALS_USD,126.6135957350
2021-07-15,LAB_COM_METALS_USD,125.8084382265
2021-07-16,LAB_COM_METALS_USD,125.4723129415
2021-07-19,LAB_COM_METALS_USD,124.6361055840
2021-07-20,LAB_COM_METALS_USD,124.4557929750
2021-07-21,LAB_COM_METALS_USD,126.0517756035
2021-07-22,LAB_COM_METALS_USD,125.4193869648
2021-07-23,LAB_COM_METALS_USD,126.2958121831
2021-07-26,LAB_COM_METALS_USD,125.0463051497
2021-07-27,LAB_COM_METALS_USD,124.3684361516
2021-07-28,LAB_COM_METALS_USD,125.9359537680
2021-07-29,LAB_COM_METALS_USD,123.1043243033
2021-07-30,LAB_COM_METALS_USD,122.5292760676
2021-08-02,LAB_COM_METALS_USD,122.1678329277
2021-08-03,LAB_COM_METALS_USD,121.2436412341
2021-08-04,LAB_COM_METALS_USD,120.4682681216
2021-08-05,LAB_COM_METALS_USD,119.3661073220
2021-08-06,LAB_COM_METALS_USD,118.0961952738
2021-08-09,LAB_COM_METALS_USD,117.3399805617
2021-08-10,LAB_COM_METALS_USD,118.3417267991
2021-08-11,LAB_COM_METALS_USD,116.5759952672
2021-08-12,LAB_COM_METALS_USD,116.4443334831
2021-08-13,LAB_COM_METALS_USD,117.4248343268
2021-08-16,LAB_COM_METALS_USD,118.9208700597
2021-08-17,LAB_COM_METALS_USD,117.6061072626
2021-08-18,LAB_COM_METALS_USD,115.6102050230
2021-08-19,LAB_COM_METALS_USD,116.4600389402
2021-08-20,LAB_COM_METALS_USD,117.5544999485
2021-08-23,LAB_COM_METALS_USD,117.9681406116
2021-08-24,LAB_COM_METALS_USD,117.3449693828
2021-08-25,LAB_COM_METALS_USD,116.5063512266
2021-08-26,LAB_COM_METALS_USD,116.6011120597
2021-08-27,LAB_COM_METALS_USD,116.6479219497
2021-08-30,LAB_COM_METALS_USD,118.6306375650
2021-08-31,LAB_COM_METALS_USD,119.0390584756
2021-09-01,LAB_COM_METALS_USD,118.7782581689
2021-09-02,LAB_COM_METALS_USD,118.6116529154
2021-09-03,LAB_COM_METALS_USD,119.0479231884
2021-09-06,LAB_COM_METALS_USD,117.6650183352
2021-09-07,LAB_COM_METALS_USD,115.6402570032
2021-09-08,LAB_COM_METALS_USD,115.2003760622
2021-09-09,LAB_COM_METALS_USD,112.2594650040
2021-09-10,LAB_COM_METALS_USD,112.2178905793
2021-09-13,LAB_COM_METALS_USD,110.3989742414
2021-09-14,LAB_COM_METALS_USD,111.0066966475
2021-09-15,LAB_COM_METALS_USD,112.6245165000
2021-09-16,LAB_COM_METALS_USD,114.6978914307
2021-09-17,LAB_COM_METALS_USD,115.8285923735
2021-09-20,LAB_COM_METALS_USD,116.1533240775
2021-09-21,LAB_COM_METALS_USD,115.3380850196
2021-09-22,LAB_COM_METALS_USD,117.1669337235
2021-09-23,LAB_COM_METALS_USD,117.5968980112
2021-09-24,LAB_COM_METALS_USD,117.0650137047
2021-09-27,LAB_COM_METALS_USD,116.4481151754
2021-09-28,LAB_COM_METALS_USD,114.1101115977
2021-09-29,LAB_COM_METALS_USD,112.9051786486
2021-09-30,LAB_COM_METALS_USD,112.8767517705
2021-10-01,LAB_COM_METALS_USD,111.0303576006
2021-10-04,LAB_COM_METALS_USD,109.7668678753
2021-10-05,LAB_COM_METALS_USD,111.2651081587
2021-10-06,LAB_COM_METALS_USD,110.0030520861
2021-10-07,LAB_COM_METALS_USD,110.5198075524
2021-10-08,LAB_COM_METALS_USD,110.3366945869
2021-10-11,LAB_COM_METALS_USD,111.2679227888
2021-10-12,LAB_COM_METALS_USD,113.1115932647
2021-10-13,LAB_COM_METALS_USD,113.3951121328
2021-10-14,LAB_COM_METALS_USD,110.8834285554
2021-10-15,LAB_COM_METALS_USD,110.2515641525
2021-10-18,LAB_COM_METALS_USD,110.8559551524
2021-10-19,LAB_COM_METALS_USD,111.5212492023
2021-10-20,LAB_COM_METALS_USD,112.4005172918
2021-10-21,LAB_COM_METALS_USD,113.7132033180
2021-10-22,LAB_COM_METALS_USD,110.1729454020
2021-10-25,LAB_COM_METALS_USD,111.7630289805
2021-10-26,LAB_COM_METALS_USD,111.6653157767
2021-10-27,LAB_COM_METALS_USD,111.9579842882
2021-10-28,LAB_COM_METALS_USD,109.7870372713
2021-10-29,LAB_COM_METALS_USD,110.2468761648
2021-11-01,LAB_COM_METALS_USD,108.7683928173
2021-11-02,LAB_COM_METALS_USD,109.2675735388
2021-11-03,LAB_COM_METALS_USD,110.5399291651
2021-11-04,LAB_COM_METALS_USD,110.4799490153
2021-11-05,LAB_COM_METALS_USD,109.5244229885
2021-11-08,LAB_COM_METALS_USD,109.5999455517
2021-11-09,LAB_COM_METALS_USD,108.4183641659
2021-11-10,LAB_COM_METALS_USD,105.6347207927
2021-11-11,LAB_COM_METALS_USD,105.6946044955
2021-11-12,LAB_COM_METALS_USD,105.1905419700
2021-11-15,LAB_COM_METALS_USD,104.7463221874
2021-11-16,LAB_COM_METALS_USD,105.1601176409
2021-11-17,LAB_COM_METALS_USD,102.9930849545
2021-11-18,LAB_COM_METALS_USD,102.4095251527
2021-11-19,LAB_COM_METALS_USD,102.9804943229
2021-11-22,LAB_COM_METALS_USD,104.5987913928
2021-11-23,LAB_COM_METALS_USD,104.0406839640
2021-11-24,LAB_COM_METALS_USD,101.4676710324
2021-11-25,LAB_COM_METALS_USD,101.8419270879
2021-11-26,LAB_COM_METALS_USD,103.0594790290
2021-11-29,LAB_COM_METALS_USD,102.8898157625
2021-11-30,LAB_COM_METALS_USD,103.8580223873
2021-12-01,LAB_COM_METALS_USD,102.1220358994
2021-12-02,LAB_COM_METALS_USD,102.1229095469
2021-12-03,LAB_COM_METALS_USD,102.0798444073
2021-12-06,LAB_COM_METALS_USD,101.0226686616
2021-12-07,LAB_COM_METALS_USD,103.4750841788
2021-12-08,LAB_COM_METALS_USD,102.2523627389
2021-12-09,LAB_COM_METALS_USD,100.0129554040
2021-12-10,LAB_COM_METALS_USD,101.5041460570
2021-12-13,LAB_COM_METALS_USD,102.6671543061
2021-12-14,LAB_COM_METALS_USD,103.4443877759
2021-12-15,LAB_COM_METALS_USD,101.5136898483
2021-12-16,LAB_COM_METALS_USD,103.6897093654
2021-12-17,LAB_COM_METALS_USD,104.6143299193
2021-12-20,LAB_COM_METALS_USD,103.5483968362
2021-12-21,LAB_COM_METALS_USD,104.3001341446
2021-12-22,LAB_COM_METALS_USD,104.4934073286
2021-12-23,LAB_COM_METALS_USD,105.4082243501
2021-12-24,LAB_COM_METALS_USD,105.8678206132
2021-12-27,LAB_COM_METALS_USD,105.2345344324
2021-12-28,LAB_COM_METALS_USD,106.7918567663
2021-12-29,LAB_COM_METALS_USD,107.9360802045
2021-12-30,LAB_COM_METALS_USD,108.7167924048
2021-12-31,LAB_COM_METALS_USD,110.2120149681
2022-01-03,LAB_COM_METALS_USD,110.4875270390
2022-01-04,LAB_COM_METALS_USD,108.9824069570
2022-01-05,LAB_COM_METALS_USD,108.1738900683
2022-01-06,LAB_COM_METALS_USD,110.3595975738
2022-01-07,LAB_COM_METALS_USD,110.3091853351
2022-01-10,LAB_COM_METALS_USD,111.5058733700
2022-01-11,LAB_COM_METALS_USD,110.6864688152
2022-01-12,LAB_COM_METALS_USD,111.8220163021
2022-01-13,LAB_COM_METALS_USD,114.3624735738
2022-01-14,LAB_COM_METALS_USD,111.8308031257
2022-01-17,LAB_COM_METALS_USD,111.8623629569
2022-01-18,LAB_COM_METALS_USD,111.6334855508
2022-01-19,LAB_COM_METALS_USD,112.9260305030
2022-01-20,LAB_COM_METALS_USD,114.0179821910
2022-01-21,LAB_COM_METALS_USD,114.9673040004
2022-01-24,LAB_COM_METALS_USD,116.2938926016
2022-01-25,LAB_COM_METALS_USD,116.2331472418
2022-01-26,LAB_COM_METALS_USD,116.2675778106
2022-01-27,LAB_COM_METALS_USD,115.9045179059
2022-01-28,LAB_COM_METALS_USD,116.3804818389
2022-01-31,LAB_COM_METALS_USD,115.8866535170
2022-02-01,LAB_COM_METALS_USD,116.6585352596
2022-02-02,LAB_COM_METALS_USD,118.0511051980
2022-02-03,LAB_COM_METALS_USD,117.6882718433
2022-02-04,LAB_COM_METALS_USD,119.7757341466
2022-02-07,LAB_COM_METALS_USD,118.8936105100
2022-02-08,LAB_COM_METALS_USD,118.2177184767
2022-02-09,LAB_COM_METALS_USD,118.5728360048
2022-02-10,LAB_COM_METALS_USD,117.0024697550
2022-02-11,LAB_COM_METALS_USD,119.1097128556
2022-02-14,LAB_COM_METALS_USD,119.1867714388
2022-02-15,LAB_COM_METALS_USD,118.5055699638
2022-02-16,LAB_COM_METALS_USD,116.7217788226
2022-02-17,LAB_COM_METALS_USD,116.3653331574
2022-02-18,LAB_COM_METALS_USD,116.5488331968
2022-02-21,LAB_COM_METALS_USD,117.0699849868
2022-02-22,LAB_COM_METALS_USD,115.6207683105
2022-02-23,LAB_COM_METALS_USD,116.3707705457
2022-02-24,LAB_COM_METALS_USD,116.5736481191
2022-02-25,LAB_COM_METALS_USD,115.9611513851
2022-02-28,LAB_COM_METALS_USD,114.8984200322
2022-03-01,LAB_COM_METALS_USD,116.4357202412
2022-03-02,LAB_COM_METALS_USD,117.1538239520
2022-03-03,LAB_COM_METALS_USD,116.2948433369
2022-03-04,LAB_COM_METALS_USD,114.5651574128
2022-03-07,LAB_COM_METALS_USD,115.3992933871
2022-03-08,LAB_COM_METALS_USD,113.6722752728
2022-03-09,LAB_COM_METALS_USD,112.4606915525
2022-03-10,LAB_COM_METALS_USD,112.1181397869
2022-03-11,LAB_COM_METALS_USD,110.0593745404
2022-03-14,LAB_COM_METALS_USD,107.8547252953
2022-03-15,LAB_COM_METALS_USD,106.8087697613
2022-03-16,LAB_COM_METALS_USD,107.6627880524
2022-03-17,LAB_COM_METALS_USD,108.3796314042
2022-03-18,LAB_COM_METALS_USD,107.3687314564
2022-03-21,LAB_COM_METALS_USD,107.5190951507
2022-03-22,LAB_COM_METALS_USD,105.7155220120
2022-03-23,LAB_COM_METALS_USD,105.8827964427
2022-03-24,LAB_COM_METALS_USD,106.8101383286
2022-03-25,LAB_COM_METALS_USD,106.4557011591
2022-03-28,LAB_COM_METALS_USD,106.2073822501
2022-03-29,LAB_COM_METALS_USD,105.8095385233
2022-03-30,LAB_COM_METALS_USD,105.3398781829
2022-03-31,LAB_COM_METALS_USD,104.7703225396
2022-04-01,LAB_COM_METALS_USD,104.6243835412
2022-04-04,LAB_COM_METALS_USD,105.6416993254
2022-04-05,LAB_COM_METALS_USD,104.1975084655
2022-04-06,LAB_COM_METALS_USD,103.1740618290
2022-04-07,LAB_COM_METALS_USD,102.4666985909
2022-04-08,LAB_COM_METALS_USD,102.8337891172
2022-04-11,LAB_COM_METALS_USD,101.6359878295
2022-04-12,LAB_COM_METALS_USD,101.7601310099
2022-04-13,LAB_COM_METALS_USD,102.9999464599
2022-04-14,LAB_COM_METALS_USD,100.3189392040
2022-04-15,LAB_COM_METALS_USD,100.7786669097
2022-04-18,LAB_COM_METALS_USD,99.1943676959
2022-04-19,LAB_COM_METALS_USD,98.7201868029
2022-04-20,LAB_COM_METALS_USD,98.8845446517
2022-04-21,LAB_COM_METALS_USD,96.7487618591
2022-04-22,LAB_COM_METALS_USD,97.2237990219
2022-04-25,LAB_COM_METALS_USD,98.4097959849
2022-04-26,LAB_COM_METALS_USD,98.6760563876
2022-04-27,LAB_COM_METALS_USD,97.3469528582
2022-04-28,LAB_COM_METALS_USD,97.9163193106
2022-04-29,LAB_COM_METALS_USD,97.9395696210
2022-05-02,LAB_COM_METALS_USD,97.9408584837
2022-05-03,LAB_COM_METALS_USD,98.5124577313
2022-05-04,LAB_COM_METALS_USD,98.8534975402
2022-05-05,LAB_COM_METALS_USD,97.0830291803
2022-05-06,LAB_COM_METALS_USD,97.7029600146
2022-05-09,LAB_COM_METALS_USD,98.2345195628
2022-05-10,LAB_COM_METALS_USD,96.6357745835
2022-05-11,LAB_COM_METALS_USD,96.6324280627
2022-05-12,LAB_COM_METALS_USD,96.6526443071
2022-05-13,LAB_COM_METALS_USD,98.5269687854
2022-05-16,LAB_COM_METALS_USD,99.1743883998
2022-05-17,LAB_COM_METALS_USD,97.4840137011
2022-05-18,LAB_COM_METALS_USD,98.1748775829
2022-05-19,LAB_COM_METALS_USD,101.3074757767
2022-05-20,LAB_COM_METALS_USD,101.4662786166
2022-05-23,LAB_COM_METALS_USD,100.7746666043
2022-05-24,LAB_COM_METALS_USD,100.3546083952
2022-05-25,LAB_COM_METALS_USD,101.3842177713
2022-05-26,LAB_COM_METALS_USD,101.7777760990
2022-05-27,LAB_COM_METALS_USD,101.3926550928
2022-05-30,LAB_COM_METALS_USD,100.9733514151
2022-05-31,LAB_COM_METALS_USD,101.5132321342
2022-06-01,LAB_COM_METALS_USD,102.3631878762
2022-06-02,LAB_COM_METALS_USD,102.5941580391
2022-06-03,LAB_COM_METALS_USD,100.3678646405
2022-06-06,LAB_COM_METALS_USD,99.1392651718
2022-06-07,LAB_COM_METALS_USD,98.9209196663
2022-06-08,LAB_COM_METALS_USD,99.4052844536
2022-06-09,LAB_COM_METALS_USD,100.0350811837
2022-06-10,LAB_COM_METALS_USD,100.0296721303
2022-06-13,LAB_COM_METALS_USD,100.0456898039
2022-06-14,LAB_COM_METALS_USD,101.2109430926
2022-06-15,LAB_COM_METALS_USD,101.8479704429
2022-06-16,LAB_COM_METALS_USD,101.5303967623
2022-06-17,LAB_COM_METALS_USD,102.0077297003
2022-06-20,LAB_COM_METALS_USD,100.6825580967
2022-06-21,LAB_COM_METALS_USD,102.3603673338
2022-06-22,LAB_COM_METALS_USD,103.5046743644
2022-06-23,LAB_COM_METALS_USD,103.5643849306
2022-06-24,LAB_COM_METALS_USD,104.7718148879
2022-06-27,LAB_COM_METALS_USD,103.0972613503
2022-06-28,LAB_COM_METALS_USD,101.5587519778
2022-06-29,LAB_COM_METALS_USD,102.0582101453
2022-06-30,LAB_COM_METALS_USD,101.2767838286
2022-07-01,LAB_COM_METALS_USD,100.5622156398
2022-07-04,LAB_COM_METALS_USD,99.4059248550
2022-07-05,LAB_COM_METALS_USD,97.9716677472
2022-07-06,LAB_COM_METALS_USD,98.1991090616
2022-07-07,LAB_COM_METALS_USD,97.0446116120
2022-07-08,LAB_COM_METALS_USD,97.4399832940
2022-07-11,LAB_COM_METALS_USD,97.8032679378
2022-07-12,LAB_COM_METALS_USD,97.4191684578
2022-07-13,LAB_COM_METALS_USD,97.8411372686
2022-07-14,LAB_COM_METALS_USD,97.0532487298
2022-07-15,LAB_COM_METALS_USD,96.0925922005
2022-07-18,LAB_COM_METALS_USD,95.1722996072
2022-07-19,LAB_COM_METALS_USD,95.7682785512
2022-07-20,LAB_COM_METALS_USD,95.7597589473
2022-07-21,LAB_COM_METALS_USD,96.1390724283
2022-07-22,LAB_COM_METALS_USD,94.1527449296
2022-07-25,LAB_COM_METALS_USD,93.5450515826
2022-07-26,LAB_COM_METALS_USD,94.3761304538
2022-07-27,LAB_COM_METALS_USD,95.6630674103
2022-07-28,LAB_COM_METALS_USD,97.6390615698
2022-07-29,LAB_COM_METALS_USD,98.2284759640
2022-08-01,LAB_COM_METALS_USD,101.1150564727
2022-08-02,LAB_COM_METALS_USD,101.1043394662
2022-08-03,LAB_COM_METALS_USD,100.6542397796
2022-08-04,LAB_COM_METALS_USD,99.8615710008
2022-08-05,LAB_COM_METALS_USD,98.8317646331
2022-08-08,LAB_COM_METALS_USD,97.6295415009
2022-08-09,LAB_COM_METALS_USD,95.5136475817
2022-08-10,LAB_COM_METALS_USD,94.8874936233
2022-08-11,LAB_COM_METALS_USD,94.1717335000
2022-08-12,LAB_COM_METALS_USD,95.6333473337
2022-08-15,LAB_COM_METALS_USD,96.1805435891
2022-08-16,LAB_COM_METALS_USD,94.7253515199
2022-08-17,LAB_COM_METALS_USD,94.3520839041
2022-08-18,LAB_COM_METALS_USD,94.8305602024
2022-08-19,LAB_COM_METALS_USD,94.4097237883
2022-08-22,LAB_COM_METALS_USD,95.0365910239
2022-08-23,LAB_COM_METALS_USD,93.5618570796
2022-08-24,LAB_COM_METALS_USD,94.6243679159
2022-08-25,LAB_COM_METALS_USD,94.7709611170
2022-08-26,LAB_COM_METALS_USD,94.7959119163
2022-08-29,LAB_COM_METALS_USD,92.2140076239
2022-08-30,LAB_COM_METALS_USD,92.2610483620
2022-08-31,LAB_COM_METALS_USD,92.9451972688
2022-09-01,LAB_COM_METALS_USD,92.2603789637
2022-09-02,LAB_COM_METALS_USD,94.2438146547
2022-09-05,LAB_COM_METALS_USD,93.5233070595
2022-09-06,LAB_COM_METALS_USD,91.4554383687
2022-09-07,LAB_COM_METALS_USD,90.2450252694
2022-09-08,LAB_COM_METALS_USD,88.9969776540
2022-09-09,LAB_COM_METALS_USD,88.3949569341
2022-09-12,LAB_COM_METALS_USD,88.3835602236
2022-09-13,LAB_COM_METALS_USD,86.5993151427
2022-09-14,LAB_COM_METALS_USD,87.9290158910
2022-09-15,LAB_COM_METALS_USD,89.5253197619
2022-09-16,LAB_COM_METALS_USD,90.2833526561
2022-09-19,LAB_COM_METALS_USD,90.9507209759
2022-09-20,LAB_COM_METALS_USD,92.1159054026
2022-09-21,LAB_COM_METALS_USD,92.1422898400
2022-09-22,LAB_COM_METALS_USD,91.5022492509
2022-09-23,LAB_COM_METALS_USD,92.9538631882
2022-09-26,LAB_COM_METALS_USD,91.8687733763
2022-09-27,LAB_COM_METALS_USD,92.1426689998
2022-09-28,LAB_COM_METALS_USD,91.0776446764
2022-09-29,LAB_COM_METALS_USD,91.8804128300
2022-09-30,LAB_COM_METALS_USD,92.7578239167
2022-10-03,LAB_COM_METALS_USD,93.5645271481
2022-10-04,LAB_COM_METALS_USD,93.5768232343
2022-10-05,LAB_COM_METALS_USD,93.9046739264
2022-10-06,LAB_COM_METALS_USD,93.3122793507
2022-10-07,LAB_COM_METALS_USD,92.4933334605
2022-10-10,LAB_COM_METALS_USD,93.1973282017
2022-10-11,LAB_COM_METALS_USD,92.5856289451
2022-10-12,LAB_COM_METALS_USD,93.6209478579
2022-10-13,LAB_COM_METALS_USD,92.5707319818
2022-10-14,LAB_COM_METALS_USD,93.1721381619
2022-10-17,LAB_COM_METALS_USD,93.0389305009
2022-10-18,LAB_COM_METALS_USD,92.7929719214
2022-10-19,LAB_COM_METALS_USD,92.4054615923
2022-10-20,LAB_COM_METALS_USD,94.0459093939
2022-10-21,LAB_COM_METALS_USD,92.2437058127
2022-10-24,LAB_COM_METALS_USD,92.8439361384
2022-10-25,LAB_COM_METALS_USD,92.3239500840
2022-10-26,LAB_COM_METALS_USD,91.8263853637
2022-10-27,LAB_COM_METALS_USD,91.3125109027
2022-10-28,LAB_COM_METALS_USD,89.8365846132
2022-10-31,LAB_COM_METALS_USD,89.9257758760
2022-11-01,LAB_COM_METALS_USD,92.0471349782
2022-11-02,LAB_COM_METALS_USD,90.6468779655
2022-11-03,LAB_COM_METALS_USD,90.8907246902
2022-11-04,LAB_COM_METALS_USD,90.2784155870
2022-11-07,LAB_COM_METALS_USD,91.2127294462
2022-11-08,LAB_COM_METALS_USD,91.1291443294
2022-11-09,LAB_COM_METALS_USD,91.1537876509
2022-11-10,LAB_COM_METALS_USD,91.4944992600
2022-11-11,LAB_COM_METALS_USD,91.1369527735
2022-11-14,LAB_COM_METALS_USD,89.9772378622
2022-11-15,LAB_COM_METALS_USD,89.8309205757
2022-11-16,LAB_COM_METALS_USD,91.2301815332
2022-11-17,LAB_COM_METALS_USD,90.4771769406
2022-11-18,LAB_COM_METALS_USD,89.8427299989
2022-11-21,LAB_COM_METALS_USD,88.8403444588
2022-11-22,LAB_COM_METALS_USD,90.9051968066
2022-11-23,LAB_COM_METALS_USD,89.8012275511
2022-11-24,LAB_COM_METALS_USD,91.0591924731
2022-11-25,LAB_COM_METALS_USD,90.4615996220
2022-11-28,LAB_COM_METALS_USD,92.2648697532
2022-11-29,LAB_COM_METALS_USD,89.8319924913
2022-11-30,LAB_COM_METALS_USD,88.4858451507
2022-12-01,LAB_COM_METALS_USD,88.7184822942
2022-12-02,LAB_COM_METALS_USD,89.4711060845
2022-12-05,LAB_COM_METALS_USD,88.6750906332
2022-12-06,LAB_COM_METALS_USD,88.0171430464
2022-12-07,LAB_COM_METALS_USD,88.3100363202
2022-12-08,LAB_COM_METALS_USD,87.0739851874
2022-12-09,LAB_COM_METALS_USD,87.1476815276
2022-12-12,LAB_COM_METALS_USD,86.3255595814
2022-12-13,LAB_COM_METALS_USD,85.9406776403
2022-12-14,LAB_COM_METALS_USD,86.0090238551
2022-12-15,LAB_COM_METALS_USD,85.9401270274
2022-12-16,LAB_COM_METALS_USD,86.2782697471
2022-12-19,LAB_COM_METALS_USD,89.0107675632
2022-12-20,LAB_COM_METALS_USD,91.9084264895
2022-12-21,LAB_COM_METALS_USD,91.5667033800
2022-12-22,LAB_COM_METALS_USD,91.1982279726
2022-12-23,LAB_COM_METALS_USD,92.4748568557
2022-12-26,LAB_COM_METALS_USD,91.7121789288
2022-12-27,LAB_COM_METALS_USD,90.5365081854
2022-12-28,LAB_COM_METALS_USD,91.9941051166
2022-12-29,LAB_COM_METALS_USD,90.9263965494
2022-12-30,LAB_COM_METALS_USD,89.5904982928
2023-01-02,LAB_COM_METALS_USD,90.4492573781
2023-01-03,LAB_COM_METALS_USD,89.4972050213
2023-01-04,LAB_COM_METALS_USD,90.7114773178
2023-01-05,LAB_COM_METALS_USD,92.4196087137
2023-01-06,LAB_COM_METALS_USD,93.0698755590
2023-01-09,LAB_COM_METALS_USD,91.0728452305
2023-01-10,LAB_COM_METALS_USD,92.0169101704
2023-01-11,LAB_COM_METALS_USD,92.4409424623
2023-01-12,LAB_COM_METALS_USD,91.7981609071
2023-01-13,LAB_COM_METALS_USD,93.3779673874
2023-01-16,LAB_COM_METALS_USD,93.7897326021
2023-01-17,LAB_COM_METALS_USD,94.6147134976
2023-01-18,LAB_COM_METALS_USD,94.6554478906
2023-01-19,LAB_COM_METALS_USD,94.1151446773
2023-01-20,LAB_COM_METALS_USD,95.9507494431
2023-01-23,LAB_COM_METALS_USD,96.1562223374
2023-01-24,LAB_COM_METALS_USD,96.4204459645
2023-01-25,LAB_COM_METALS_USD,94.8952136158
2023-01-26,LAB_COM_METALS_USD,95.9999170319
2023-01-27,LAB_COM_METALS_USD,95.9949774014
2023-01-30,LAB_COM_METALS_USD,97.5909797888
2023-01-31,LAB_COM_METALS_USD,95.8556717558
2023-02-01,LAB_COM_METALS_USD,97.6809819856
2023-02-02,LAB_COM_METALS_USD,97.1613000314
2023-02-03,LAB_COM_METALS_USD,96.5588481713
2023-02-06,LAB_COM_METALS_USD,94.9170382083
2023-02-07,LAB_COM_METALS_USD,96.1002203653
2023-02-08,LAB_COM_METALS_USD,95.7006527224
2023-02-09,LAB_COM_METALS_USD,96.1182336638
2023-02-10,LAB_COM_METALS_USD,95.2205432006
2023-02-13,LAB_COM_METALS_USD,96.7342777305
2023-02-14,LAB_COM_METALS_USD,95.4916968058
2023-02-15,LAB_COM_METALS_USD,96.4684247108
2023-02-16,LAB_COM_METALS_USD,94.3882850090
2023-02-17,LAB_COM_METALS_USD,93.9025861652
2023-02-20,LAB_COM_METALS_USD,93.9418409706
2023-02-21,LAB_COM_METALS_USD,95.8820479003
2023-02-22,LAB_COM_METALS_USD,94.5220196437
2023-02-23,LAB_COM_METALS_USD,93.1815469428
2023-02-24,LAB_COM_METALS_USD,90.7766118344
2023-02-27,LAB_COM_METALS_USD,91.8280554960
2023-02-28,LAB_COM_METALS_USD,93.0998619524
2023-03-01,LAB_COM_METALS_USD,93.4423416422
2023-03-02,LAB_COM_METALS_USD,92.1699983626
2023-03-03,LAB_COM_METALS_USD,92.2010973762
2023-03-06,LAB_COM_METALS_USD,93.1985828757
2023-03-07,LAB_COM_METALS_USD,95.2418641956
2023-03-08,LAB_COM_METALS_USD,94.8294858549
2023-03-09,LAB_COM_METALS_USD,95.2016551842
2023-03-10,LAB_COM_METALS_USD,94.5459535531
2023-03-13,LAB_COM_METALS_USD,95.0573798330
2023-03-14,LAB_COM_METALS_USD,95.4519802209
2023-03-15,LAB_COM_METALS_USD,94.9658822083
2023-03-16,LAB_COM_METALS_USD,94.5605211988
2023-03-17,LAB_COM_METALS_USD,94.6321797635
2023-03-20,LAB_COM_METALS_USD,96.1884941126
2023-03-21,LAB_COM_METALS_USD,94.9194803600
2023-03-22,LAB_COM_METALS_USD,92.8311518352
2023-03-23,LAB_COM_METALS_USD,92.4728671619
2023-03-24,LAB_COM_METALS_USD,92.4036948832
2023-03-27,LAB_COM_METALS_USD,91.5650539924
2023-03-28,LAB_COM_METALS_USD,91.2253909468
2023-03-29,LAB_COM_METALS_USD,90.1995389841
2023-03-30,LAB_COM_METALS_USD,90.0508595542
2023-03-31,LAB_COM_METALS_USD,91.8698381897
2023-04-03,LAB_COM_METALS_USD,92.4316736365
2023-04-04,LAB_COM_METALS_USD,94.5553163633
2023-04-05,LAB_COM_METALS_USD,94.2040433546
2023-04-06,LAB_COM_METALS_USD,94.0969536697
2023-04-07,LAB_COM_METALS_USD,95.6234537922
2023-04-10,LAB_COM_METALS_USD,94.3689663082
2023-04-11,LAB_COM_METALS_USD,94.6458572915
2023-04-12,LAB_COM_METALS_USD,95.7680679631
2023-04-13,LAB_COM_METALS_USD,97.1818783410
2023-04-14,LAB_COM_METALS_USD,97.4190867418
2023-04-17,LAB_COM_METALS_USD,96.7811006355
2023-04-18,LAB_COM_METALS_USD,99.2242107307
2023-04-19,LAB_COM_METALS_USD,97.9234698823
2023-04-20,LAB_COM_METALS_USD,99.1019983635
2023-04-21,LAB_COM_METALS_USD,101.5917715504
2023-04-24,LAB_COM_METALS_USD,101.9287415651
2023-04-25,LAB_COM_METALS_USD,100.8456738923
2023-04-26,LAB_COM_METALS_USD,97.3932507323
2023-04-27,LAB_COM_METALS_USD,97.4441656815
2023-04-28,LAB_COM_METALS_USD,98.8857565072
2023-05-01,LAB_COM_METALS_USD,100.9284547885
2023-05-02,LAB_COM_METALS_USD,100.8547282905
2023-05-03,LAB_COM_METALS_USD,99.5556665417
2023-05-04,LAB_COM_METALS_USD,100.2634706711
2023-05-05,LAB_COM_METALS_USD,99.6813636292
2023-05-08,LAB_COM_METALS_USD,99.5848788899
2023-05-09,LAB_COM_METALS_USD,98.7099671200
2023-05-10,LAB_COM_METALS_USD,99.9953299056
2023-05-11,LAB_COM_METALS_USD,100.0876750717
2023-05-12,LAB_COM_METALS_USD,99.6564051111
2023-05-15,LAB_COM_METALS_USD,103.2815442539
2023-05-16,LAB_COM_METALS_USD,104.4928514089
2023-05-17,LAB_COM_METALS_USD,104.2016493572
2023-05-18,LAB_COM_METALS_USD,103.8353841574
2023-05-19,LAB_COM_METALS_USD,104.3116686353
2023-05-22,LAB_COM_METALS_USD,103.9464829160
2023-05-23,LAB_COM_METALS_USD,103.5119302921
2023-05-24,LAB_COM_METALS_USD,102.9709358793
2023-05-25,LAB_COM_METALS_USD,102.7052226770
2023-05-26,LAB_COM_METALS_USD,102.6199178718
2023-05-29,LAB_COM_METALS_USD,101.9154322263
2023-05-30,LAB_COM_METALS_USD,104.0182277935
2023-05-31,LAB_COM_METALS_USD,103.6048372037
2023-06-01,LAB_COM_METALS_USD,103.8025775478
2023-06-02,LAB_COM_METALS_USD,102.9060472497
2023-06-05,LAB_COM_METALS_USD,103.8884424826
2023-06-06,LAB_COM_METALS_USD,104.2196702765
2023-06-07,LAB_COM_METALS_USD,103.2085368227
2023-06-08,LAB_COM_METALS_USD,103.0633578079
2023-06-09,LAB_COM_METALS_USD,103.8054609079
2023-06-12,LAB_COM_METALS_USD,101.2869774776
2023-06-13,LAB_COM_METALS_USD,100.6988439694
2023-06-14,LAB_COM_METALS_USD,99.3553966325
2023-06-15,LAB_COM_METALS_USD,98.7894015877
2023-06-16,LAB_COM_METALS_USD,101.4090042696
2023-06-19,LAB_COM_METALS_USD,102.1366792680
2023-06-20,LAB_COM_METALS_USD,101.2916438115
2023-06-21,LAB_COM_METALS_USD,99.1890904458
2023-06-22,LAB_COM_METALS_USD,100.9016837947
2023-06-23,LAB_COM_METALS_USD,101.9709823055
2023-06-26,LAB_COM_METALS_USD,101.2556557062
2023-06-27,LAB_COM_METALS_USD,100.4597586947
2023-06-28,LAB_COM_METALS_USD,100.8951390196
2023-06-29,LAB_COM_METALS_USD,102.6137831754
2023-06-30,LAB_COM_METALS_USD,104.5488650797
2023-07-03,LAB_COM_METALS_USD,102.8969309880
2023-07-04,LAB_COM_METALS_USD,101.7997477160
2023-07-05,LAB_COM_METALS_USD,102.0814090820
2023-07-06,LAB_COM_METALS_USD,101.7047837538
2023-07-07,LAB_COM_METALS_USD,100.7249340103
2023-07-10,LAB_COM_METALS_USD,96.9536526488
2023-07-11,LAB_COM_METALS_USD,97.2809824973
2023-07-12,LAB_COM_METALS_USD,97.7168534802
2023-07-13,LAB_COM_METALS_USD,98.8663085448
2023-07-14,LAB_COM_METALS_USD,101.1416174746
2023-07-17,LAB_COM_METALS_USD,100.6533512383
2023-07-18,LAB_COM_METALS_USD,101.2989161752
2023-07-19,LAB_COM_METALS_USD,101.1928056257
2023-07-20,LAB_COM_METALS_USD,99.3300951853
2023-07-21,LAB_COM_METALS_USD,100.0512738077
2023-07-24,LAB_COM_METALS_USD,99.5144293062
2023-07-25,LAB_COM_METALS_USD,100.1379222105
2023-07-26,LAB_COM_METALS_USD,102.2180741608
2023-07-27,LAB_COM_METALS_USD,100.2877238711
2023-07-28,LAB_COM_METALS_USD,102.6549817330
2023-07-31,LAB_COM_METALS_USD,103.9281951966
2023-08-01,LAB_COM_METALS_USD,102.3696531780
2023-08-02,LAB_COM_METALS_USD,103.7895096174
2023-08-03,LAB_COM_METALS_USD,103.6401435730
2023-08-04,LAB_COM_METALS_USD,104.5719581135
2023-08-07,LAB_COM_METALS_USD,104.3207078781
2023-08-08,LAB_COM_METALS_USD,104.7099135587
2023-08-09,LAB_COM_METALS_USD,104.0041514318
2023-08-10,LAB_COM_METALS_USD,102.8359056227
2023-08-11,LAB_COM_METALS_USD,104.1853907217
2023-08-14,LAB_COM_METALS_USD,104.5332603463
2023-08-15,LAB_COM_METALS_USD,106.8199701385
2023-08-16,LAB_COM_METALS_USD,108.1863716032
2023-08-17,LAB_COM_METALS_USD,109.2191197515
2023-08-18,LAB_COM_METALS_USD,109.7421360690
2023-08-21,LAB_COM_METALS_USD,107.1516307593
2023-08-22,LAB_COM_METALS_USD,108.0815402110
2023-08-23,LAB_COM_METALS_USD,108.3296891063
2023-08-24,LAB_COM_METALS_USD,109.2804231024
2023-08-25,LAB_COM_METALS_USD,111.1643002221
2023-08-28,LAB_COM_METALS_USD,109.0079801461
2023-08-29,LAB_COM_METALS_USD,110.2502051128
2023-08-30,LAB_COM_METALS_USD,109.1719670512
2023-08-31,LAB_COM_METALS_USD,108.3427085405
2023-09-01,LAB_COM_METALS_USD,106.8248066080
2023-09-04,LAB_COM_METALS_USD,106.2753284098
2023-09-05,LAB_COM_METALS_USD,105.1313461347
2023-09-06,LAB_COM_METALS_USD,104.5012444267
2023-09-07,LAB_COM_METALS_USD,105.5192557971
2023-09-08,LAB_COM_METALS_USD,104.8458958491
2023-09-11,LAB_COM_METALS_USD,105.5567176999
2023-09-12,LAB_COM_METALS_USD,103.8236511337
2023-09-13,LAB_COM_METALS_USD,100.7563343590
2023-09-14,LAB_COM_METALS_USD,101.9558904395
2023-09-15,LAB_COM_METALS_USD,102.0099702217
2023-09-18,LAB_COM_METALS_USD,102.5400314690
2023-09-19,LAB_COM_METALS_USD,100.7961904842
2023-09-20,LAB_COM_METALS_USD,98.3702022165
2023-09-21,LAB_COM_METALS_USD,99.6618441918
2023-09-22,LAB_COM_METALS_USD,100.8327193559
2023-09-25,LAB_COM_METALS_USD,102.8455670250
2023-09-26,LAB_COM_METALS_USD,104.0385819933
2023-09-27,LAB_COM_METALS_USD,104.8800732563
2023-09-28,LAB_COM_METALS_USD,105.9614244925
2023-09-29,LAB_COM_METALS_USD,108.7832140898
2023-10-02,LAB_COM_METALS_USD,109.6844262572
2023-10-03,LAB_COM_METALS_USD,109.2947468339
2023-10-04,LAB_COM_METALS_USD,110.9034678003
2023-10-05,LAB_COM_METALS_USD,111.1395656945
2023-10-06,LAB_COM_METALS_USD,111.4733923545
2023-10-09,LAB_COM_METALS_USD,113.1341304344
2023-10-10,LAB_COM_METALS_USD,113.5698718217
2023-10-11,LAB_COM_METALS_USD,113.7100493015
2023-10-12,LAB_COM_METALS_USD,109.8459743954
2023-10-13,LAB_COM_METALS_USD,110.8137779535
2023-10-16,LAB_COM_METALS_USD,111.1434993646
2023-10-17,LAB_COM_METALS_USD,108.0113152575
2023-10-18,LAB_COM_METALS_USD,107.3230253217
2023-10-19,LAB_COM_METALS_USD,105.2049212634
2023-10-20,LAB_COM_METALS_USD,103.3236285533
2023-10-23,LAB_COM_METALS_USD,103.7587635990
2023-10-24,LAB_COM_METALS_USD,103.0669626582
2023-10-25,LAB_COM_METALS_USD,102.0958377496
2023-10-26,LAB_COM_METALS_USD,101.2851569609
2023-10-27,LAB_COM_METALS_USD,101.8005580017
2023-10-30,LAB_COM_METALS_USD,98.5969156548
2023-10-31,LAB_COM_METALS_USD,100.0893723713
2023-11-01,LAB_COM_METALS_USD,99.0166705158
2023-11-02,LAB_COM_METALS_USD,98.2327622504
2023-11-03,LAB_COM_METALS_USD,99.1389835464
2023-11-06,LAB_COM_METALS_USD,99.2002302426
2023-11-07,LAB_COM_METALS_USD,97.6275520534
2023-11-08,LAB_COM_METALS_USD,96.0874142056
2023-11-09,LAB_COM_METALS_USD,99.2767746968
2023-11-10,LAB_COM_METALS_USD,100.4247217479
2023-11-13,LAB_COM_METALS_USD,102.4645549794
2023-11-14,LAB_COM_METALS_USD,102.2669296016
2023-11-15,LAB_COM_METALS_USD,102.9528286086
2023-11-16,LAB_COM_METALS_USD,104.3990074325
2023-11-17,LAB_COM_METALS_USD,104.2378661247
2023-11-20,LAB_COM_METALS_USD,103.6753635542
2023-11-21,LAB_COM_METALS_USD,104.5406249858
2023-11-22,LAB_COM_METALS_USD,104.9641153215
2023-11-23,LAB_COM_METALS_USD,105.7403605988
2023-11-24,LAB_COM_METALS_USD,105.7229512689
2023-11-27,LAB_COM_METALS_USD,106.8481827892
2023-11-28,LAB_COM_METALS_USD,106.1618397462
2023-11-29,LAB_COM_METALS_USD,107.5419740494
2023-11-30,LAB_COM_METALS_USD,108.6022287360
2023-12-01,LAB_COM_METALS_USD,110.9822133872
2023-12-04,LAB_COM_METALS_USD,114.2257937296
2023-12-05,LAB_COM_METALS_USD,113.5676301909
2023-12-06,LAB_COM_METALS_USD,114.6114781007
2023-12-07,LAB_COM_METALS_USD,116.1867175229
2023-12-08,LAB_COM_METALS_USD,117.9344845170
2023-12-11,LAB_COM_METALS_USD,120.8624915257
2023-12-12,LAB_COM_METALS_USD,122.0009063050
2023-12-13,LAB_COM_METALS_USD,122.3529954933
2023-12-14,LAB_COM_METALS_USD,120.7278706722
2023-12-15,LAB_COM_METALS_USD,122.7124185101
2023-12-18,LAB_COM_METALS_USD,123.4061215634
2023-12-19,LAB_COM_METALS_USD,123.9128417830
2023-12-20,LAB_COM_METALS_USD,120.8388055991
2023-12-21,LAB_COM_METALS_USD,120.7227085206
2023-12-22,LAB_COM_METALS_USD,119.0843823696
2023-12-25,LAB_COM_METALS_USD,118.5840283189
2023-12-26,LAB_COM_METALS_USD,117.9527733938
2023-12-27,LAB_COM_METALS_USD,117.4853664684
2023-12-28,LAB_COM_METALS_USD,116.5519894128
2023-12-29,LAB_COM_METALS_USD,114.6309410091
2024-01-01,LAB_COM_METALS_USD,113.7767713090
2024-01-02,LAB_COM_METALS_USD,114.2369523113
2024-01-03,LAB_COM_METALS_USD,113.9065664192
2024-01-04,LAB_COM_METALS_USD,115.5241618021
2024-01-05,LAB_COM_METALS_USD,115.6780426985
2024-01-08,LAB_COM_METALS_USD,115.6008620938
2024-01-09,LAB_COM_METALS_USD,116.2251858284
2024-01-10,LAB_COM_METALS_USD,114.7886909436
2024-01-11,LAB_COM_METALS_USD,115.8832246721
2024-01-12,LAB_COM_METALS_USD,117.7020741238
2024-01-15,LAB_COM_METALS_USD,117.8946865861
2024-01-16,LAB_COM_METALS_USD,119.1138682401
2024-01-17,LAB_COM_METALS_USD,117.5499795224
2024-01-18,LAB_COM_METALS_USD,118.3072353830
2024-01-19,LAB_COM_METALS_USD,119.2628702720
2024-01-22,LAB_COM_METALS_USD,120.0204973326
2024-01-23,LAB_COM_METALS_USD,120.0427139507
2024-01-24,LAB_COM_METALS_USD,119.8452195343
2024-01-25,LAB_COM_METALS_USD,119.3668574612
2024-01-26,LAB_COM_METALS_USD,121.0019668403
2024-01-29,LAB_COM_METALS_USD,120.0882654324
2024-01-30,LAB_COM_METALS_USD,116.9375048937
2024-01-31,LAB_COM_METALS_USD,117.2344190303
2024-02-01,LAB_COM_METALS_USD,119.1451918846
2024-02-02,LAB_COM_METALS_USD,119.6538567353
2024-02-05,LAB_COM_METALS_USD,118.1058589078
2024-02-06,LAB_COM_METALS_USD,118.4343256812
2024-02-07,LAB_COM_METALS_USD,118.8566320471
2024-02-08,LAB_COM_METALS_USD,120.7064671754
2024-02-09,LAB_COM_METALS_USD,121.0949148115
2024-02-12,LAB_COM_METALS_USD,121.3010335926
2024-02-13,LAB_COM_METALS_USD,121.2284922389
2024-02-14,LAB_COM_METALS_USD,120.2843323938
2024-02-15,LAB_COM_METALS_USD,120.1257877178
2024-02-16,LAB_COM_METALS_USD,121.2373229539
2024-02-19,LAB_COM_METALS_USD,121.6120677278
2024-02-20,LAB_COM_METALS_USD,120.9496716876
2024-02-21,LAB_COM_METALS_USD,120.9287554585
2024-02-22,LAB_COM_METALS_USD,122.8341326327
2024-02-23,LAB_COM_METALS_USD,124.2422423572
2024-02-26,LAB_COM_METALS_USD,122.7636453040
2024-02-27,LAB_COM_METALS_USD,122.5028907425
2024-02-28,LAB_COM_METALS_USD,124.3440725788
2024-02-29,LAB_COM_METALS_USD,124.4593834731
2024-03-01,LAB_COM_METALS_USD,121.3500404791
2024-03-04,LAB_COM_METALS_USD,122.5378536943
2024-03-05,LAB_COM_METALS_USD,124.1320384507
2024-03-06,LAB_COM_METALS_USD,122.7073099994
2024-03-07,LAB_COM_METALS_USD,122.2172094156
2024-03-08,LAB_COM_METALS_USD,121.8658663573
2024-03-11,LAB_COM_METALS_USD,122.2467488354
2024-03-12,LAB_COM_METALS_USD,123.7128591549
2024-03-13,LAB_COM_METALS_USD,125.4266532635
2024-03-14,LAB_COM_METALS_USD,124.7946980963
2024-03-15,LAB_COM_METALS_USD,124.7308197852
2024-03-18,LAB_COM_METALS_USD,128.1044428717
2024-03-19,LAB_COM_METALS_USD,126.5436648071
2024-03-20,LAB_COM_METALS_USD,126.4310811492
2024-03-21,LAB_COM_METALS_USD,124.2309151811
2024-03-22,LAB_COM_METALS_USD,124.6021872016
2024-03-25,LAB_COM_METALS_USD,126.2153140390
2024-03-26,LAB_COM_METALS_USD,126.4361746330
2024-03-27,LAB_COM_METALS_USD,128.6219957514
2024-03-28,LAB_COM_METALS_USD,129.5717892714
2024-03-29,LAB_COM_METALS_USD,125.8530308314
2024-04-01,LAB_COM_METALS_USD,123.7953126019
2024-04-02,LAB_COM_METALS_USD,125.8541433181
2024-04-03,LAB_COM_METALS_USD,127.0267318027
2024-04-04,LAB_COM_METALS_USD,126.4159588116
2024-04-05,LAB_COM_METALS_USD,128.5117925272
2024-04-08,LAB_COM_METALS_USD,127.9990565127
2024-04-09,LAB_COM_METALS_USD,130.8932386456
2024-04-10,LAB_COM_METALS_USD,131.3200352760
2024-04-11,LAB_COM_METALS_USD,129.4806688229
2024-04-12,LAB_COM_METALS_USD,132.7303486413
2024-04-15,LAB_COM_METALS_USD,130.9793260941
2024-04-16,LAB_COM_METALS_USD,132.1871721550
2024-04-17,LAB_COM_METALS_USD,130.5120611216
2024-04-18,LAB_COM_METALS_USD,129.7499215836
2024-04-19,LAB_COM_METALS_USD,130.0695519588
2024-04-22,LAB_COM_METALS_USD,130.9638847409
2024-04-23,LAB_COM_METALS_USD,130.4416049755
2024-04-24,LAB_COM_METALS_USD,131.3138052600
2024-04-25,LAB_COM_METALS_USD,133.7227340337
2024-04-26,LAB_COM_METALS_USD,133.2010215271
2024-04-29,LAB_COM_METALS_USD,133.7837063730
2024-04-30,LAB_COM_METALS_USD,134.8416981815
2024-05-01,LAB_COM_METALS_USD,135.9668807880
2024-05-02,LAB_COM_METALS_USD,135.7175742842
2024-05-03,LAB_COM_METALS_USD,134.5628236141
2024-05-06,LAB_COM_METALS_USD,133.8353692661
2024-05-07,LAB_COM_METALS_USD,132.9362734427
2024-05-08,LAB_COM_METALS_USD,132.9226762495
2024-05-09,LAB_COM_METALS_USD,132.7052643266
2024-05-10,LAB_COM_METALS_USD,132.2825499117
2024-05-13,LAB_COM_METALS_USD,132.0892032438
2024-05-14,LAB_COM_METALS_USD,131.4687302438
2024-05-15,LAB_COM_METALS_USD,132.4229377135
2024-05-16,LAB_COM_METALS_USD,132.2152549269
2024-05-17,LAB_COM_METALS_USD,130.7908489847
2024-05-20,LAB_COM_METALS_USD,132.3725561382
2024-05-21,LAB_COM_METALS_USD,132.2127411142
2024-05-22,LAB_COM_METALS_USD,135.1631904788
2024-05-23,LAB_COM_METALS_USD,133.0501363865
2024-05-24,LAB_COM_METALS_USD,133.6114643954
2024-05-27,LAB_COM_METALS_USD,134.7241170494
2024-05-28,LAB_COM_METALS_USD,137.2426257862
2024-05-29,LAB_COM_METALS_USD,135.8398687175
2024-05-30,LAB_COM_METALS_USD,137.7064809281
2024-05-31,LAB_COM_METALS_USD,138.3774558580
2024-06-03,LAB_COM_METALS_USD,139.2497542074
2024-06-04,LAB_COM_METALS_USD,140.1377698452
2024-06-05,LAB_COM_METALS_USD,136.5822151408
2024-06-06,LAB_COM_METALS_USD,134.3296323692
2024-06-07,LAB_COM_METALS_USD,133.2423213857
2024-06-10,LAB_COM_METALS_USD,131.4068024404
2024-06-11,LAB_COM_METALS_USD,133.8345025292
2024-06-12,LAB_COM_METALS_USD,133.9131309050
2024-06-13,LAB_COM_METALS_USD,135.6205253801
2024-06-14,LAB_COM_METALS_USD,137.0961262188
2024-06-17,LAB_COM_METALS_USD,136.1351364182
2024-06-18,LAB_COM_METALS_USD,137.4211887146
2024-06-19,LAB_COM_METALS_USD,133.2672941530
2024-06-20,LAB_COM_METALS_USD,133.7401753226
2024-06-21,LAB_COM_METALS_USD,132.5214747827
2024-06-24,LAB_COM_METALS_USD,131.9866842498
2024-06-25,LAB_COM_METALS_USD,133.7408460394
2024-06-26,LAB_COM_METALS_USD,132.6409468071
2024-06-27,LAB_COM_METALS_USD,130.6884731060
2024-06-28,LAB_COM_METALS_USD,130.8261874532
2024-07-01,LAB_COM_METALS_USD,131.0740157236
2024-07-02,LAB_COM_METALS_USD,131.5676825880
2024-07-03,LAB_COM_METALS_USD,132.1068324597
2024-07-04,LAB_COM_METALS_USD,132.6544527954
2024-07-05,LAB_COM_METALS_USD,131.9088405049
2024-07-08,LAB_COM_METALS_USD,131.4641630851
2024-07-09,LAB_COM_METALS_USD,132.1974033702
2024-07-10,LAB_COM_METALS_USD,132.9036160990
2024-07-11,LAB_COM_METALS_USD,131.7011694336
2024-07-12,LAB_COM_METALS_USD,129.8580439062
2024-07-15,LAB_COM_METALS_USD,131.9714400491
2024-07-16,LAB_COM_METALS_USD,130.6414349476
2024-07-17,LAB_COM_METALS_USD,132.4842516729
2024-07-18,LAB_COM_METALS_USD,133.3200548132
2024-07-19,LAB_COM_METALS_USD,132.7373172107
2024-07-22,LAB_COM_METALS_USD,131.7694953921
2024-07-23,LAB_COM_METALS_USD,133.7110419091
2024-07-24,LAB_COM_METALS_USD,130.6142236264
2024-07-25,LAB_COM_METALS_USD,131.5190235239
2024-07-26,LAB_COM_METALS_USD,133.4261175970
2024-07-29,LAB_COM_METALS_USD,132.6570096057
2024-07-30,LAB_COM_METALS_USD,127.7707969461
2024-07-31,LAB_COM_METALS_USD,128.9676351672
2024-08-01,LAB_COM_METALS_USD,126.5949881844
2024-08-02,LAB_COM_METALS_USD,126.7424040973
2024-08-05,LAB_COM_METALS_USD,127.0746695892
2024-08-06,LAB_COM_METALS_USD,126.4742318426
2024-08-07,LAB_COM_METALS_USD,127.5412903797
2024-08-08,LAB_COM_METALS_USD,128.5215092477
2024-08-09,LAB_COM_METALS_USD,129.1600273564
2024-08-12,LAB_COM_METALS_USD,133.3557002715
2024-08-13,LAB_COM_METALS_USD,133.9475406324
2024-08-14,LAB_COM_METALS_USD,131.4952019063
2024-08-15,LAB_COM_METALS_USD,131.5409820940
2024-08-16,LAB_COM_METALS_USD,133.9378850814
2024-08-19,LAB_COM_METALS_USD,133.8990495070
2024-08-20,LAB_COM_METALS_USD,135.6222967333
2024-08-21,LAB_COM_METALS_USD,140.3757458432
2024-08-22,LAB_COM_METALS_USD,143.1034486927
2024-08-23,LAB_COM_METALS_USD,144.2790757493
2024-08-26,LAB_COM_METALS_USD,144.8437846357
2024-08-27,LAB_COM_METALS_USD,146.5423139967
2024-08-28,LAB_COM_METALS_USD,147.0193112694
2024-08-29,LAB_COM_METALS_USD,144.9254800884
2024-08-30,LAB_COM_METALS_USD,143.0913191580
2024-09-02,LAB_COM_METALS_USD,142.0214458454
2024-09-03,LAB_COM_METALS_USD,141.7616549853
2024-09-04,LAB_COM_METALS_USD,142.4688396620
2024-09-05,LAB_COM_METALS_USD,142.9506926068
2024-09-06,LAB_COM_METALS_USD,140.6897422038
2024-09-09,LAB_COM_METALS_USD,139.2962419886
2024-09-10,LAB_COM_METALS_USD,136.6810898394
2024-09-11,LAB_COM_METALS_USD,138.9810116636
2024-09-12,LAB_COM_METALS_USD,139.5442997298
2024-09-13,LAB_COM_METALS_USD,140.4938959854
2024-09-16,LAB_COM_METALS_USD,140.9504990727
2024-09-17,LAB_COM_METALS_USD,140.6002350515
2024-09-18,LAB_COM_METALS_USD,139.1818632683
2024-09-19,LAB_COM_METALS_USD,140.3092267040
2024-09-20,LAB_COM_METALS_USD,141.5616522915
2024-09-23,LAB_COM_METALS_USD,141.4019433313
2024-09-24,LAB_COM_METALS_USD,141.9772297872
2024-09-25,LAB_COM_METALS_USD,143.5517071430
2024-09-26,LAB_COM_METALS_USD,144.9250442181
2024-09-27,LAB_COM_METALS_USD,144.9705991691
2024-09-30,LAB_COM_METALS_USD,145.1978672552
2024-10-01,LAB_COM_METALS_USD,143.2603266335
2024-10-02,LAB_COM_METALS_USD,143.3985348564
2024-10-03,LAB_COM_METALS_USD,142.0685025338
2024-10-04,LAB_COM_METALS_USD,141.5100547902
2024-10-07,LAB_COM_METALS_USD,140.8537486279
2024-10-08,LAB_COM_METALS_USD,141.1705876541
2024-10-09,LAB_COM_METALS_USD,140.6697198081
2024-10-10,LAB_COM_METALS_USD,138.2407581880
2024-10-11,LAB_COM_METALS_USD,138.0630671301
2024-10-14,LAB_COM_METALS_USD,136.9707415330
2024-10-15,LAB_COM_METALS_USD,134.7552174988
2024-10-16,LAB_COM_METALS_USD,136.6117022693
2024-10-17,LAB_COM_METALS_USD,139.1110906988
2024-10-18,LAB_COM_METALS_USD,139.7874678311
2024-10-21,LAB_COM_METALS_USD,141.2867782384
2024-10-22,LAB_COM_METALS_USD,139.9158129850
2024-10-23,LAB_COM_METALS_USD,137.6328800143
2024-10-24,LAB_COM_METALS_USD,140.5716504376
2024-10-25,LAB_COM_METALS_USD,141.8256289467
2024-10-28,LAB_COM_METALS_USD,142.3014456003
2024-10-29,LAB_COM_METALS_USD,142.1634531210
2024-10-30,LAB_COM_METALS_USD,141.0497822909
2024-10-31,LAB_COM_METALS_USD,142.5748311093
2024-11-01,LAB_COM_METALS_USD,142.5786503604
2024-11-04,LAB_COM_METALS_USD,141.1125874207
2024-11-05,LAB_COM_METALS_USD,139.7431442182
2024-11-06,LAB_COM_METALS_USD,140.4377262461
2024-11-07,LAB_COM_METALS_USD,143.8247828808
2024-11-08,LAB_COM_METALS_USD,144.9448476741
2024-11-11,LAB_COM_METALS_USD,146.4474739844
2024-11-12,LAB_COM_METALS_USD,145.5237250492
2024-11-13,LAB_COM_METALS_USD,143.6817849566
2024-11-14,LAB_COM_METALS_USD,144.0930217026
2024-11-15,LAB_COM_METALS_USD,144.1864606932
2024-11-18,LAB_COM_METALS_USD,144.0662668968
2024-11-19,LAB_COM_METALS_USD,145.0922667203
2024-11-20,LAB_COM_METALS_USD,141.5230035946
2024-11-21,LAB_COM_METALS_USD,142.9117790120
2024-11-22,LAB_COM_METALS_USD,144.2032737328
2024-11-25,LAB_COM_METALS_USD,142.6223153176
2024-11-26,LAB_COM_METALS_USD,145.6916593292
2024-11-27,LAB_COM_METALS_USD,145.1898830477
2024-11-28,LAB_COM_METALS_USD,145.4258366382
2024-11-29,LAB_COM_METALS_USD,143.8104937195
2024-12-02,LAB_COM_METALS_USD,144.4936040381
2024-12-03,LAB_COM_METALS_USD,144.0941871837
2024-12-04,LAB_COM_METALS_USD,145.4192522211
2024-12-05,LAB_COM_METALS_USD,144.3611637644
2024-12-06,LAB_COM_METALS_USD,146.2803787251
2024-12-09,LAB_COM_METALS_USD,145.6544585686
2024-12-10,LAB_COM_METALS_USD,146.2981678473
2024-12-11,LAB_COM_METALS_USD,147.1542064681
2024-12-12,LAB_COM_METALS_USD,147.1745386741
2024-12-13,LAB_COM_METALS_USD,146.1683536698
2024-12-16,LAB_COM_METALS_USD,145.3494967248
2024-12-17,LAB_COM_METALS_USD,143.3521355253
2024-12-18,LAB_COM_METALS_USD,143.8402390563
2024-12-19,LAB_COM_METALS_USD,142.3843257357
2024-12-20,LAB_COM_METALS_USD,142.7791668723
2024-12-23,LAB_COM_METALS_USD,142.7050525220
2024-12-24,LAB_COM_METALS_USD,145.2791912459
2024-12-25,LAB_COM_METALS_USD,144.6518354739
2024-12-26,LAB_COM_METALS_USD,145.0284971571
2024-12-27,LAB_COM_METALS_USD,146.8352356270
2024-12-30,LAB_COM_METALS_USD,144.6072179352
2024-12-31,LAB_COM_METALS_USD,143.4977555881
2025-01-01,LAB_COM_METALS_USD,143.4504916482
2025-01-02,LAB_COM_METALS_USD,139.5452935336
2025-01-03,LAB_COM_METALS_USD,138.0345245250
2025-01-06,LAB_COM_METALS_USD,138.5674911039
2025-01-07,LAB_COM_METALS_USD,138.9380903402
2025-01-08,LAB_COM_METALS_USD,137.9868623050
2025-01-09,LAB_COM_METALS_USD,136.3741381408
2025-01-10,LAB_COM_METALS_USD,136.2460517241
2025-01-13,LAB_COM_METALS_USD,137.6899748023
2025-01-14,LAB_COM_METALS_USD,138.5775060957
2025-01-15,LAB_COM_METALS_USD,140.3595152252
2025-01-16,LAB_COM_METALS_USD,137.4943066786
2025-01-17,LAB_COM_METALS_USD,137.2842246565
2025-01-20,LAB_COM_METALS_USD,140.2932029869
2025-01-21,LAB_COM_METALS_USD,140.4984582002
2025-01-22,LAB_COM_METALS_USD,139.9422836416
2025-01-23,LAB_COM_METALS_USD,138.3266607277
2025-01-24,LAB_COM_METALS_USD,139.3658732658
2025-01-27,LAB_COM_METALS_USD,142.3948430419
2025-01-28,LAB_COM_METALS_USD,143.3874163741
2025-01-29,LAB_COM_METALS_USD,143.1512313562
2025-01-30,LAB_COM_METALS_USD,144.0156080266
2025-01-31,LAB_COM_METALS_USD,144.5114510210
2025-02-03,LAB_COM_METALS_USD,142.0855047303
2025-02-04,LAB_COM_METALS_USD,141.9910031471
2025-02-05,LAB_COM_METALS_USD,143.9548793063
2025-02-06,LAB_COM_METALS_USD,142.9740052296
2025-02-07,LAB_COM_METALS_USD,144.4954935514
2025-02-10,LAB_COM_METALS_USD,145.5653431149
2025-02-11,LAB_COM_METALS_USD,146.3613758225
2025-02-12,LAB_COM_METALS_USD,145.9051795128
2025-02-13,LAB_COM_METALS_USD,147.9877716110
2025-02-14,LAB_COM_METALS_USD,147.7609533637
2025-02-17,LAB_COM_METALS_USD,144.2359048176
2025-02-18,LAB_COM_METALS_USD,142.8544524055
2025-02-19,LAB_COM_METALS_USD,142.2431848426
2025-02-20,LAB_COM_METALS_USD,141.5649975115
2025-02-21,LAB_COM_METALS_USD,140.4480399902
2025-02-24,LAB_COM_METALS_USD,141.0189844996
2025-02-25,LAB_COM_METALS_USD,142.2347383904
2025-02-26,LAB_COM_METALS_USD,140.5773569709
2025-02-27,LAB_COM_METALS_USD,140.1022467782
2025-02-28,LAB_COM_METALS_USD,143.1335563985
2025-03-03,LAB_COM_METALS_USD,144.1691636569
2025-03-04,LAB_COM_METALS_USD,144.4860732667
2025-03-05,LAB_COM_METALS_USD,143.8903906763
2025-03-06,LAB_COM_METALS_USD,145.3826641458
2025-03-07,LAB_COM_METALS_USD,147.5578702608
2025-03-10,LAB_COM_METALS_USD,148.7915540031
2025-03-11,LAB_COM_METALS_USD,148.4875381081
2025-03-12,LAB_COM_METALS_USD,147.6466637692
2025-03-13,LAB_COM_METALS_USD,147.5812114681
2025-03-14,LAB_COM_METALS_USD,151.7632271447
2025-03-17,LAB_COM_METALS_USD,152.4625995656
2025-03-18,LAB_COM_METALS_USD,152.9622764298
2025-03-19,LAB_COM_METALS_USD,153.3770320341
2025-03-20,LAB_COM_METALS_USD,150.6814509414
2025-03-21,LAB_COM_METALS_USD,150.1074698567
2025-03-24,LAB_COM_METALS_USD,150.0488374337
2025-03-25,LAB_COM_METALS_USD,147.5348887112
2025-03-26,LAB_COM_METALS_USD,145.5505792664
2025-03-27,LAB_COM_METALS_USD,148.3521937992
2025-03-28,LAB_COM_METALS_USD,148.1427149805
2025-03-31,LAB_COM_METALS_USD,148.4372052785
2025-04-01,LAB_COM_METALS_USD,149.4164640903
2025-04-02,LAB_COM_METALS_USD,151.0256659441
2025-04-03,LAB_COM_METALS_USD,149.6603632851
2025-04-04,LAB_COM_METALS_USD,150.9665434290
2025-04-07,LAB_COM_METALS_USD,149.9310617013
2025-04-08,LAB_COM_METALS_USD,151.3875202909
2025-04-09,LAB_COM_METALS_USD,151.8338936317
2025-04-10,LAB_COM_METALS_USD,152.6803344433
2025-04-11,LAB_COM_METALS_USD,156.6043024551
2025-04-14,LAB_COM_METALS_USD,159.1613517335
2025-04-15,LAB_COM_METALS_USD,160.8207354998
2025-04-16,LAB_COM_METALS_USD,160.0285811302
2025-04-17,LAB_COM_METALS_USD,160.4571400351
2025-04-18,LAB_COM_METALS_USD,162.0919241844
2025-04-21,LAB_COM_METALS_USD,162.4372336917
2025-04-22,LAB_COM_METALS_USD,165.5722153648
2025-04-23,LAB_COM_METALS_USD,164.8891007437
2025-04-24,LAB_COM_METALS_USD,165.9383843017
2025-04-25,LAB_COM_METALS_USD,168.9292026209
2025-04-28,LAB_COM_METALS_USD,167.9433107614
2025-04-29,LAB_COM_METALS_USD,167.0186890170
2025-04-30,LAB_COM_METALS_USD,163.4570140060
2025-05-01,LAB_COM_METALS_USD,166.5188623198
2025-05-02,LAB_COM_METALS_USD,167.2874905724
2025-05-05,LAB_COM_METALS_USD,165.4846098857
2025-05-06,LAB_COM_METALS_USD,163.7669558307
2025-05-07,LAB_COM_METALS_USD,164.2270169358
2025-05-08,LAB_COM_METALS_USD,165.5490553469
2025-05-09,LAB_COM_METALS_USD,166.2019308674
2025-05-12,LAB_COM_METALS_USD,164.4189850470
2025-05-13,LAB_COM_METALS_USD,164.8960731718
2025-05-14,LAB_COM_METALS_USD,166.2127328128
2025-05-15,LAB_COM_METALS_USD,169.7927199182
2025-05-16,LAB_COM_METALS_USD,172.2282430271
2025-05-19,LAB_COM_METALS_USD,171.6127417527
2025-05-20,LAB_COM_METALS_USD,167.5854417253
2025-05-21,LAB_COM_METALS_USD,168.9061978923
2025-05-22,LAB_COM_METALS_USD,172.0290892701
2025-05-23,LAB_COM_METALS_USD,172.1956475718
2025-05-26,LAB_COM_METALS_USD,171.6102382419
2025-05-27,LAB_COM_METALS_USD,174.3919636055
2025-05-28,LAB_COM_METALS_USD,174.6197811727
2025-05-29,LAB_COM_METALS_USD,175.5350756481
2025-05-30,LAB_COM_METALS_USD,174.8904330658
2025-06-02,LAB_COM_METALS_USD,175.0845357863
2025-06-03,LAB_COM_METALS_USD,176.2264714816
2025-06-04,LAB_COM_METALS_USD,173.5922084430
2025-06-05,LAB_COM_METALS_USD,173.0574125571
2025-06-06,LAB_COM_METALS_USD,174.0260702674
2025-06-09,LAB_COM_METALS_USD,174.6210358062
2025-06-10,LAB_COM_METALS_USD,173.9404258026
2025-06-11,LAB_COM_METALS_USD,172.2364816966
2025-06-12,LAB_COM_METALS_USD,171.0279687147
2025-06-13,LAB_COM_METALS_USD,168.3464440621
2025-06-16,LAB_COM_METALS_USD,165.3079365100
2025-06-17,LAB_COM_METALS_USD,168.7286418161
2025-06-18,LAB_COM_METALS_USD,168.4238219453
2025-06-19,LAB_COM_METALS_USD,168.2323862792
2025-06-20,LAB_COM_METALS_USD,168.1557983992
2025-06-23,LAB_COM_METALS_USD,173.5632769958
2025-06-24,LAB_COM_METALS_USD,174.3839972204
2025-06-25,LAB_COM_METALS_USD,174.1974766483
2025-06-26,LAB_COM_METALS_USD,172.6919326105
2025-06-27,LAB_COM_METALS_USD,175.6442759781
2025-06-30,LAB_COM_METALS_USD,176.4461679307
2025-07-01,LAB_COM_METALS_USD,176.6385202072
2025-07-02,LAB_COM_METALS_USD,178.7344793150
2025-07-03,LAB_COM_METALS_USD,177.5428378478
2025-07-04,LAB_COM_METALS_USD,178.5991639501
2025-07-07,LAB_COM_METALS_USD,182.2927480690
2025-07-08,LAB_COM_METALS_USD,180.8797351059
2025-07-09,LAB_COM_METALS_USD,183.1170402476
2025-07-10,LAB_COM_METALS_USD,184.9850838967
2025-07-11,LAB_COM_METALS_USD,183.1716290522
2025-07-14,LAB_COM_METALS_USD,183.1692191634
2025-07-15,LAB_COM_METALS_USD,182.8668298076
2025-07-16,LAB_COM_METALS_USD,183.5731562338
2025-07-17,LAB_COM_METALS_USD,181.3845410160
2025-07-18,LAB_COM_METALS_USD,181.0244874621
2025-07-21,LAB_COM_METALS_USD,178.5853298671
2025-07-22,LAB_COM_METALS_USD,177.3413386045
2025-07-23,LAB_COM_METALS_USD,177.8459234039
2025-07-24,LAB_COM_METALS_USD,179.5547317012
2025-07-25,LAB_COM_METALS_USD,180.9788649318
2025-07-28,LAB_COM_METALS_USD,176.5411551062
2025-07-29,LAB_COM_METALS_USD,178.1487786485
2025-07-30,LAB_COM_METALS_USD,179.6632350214
2025-07-31,LAB_COM_METALS_USD,178.5839700120
2025-08-01,LAB_COM_METALS_USD,175.5461646904
2025-08-04,LAB_COM_METALS_USD,173.5659175231
2025-08-05,LAB_COM_METALS_USD,171.2773198779
2025-08-06,LAB_COM_METALS_USD,170.2269941446
2025-08-07,LAB_COM_METALS_USD,170.5510194038
2025-08-08,LAB_COM_METALS_USD,169.7587541077
2025-08-11,LAB_COM_METALS_USD,167.0599918419
2025-08-12,LAB_COM_METALS_USD,163.6360246643
2025-08-13,LAB_COM_METALS_USD,165.3110757669
2025-08-14,LAB_COM_METALS_USD,163.7151387200
2025-08-15,LAB_COM_METALS_USD,163.3857845061
2025-08-18,LAB_COM_METALS_USD,164.2647283190
2025-08-19,LAB_COM_METALS_USD,160.7299858529
2025-08-20,LAB_COM_METALS_USD,161.5832666808
2025-08-21,LAB_COM_METALS_USD,160.7719208855
2025-08-22,LAB_COM_METALS_USD,158.7823612780
2025-08-25,LAB_COM_METALS_USD,159.0613488544
2025-08-26,LAB_COM_METALS_USD,158.8629732377
2025-08-27,LAB_COM_METALS_USD,159.8424419627
2025-08-28,LAB_COM_METALS_USD,159.8877799791
2025-08-29,LAB_COM_METALS_USD,158.6890049662
2025-09-01,LAB_COM_METALS_USD,160.3804362826
2025-09-02,LAB_COM_METALS_USD,160.0479217988
2025-09-03,LAB_COM_METALS_USD,159.7756095598
2025-09-04,LAB_COM_METALS_USD,159.2544646559
2025-09-05,LAB_COM_METALS_USD,160.5841765659
2025-09-08,LAB_COM_METALS_USD,164.1492675212
2025-09-09,LAB_COM_METALS_USD,162.7923564537
2025-09-10,LAB_COM_METALS_USD,164.8749877129
2025-09-11,LAB_COM_METALS_USD,164.8492904798
2025-09-12,LAB_COM_METALS_USD,163.8390835867
2025-09-15,LAB_COM_METALS_USD,165.5089204179
2025-09-16,LAB_COM_METALS_USD,163.7789168861
2025-09-17,LAB_COM_METALS_USD,166.5963725553
2025-09-18,LAB_COM_METALS_USD,168.2939761013
2025-09-19,LAB_COM_METALS_USD,167.9849583242
2025-09-22,LAB_COM_METALS_USD,165.8788714885
2025-09-23,LAB_COM_METALS_USD,167.0568659379
2025-09-24,LAB_COM_METALS_USD,169.8256402419
2025-09-25,LAB_COM_METALS_USD,168.1277824240
2025-09-26,LAB_COM_METALS_USD,169.1250130425
2025-09-29,LAB_COM_METALS_USD,173.2629468049
2025-09-30,LAB_COM_METALS_USD,170.3265370235
2025-10-01,LAB_COM_METALS_USD,168.9541508974
2025-10-02,LAB_COM_METALS_USD,167.9917809768
2025-10-03,LAB_COM_METALS_USD,168.6982579325
2025-10-06,LAB_COM_METALS_USD,167.9016734724
2025-10-07,LAB_COM_METALS_USD,165.0842918603
2025-10-08,LAB_COM_METALS_USD,163.5972808022
2025-10-09,LAB_COM_METALS_USD,162.5577332773
2025-10-10,LAB_COM_METALS_USD,164.6616097353
2025-10-13,LAB_COM_METALS_USD,163.4978008899
2025-10-14,LAB_COM_METALS_USD,164.4166532518
2025-10-15,LAB_COM_METALS_USD,159.9484786415
2025-10-16,LAB_COM_METALS_USD,162.2624107852
2025-10-17,LAB_COM_METALS_USD,163.5822146433
2025-10-20,LAB_COM_METALS_USD,161.1651030029
2025-10-21,LAB_COM_METALS_USD,159.3561621712
2025-10-22,LAB_COM_METALS_USD,158.1983742468
2025-10-23,LAB_COM_METALS_USD,158.2432057293
2025-10-24,LAB_COM_METALS_USD,162.1452002041
2025-10-27,LAB_COM_METALS_USD,160.6832686068
2025-10-28,LAB_COM_METALS_USD,162.6114593533
2025-10-29,LAB_COM_METALS_USD,160.5277271559
2025-10-30,LAB_COM_METALS_USD,157.7732754366
2025-10-31,LAB_COM_METALS_USD,158.5060145283
2025-11-03,LAB_COM_METALS_USD,159.0346058423
2025-11-04,LAB_COM_METALS_USD,156.8341424832
2025-11-05,LAB_COM_METALS_USD,156.2155573460
2025-11-06,LAB_COM_METALS_USD,157.5667997341
2025-11-07,LAB_COM_METALS_USD,156.5933453675
2025-11-10,LAB_COM_METALS_USD,159.7559914944
2025-11-11,LAB_COM_METALS_USD,162.1538685468
2025-11-12,LAB_COM_METALS_USD,162.3987847246
2025-11-13,LAB_COM_METALS_USD,160.8926715491
2025-11-14,LAB_COM_METALS_USD,160.7428022883
2025-11-17,LAB_COM_METALS_USD,160.4937147403
2025-11-18,LAB_COM_METALS_USD,161.8689251009
2025-11-19,LAB_COM_METALS_USD,162.7620506636
2025-11-20,LAB_COM_METALS_USD,158.8464611170
2025-11-21,LAB_COM_METALS_USD,159.7168068158
2025-11-24,LAB_COM_METALS_USD,156.7452350223
2025-11-25,LAB_COM_METALS_USD,156.8533160453
2025-11-26,LAB_COM_METALS_USD,158.4612239452
2025-11-27,LAB_COM_METALS_USD,159.1156704419
2025-11-28,LAB_COM_METALS_USD,158.5570201624
2025-12-01,LAB_COM_METALS_USD,156.0787665526
2025-12-02,LAB_COM_METALS_USD,157.2711434870
2025-12-03,LAB_COM_METALS_USD,154.9807454253
2025-12-04,LAB_COM_METALS_USD,154.9527537003
2025-12-05,LAB_COM_METALS_USD,154.1703555238
2025-12-08,LAB_COM_METALS_USD,153.0762706190
2025-12-09,LAB_COM_METALS_USD,151.9916252422
2025-12-10,LAB_COM_METALS_USD,149.2142054079
2025-12-11,LAB_COM_METALS_USD,151.0314671136
2025-12-12,LAB_COM_METALS_USD,152.2984539430
2025-12-15,LAB_COM_METALS_USD,153.4211008589
2025-12-16,LAB_COM_METALS_USD,152.9424792719
2025-12-17,LAB_COM_METALS_USD,149.4207165297
2025-12-18,LAB_COM_METALS_USD,148.7587103396
2025-12-19,LAB_COM_METALS_USD,150.3609321517
2025-12-22,LAB_COM_METALS_USD,150.8401439958
2025-12-23,LAB_COM_METALS_USD,150.5249344516
2025-12-24,LAB_COM_METALS_USD,151.1388350778
2025-12-25,LAB_COM_METALS_USD,152.9704051330
2025-12-26,LAB_COM_METALS_USD,150.1232185339
2025-12-29,LAB_COM_METALS_USD,150.0068038919
2025-12-30,LAB_COM_METALS_USD,150.0903953654
2025-12-31,LAB_COM_METALS_USD,149.9936915565
2021-01-04,LAB_CR_EUR,101.0000000000
2021-01-05,LAB_CR_EUR,100.3433765234
2021-01-06,LAB_CR_EUR,100.8169110332
2021-01-07,LAB_CR_EUR,100.4678451745
2021-01-08,LAB_CR_EUR,100.0298676940
2021-01-11,LAB_CR_EUR,99.7347210974
2021-01-12,LAB_CR_EUR,100.1731877771
2021-01-13,LAB_CR_EUR,100.1934030631
2021-01-14,LAB_CR_EUR,100.2274674535
2021-01-15,LAB_CR_EUR,100.5830740711
2021-01-18,LAB_CR_EUR,100.6328334421
2021-01-19,LAB_CR_EUR,100.5991828931
2021-01-20,LAB_CR_EUR,100.7671663058
2021-01-21,LAB_CR_EUR,100.6302700559
2021-01-22,LAB_CR_EUR,100.3583281937
2021-01-25,LAB_CR_EUR,100.2419496885
2021-01-26,LAB_CR_EUR,100.1805393981
2021-01-27,LAB_CR_EUR,100.3043936210
2021-01-28,LAB_CR_EUR,100.1861546423
2021-01-29,LAB_CR_EUR,100.1531954500
2021-02-01,LAB_CR_EUR,100.4611243770
2021-02-02,LAB_CR_EUR,99.4297983335
2021-02-03,LAB_CR_EUR,99.4765711051
2021-02-04,LAB_CR_EUR,99.9661162034
2021-02-05,LAB_CR_EUR,99.0408991369
2021-02-08,LAB_CR_EUR,99.1364247077
2021-02-09,LAB_CR_EUR,99.6200681732
2021-02-10,LAB_CR_EUR,99.8038100538
2021-02-11,LAB_CR_EUR,100.3748198126
2021-02-12,LAB_CR_EUR,100.0150291036
2021-02-15,LAB_CR_EUR,99.4710884745
2021-02-16,LAB_CR_EUR,99.4032502214
2021-02-17,LAB_CR_EUR,99.1384329047
2021-02-18,LAB_CR_EUR,98.9385531317
2021-02-19,LAB_CR_EUR,98.6736309344
2021-02-22,LAB_CR_EUR,97.6990150598
2021-02-23,LAB_CR_EUR,97.8319847394
2021-02-24,LAB_CR_EUR,98.0074236314
2021-02-25,LAB_CR_EUR,98.3137162249
2021-02-26,LAB_CR_EUR,98.6739907485
2021-03-01,LAB_CR_EUR,98.4828378766
2021-03-02,LAB_CR_EUR,98.6800514754
2021-03-03,LAB_CR_EUR,99.3591616778
2021-03-04,LAB_CR_EUR,99.0467470957
2021-03-05,LAB_CR_EUR,99.0444291777
2021-03-08,LAB_CR_EUR,99.0528865103
2021-03-09,LAB_CR_EUR,98.4256832220
2021-03-10,LAB_CR_EUR,98.1347451986
2021-03-11,LAB_CR_EUR,98.1850722234
2021-03-12,LAB_CR_EUR,98.7180833046
2021-03-15,LAB_CR_EUR,98.7542964997
2021-03-16,LAB_CR_EUR,98.7540889312
2021-03-17,LAB_CR_EUR,99.0657386435
2021-03-18,LAB_CR_EUR,98.4856349673
2021-03-19,LAB_CR_EUR,99.2216283689
2021-03-22,LAB_CR_EUR,99.3444412701
2021-03-23,LAB_CR_EUR,98.1993032459
2021-03-24,LAB_CR_EUR,99.1080077613
2021-03-25,LAB_CR_EUR,99.1679434824
2021-03-26,LAB_CR_EUR,98.9444438495
2021-03-29,LAB_CR_EUR,99.5331819269
2021-03-30,LAB_CR_EUR,99.3111909116
2021-03-31,LAB_CR_EUR,99.5001344277
2021-04-01,LAB_CR_EUR,99.0497483898
2021-04-02,LAB_CR_EUR,99.6477360668
2021-04-05,LAB_CR_EUR,99.9309335816
2021-04-06,LAB_CR_EUR,100.0039831218
2021-04-07,LAB_CR_EUR,99.9761887411
2021-04-08,LAB_CR_EUR,100.5424906824
2021-04-09,LAB_CR_EUR,100.5930946117
2021-04-12,LAB_CR_EUR,100.1534709525
2021-04-13,LAB_CR_EUR,99.9441422393
2021-04-14,LAB_CR_EUR,99.9073065326
2021-04-15,LAB_CR_EUR,99.5733220799
2021-04-16,LAB_CR_EUR,99.8938964131
2021-04-19,LAB_CR_EUR,100.3541084011
2021-04-20,LAB_CR_EUR,100.2949510916
2021-04-21,LAB_CR_EUR,99.8813710131
2021-04-22,LAB_CR_EUR,99.7282027346
2021-04-23,LAB_CR_EUR,99.7669726062
2021-04-26,LAB_CR_EUR,99.7381826681
2021-04-27,LAB_CR_EUR,100.1659048339
2021-04-28,LAB_CR_EUR,99.6380250088
2021-04-29,LAB_CR_EUR,99.9450706817
2021-04-30,LAB_CR_EUR,99.7741094511
2021-05-03,LAB_CR_EUR,99.3754673411
2021-05-04,LAB_CR_EUR,99.5265592373
2021-05-05,LAB_CR_EUR,98.9312639034
2021-05-06,LAB_CR_EUR,98.6355312628
2021-05-07,LAB_CR_EUR,98.9421696321
2021-05-10,LAB_CR_EUR,98.8667297226
2021-05-11,LAB_CR_EUR,99.2122651007
2021-05-12,LAB_CR_EUR,99.5395965010
2021-05-13,LAB_CR_EUR,99.6668661767
2021-05-14,LAB_CR_EUR,99.6852828018
2021-05-17,LAB_CR_EUR,99.6213233843
2021-05-18,LAB_CR_EUR,99.2645366188
2021-05-19,LAB_CR_EUR,99.2835978947
2021-05-20,LAB_CR_EUR,99.8535786636
2021-05-21,LAB_CR_EUR,99.5391232026
2021-05-24,LAB_CR_EUR,98.9504429333
2021-05-25,LAB_CR_EUR,99.0162039600
2021-05-26,LAB_CR_EUR,98.7105787809
2021-05-27,LAB_CR_EUR,98.8595287542
2021-05-28,LAB_CR_EUR,99.6438215583
2021-05-31,LAB_CR_EUR,99.5940921055
2021-06-01,LAB_CR_EUR,99.2984013488
2021-06-02,LAB_CR_EUR,99.6878988999
2021-06-03,LAB_CR_EUR,99.5944680584
2021-06-04,LAB_CR_EUR,99.5133641350
2021-06-07,LAB_CR_EUR,99.9806268640
2021-06-08,LAB_CR_EUR,100.2673477887
2021-06-09,LAB_CR_EUR,99.3771829430
2021-06-10,LAB_CR_EUR,99.3574531029
2021-06-11,LAB_CR_EUR,99.2721335192
2021-06-14,LAB_CR_EUR,99.2565644505
2021-06-15,LAB_CR_EUR,99.8981382878
2021-06-16,LAB_CR_EUR,99.9981236267
2021-06-17,LAB_CR_EUR,100.3288333953
2021-06-18,LAB_CR_EUR,100.7765993928
2021-06-21,LAB_CR_EUR,100.8577164496
2021-06-22,LAB_CR_EUR,100.5399797518
2021-06-23,LAB_CR_EUR,100.5224280656
2021-06-24,LAB_CR_EUR,99.5299644585
2021-06-25,LAB_CR_EUR,99.8624734120
2021-06-28,LAB_CR_EUR,99.9019748663
2021-06-29,LAB_CR_EUR,99.4838484453
2021-06-30,LAB_CR_EUR,99.7117778001
2021-07-01,LAB_CR_EUR,99.9582584735
2021-07-02,LAB_CR_EUR,100.4408950083
2021-07-05,LAB_CR_EUR,101.3976234079
2021-07-06,LAB_CR_EUR,101.6989241393
2021-07-07,LAB_CR_EUR,101.7511936822
2021-07-08,LAB_CR_EUR,102.2671432395
2021-07-09,LAB_CR_EUR,102.0286262842
2021-07-12,LAB_CR_EUR,102.4602503684
2021-07-13,LAB_CR_EUR,102.2132268432
2021-07-14,LAB_CR_EUR,102.1492389163
2021-07-15,LAB_CR_EUR,102.5278003763
2021-07-16,LAB_CR_EUR,102.9505259538
2021-07-19,LAB_CR_EUR,103.0415700236
2021-07-20,LAB_CR_EUR,103.4838879407
2021-07-21,LAB_CR_EUR,103.4591928915
2021-07-22,LAB_CR_EUR,103.4891919141
2021-07-23,LAB_CR_EUR,102.8652344863
2021-07-26,LAB_CR_EUR,103.6044222779
2021-07-27,LAB_CR_EUR,102.8574056649
2021-07-28,LAB_CR_EUR,103.9047822082
2021-07-29,LAB_CR_EUR,104.3482244941
2021-07-30,LAB_CR_EUR,104.5221541221
2021-08-02,LAB_CR_EUR,103.8648561702
2021-08-03,LAB_CR_EUR,103.9645194135
2021-08-04,LAB_CR_EUR,103.2791425547
2021-08-05,LAB_CR_EUR,102.8619749454
2021-08-06,LAB_CR_EUR,102.7632910989
2021-08-09,LAB_CR_EUR,102.2718781470
2021-08-10,LAB_CR_EUR,103.4079011564
2021-08-11,LAB_CR_EUR,103.9096914074
2021-08-12,LAB_CR_EUR,103.6318308554
2021-08-13,LAB_CR_EUR,103.2304870932
2021-08-16,LAB_CR_EUR,103.7121933505
2021-08-17,LAB_CR_EUR,103.2142001242
2021-08-18,LAB_CR_EUR,103.4467129368
2021-08-19,LAB_CR_EUR,102.9603479687
2021-08-20,LAB_CR_EUR,103.2633370703
2021-08-23,LAB_CR_EUR,103.7373295389
2021-08-24,LAB_CR_EUR,103.8483129090
2021-08-25,LAB_CR_EUR,103.4984963010
2021-08-26,LAB_CR_EUR,103.3745733996
2021-08-27,LAB_CR_EUR,103.4989764331
2021-08-30,LAB_CR_EUR,102.7085359048
2021-08-31,LAB_CR_EUR,102.6129151329
2021-09-01,LAB_CR_EUR,103.3121774828
2021-09-02,LAB_CR_EUR,103.0975567761
2021-09-03,LAB_CR_EUR,103.5194307229
2021-09-06,LAB_CR_EUR,103.0008992660
2021-09-07,LAB_CR_EUR,103.1477460769
2021-09-08,LAB_CR_EUR,102.9946920606
2021-09-09,LAB_CR_EUR,102.2545249097
2021-09-10,LAB_CR_EUR,102.3355896302
2021-09-13,LAB_CR_EUR,102.8249336725
2021-09-14,LAB_CR_EUR,102.6937860747
2021-09-15,LAB_CR_EUR,102.6741911379
2021-09-16,LAB_CR_EUR,102.2474622292
2021-09-17,LAB_CR_EUR,102.0744119859
2021-09-20,LAB_CR_EUR,102.6370809084
2021-09-21,LAB_CR_EUR,102.5058148925
2021-09-22,LAB_CR_EUR,102.7361800840
2021-09-23,LAB_CR_EUR,103.0884041892
2021-09-24,LAB_CR_EUR,102.9849868014
2021-09-27,LAB_CR_EUR,102.6428503961
2021-09-28,LAB_CR_EUR,102.3870855822
2021-09-29,LAB_CR_EUR,102.8030061691
2021-09-30,LAB_CR_EUR,102.7620255035
2021-10-01,LAB_CR_EUR,102.4109420845
2021-10-04,LAB_CR_EUR,102.0777318223
2021-10-05,LAB_CR_EUR,101.6857855201
2021-10-06,LAB_CR_EUR,101.8034734461
2021-10-07,LAB_CR_EUR,102.2415745624
2021-10-08,LAB_CR_EUR,102.8269596550
2021-10-11,LAB_CR_EUR,102.9271126892
2021-10-12,LAB_CR_EUR,102.5822879097
2021-10-13,LAB_CR_EUR,103.0426179274
2021-10-14,LAB_CR_EUR,102.5727686729
2021-10-15,LAB_CR_EUR,102.0484160355
2021-10-18,LAB_CR_EUR,102.4432601314
2021-10-19,LAB_CR_EUR,102.2283197260
2021-10-20,LAB_CR_EUR,101.6244282079
2021-10-21,LAB_CR_EUR,101.4214785033
2021-10-22,LAB_CR_EUR,102.2045385918
2021-10-25,LAB_CR_EUR,102.0647659237
2021-10-26,LAB_CR_EUR,102.2481978271
2021-10-27,LAB_CR_EUR,102.3600298600
2021-10-28,LAB_CR_EUR,102.5350317986
2021-10-29,LAB_CR_EUR,101.7921994828
2021-11-01,LAB_CR_EUR,101.4579608820
2021-11-02,LAB_CR_EUR,100.9141154650
2021-11-03,LAB_CR_EUR,101.3541651434
2021-11-04,LAB_CR_EUR,101.2422878116
2021-11-05,LAB_CR_EUR,101.5891721069
2021-11-08,LAB_CR_EUR,101.6633749766
2021-11-09,LAB_CR_EUR,101.4620973826
2021-11-10,LAB_CR_EUR,101.0260689266
2021-11-11,LAB_CR_EUR,100.8817363250
2021-11-12,LAB_CR_EUR,100.6139021005
2021-11-15,LAB_CR_EUR,100.7682182137
2021-11-16,LAB_CR_EUR,100.7417311527
2021-11-17,LAB_CR_EUR,100.4549593037
2021-11-18,LAB_CR_EUR,100.3561394968
2021-11-19,LAB_CR_EUR,100.5542543485
2021-11-22,LAB_CR_EUR,100.8323437215
2021-11-23,LAB_CR_EUR,101.1806200779
2021-11-24,LAB_CR_EUR,100.9283920549
2021-11-25,LAB_CR_EUR,100.9132070628
2021-11-26,LAB_CR_EUR,100.9131483053
2021-11-29,LAB_CR_EUR,100.1140236423
2021-11-30,LAB_CR_EUR,99.9970819777
2021-12-01,LAB_CR_EUR,99.5915557109
2021-12-02,LAB_CR_EUR,99.0742050412
2021-12-03,LAB_CR_EUR,99.7005310037
2021-12-06,LAB_CR_EUR,99.4624795874
2021-12-07,LAB_CR_EUR,99.3684362853
2021-12-08,LAB_CR_EUR,99.3994149913
2021-12-09,LAB_CR_EUR,99.8647809190
2021-12-10,LAB_CR_EUR,100.2170101298
2021-12-13,LAB_CR_EUR,99.9374419359
2021-12-14,LAB_CR_EUR,100.2749536811
2021-12-15,LAB_CR_EUR,100.1031894371
2021-12-16,LAB_CR_EUR,100.4043136653
2021-12-17,LAB_CR_EUR,100.2575647496
2021-12-20,LAB_CR_EUR,100.7224123937
2021-12-21,LAB_CR_EUR,100.6250263963
2021-12-22,LAB_CR_EUR,100.8969863059
2021-12-23,LAB_CR_EUR,101.2943712772
2021-12-24,LAB_CR_EUR,101.4219415155
2021-12-27,LAB_CR_EUR,101.8534963109
2021-12-28,LAB_CR_EUR,102.3406859197
2021-12-29,LAB_CR_EUR,102.5901622502
2021-12-30,LAB_CR_EUR,101.6339023684
2021-12-31,LAB_CR_EUR,101.3827510175
2022-01-03,LAB_CR_EUR,102.2001796145
2022-01-04,LAB_CR_EUR,102.5092697490
2022-01-05,LAB_CR_EUR,101.9315114609
2022-01-06,LAB_CR_EUR,102.1278312286
2022-01-07,LAB_CR_EUR,102.0940104161
2022-01-10,LAB_CR_EUR,102.4232964470
2022-01-11,LAB_CR_EUR,102.4479006805
2022-01-12,LAB_CR_EUR,102.6582446751
2022-01-13,LAB_CR_EUR,102.9707290061
2022-01-14,LAB_CR_EUR,103.5285994963
2022-01-17,LAB_CR_EUR,103.4254140996
2022-01-18,LAB_CR_EUR,102.8263565407
2022-01-19,LAB_CR_EUR,102.0144901270
2022-01-20,LAB_CR_EUR,102.0044517815
2022-01-21,LAB_CR_EUR,101.5258764261
2022-01-24,LAB_CR_EUR,101.5411233588
2022-01-25,LAB_CR_EUR,101.3718983527
2022-01-26,LAB_CR_EUR,102.2851129435
2022-01-27,LAB_CR_EUR,101.7931010508
2022-01-28,LAB_CR_EUR,101.5069597104
2022-01-31,LAB_CR_EUR,101.2836078916
2022-02-01,LAB_CR_EUR,101.6777474190
2022-02-02,LAB_CR_EUR,101.5057464813
2022-02-03,LAB_CR_EUR,101.3827870332
2022-02-04,LAB_CR_EUR,101.1670622607
2022-02-07,LAB_CR_EUR,101.7908546286
2022-02-08,LAB_CR_EUR,102.2966999219
2022-02-09,LAB_CR_EUR,102.0464166965
2022-02-10,LAB_CR_EUR,102.3672388340
2022-02-11,LAB_CR_EUR,102.8775011105
2022-02-14,LAB_CR_EUR,104.2720912334
2022-02-15,LAB_CR_EUR,104.6555758102
2022-02-16,LAB_CR_EUR,104.9716454395
2022-02-17,LAB_CR_EUR,105.2391554665
2022-02-18,LAB_CR_EUR,105.1840265494
2022-02-21,LAB_CR_EUR,105.2848261829
2022-02-22,LAB_CR_EUR,104.4743599271
2022-02-23,LAB_CR_EUR,103.8339201195
2022-02-24,LAB_CR_EUR,104.3332218534
2022-02-25,LAB_CR_EUR,104.7255409702
2022-02-28,LAB_CR_EUR,104.7533099084
2022-03-01,LAB_CR_EUR,104.9929619694
2022-03-02,LAB_CR_EUR,104.8063994023
2022-03-03,LAB_CR_EUR,103.7498847967
2022-03-04,LAB_CR_EUR,103.5143055968
2022-03-07,LAB_CR_EUR,103.6101413590
2022-03-08,LAB_CR_EUR,104.3331253079
2022-03-09,LAB_CR_EUR,104.9455200782
2022-03-10,LAB_CR_EUR,104.2186234357
2022-03-11,LAB_CR_EUR,104.3107072591
2022-03-14,LAB_CR_EUR,104.7171453057
2022-03-15,LAB_CR_EUR,105.8132208345
2022-03-16,LAB_CR_EUR,105.3822548964
2022-03-17,LAB_CR_EUR,105.1661473757
2022-03-18,LAB_CR_EUR,104.4498451129
2022-03-21,LAB_CR_EUR,104.2461528565
2022-03-22,LAB_CR_EUR,104.4716673967
2022-03-23,LAB_CR_EUR,104.6684506062
2022-03-24,LAB_CR_EUR,104.7525228976
2022-03-25,LAB_CR_EUR,104.4938860474
2022-03-28,LAB_CR_EUR,104.7036766511
2022-03-29,LAB_CR_EUR,104.3879163656
2022-03-30,LAB_CR_EUR,104.0268824487
2022-03-31,LAB_CR_EUR,103.5941382204
2022-04-01,LAB_CR_EUR,103.5424076090
2022-04-04,LAB_CR_EUR,104.2569131440
2022-04-05,LAB_CR_EUR,104.1367869393
2022-04-06,LAB_CR_EUR,103.5836886719
2022-04-07,LAB_CR_EUR,103.7341589816
2022-04-08,LAB_CR_EUR,103.7681017946
2022-04-11,LAB_CR_EUR,103.3136952092
2022-04-12,LAB_CR_EUR,102.6574012046
2022-04-13,LAB_CR_EUR,102.7520244127
2022-04-14,LAB_CR_EUR,102.8245922182
2022-04-15,LAB_CR_EUR,102.7918061813
2022-04-18,LAB_CR_EUR,102.9467183367
2022-04-19,LAB_CR_EUR,103.4433363371
2022-04-20,LAB_CR_EUR,103.4171273920
2022-04-21,LAB_CR_EUR,103.8044176165
2022-04-22,LAB_CR_EUR,104.2113966766
2022-04-25,LAB_CR_EUR,104.1602876057
2022-04-26,LAB_CR_EUR,103.5271830026
2022-04-27,LAB_CR_EUR,103.1068917952
2022-04-28,LAB_CR_EUR,103.1952741760
2022-04-29,LAB_CR_EUR,103.3927187837
2022-05-02,LAB_CR_EUR,104.0672077116
2022-05-03,LAB_CR_EUR,104.4882711106
2022-05-04,LAB_CR_EUR,104.0397754815
2022-05-05,LAB_CR_EUR,104.7068632765
2022-05-06,LAB_CR_EUR,104.2955066611
2022-05-09,LAB_CR_EUR,104.0092387877
2022-05-10,LAB_CR_EUR,103.4052809766
2022-05-11,LAB_CR_EUR,103.3931337167
2022-05-12,LAB_CR_EUR,103.9057121217
2022-05-13,LAB_CR_EUR,103.7685269830
2022-05-16,LAB_CR_EUR,103.9985256756
2022-05-17,LAB_CR_EUR,104.1080608635
2022-05-18,LAB_CR_EUR,104.0784419710
2022-05-19,LAB_CR_EUR,103.9381315755
2022-05-20,LAB_CR_EUR,103.9135048609
2022-05-23,LAB_CR_EUR,103.8420897673
2022-05-24,LAB_CR_EUR,103.9530284748
2022-05-25,LAB_CR_EUR,104.1125731474
2022-05-26,LAB_CR_EUR,104.8164994475
2022-05-27,LAB_CR_EUR,104.4759225293
2022-05-30,LAB_CR_EUR,103.7687580148
2022-05-31,LAB_CR_EUR,104.2707526895
2022-06-01,LAB_CR_EUR,104.2814569833
2022-06-02,LAB_CR_EUR,104.2640795540
2022-06-03,LAB_CR_EUR,104.7333121888
2022-06-06,LAB_CR_EUR,104.4931776814
2022-06-07,LAB_CR_EUR,104.2435113675
2022-06-08,LAB_CR_EUR,104.7638799338
2022-06-09,LAB_CR_EUR,104.9841348870
2022-06-10,LAB_CR_EUR,105.7554656824
2022-06-13,LAB_CR_EUR,105.8477359509
2022-06-14,LAB_CR_EUR,105.2095006420
2022-06-15,LAB_CR_EUR,105.9054901252
2022-06-16,LAB_CR_EUR,106.4822630668
2022-06-17,LAB_CR_EUR,106.8942809182
2022-06-20,LAB_CR_EUR,106.6065313289
2022-06-21,LAB_CR_EUR,106.5739784670
2022-06-22,LAB_CR_EUR,106.7657694613
2022-06-23,LAB_CR_EUR,106.8508314372
2022-06-24,LAB_CR_EUR,107.4144000004
2022-06-27,LAB_CR_EUR,107.8297306940
2022-06-28,LAB_CR_EUR,107.6649595053
2022-06-29,LAB_CR_EUR,107.1669662331
2022-06-30,LAB_CR_EUR,107.2936399694
2022-07-01,LAB_CR_EUR,107.5853757601
2022-07-04,LAB_CR_EUR,107.8929724241
2022-07-05,LAB_CR_EUR,108.1071484295
2022-07-06,LAB_CR_EUR,107.8112517289
2022-07-07,LAB_CR_EUR,107.1965043476
2022-07-08,LAB_CR_EUR,107.4206757457
2022-07-11,LAB_CR_EUR,107.3024155055
2022-07-12,LAB_CR_EUR,106.8744790425
2022-07-13,LAB_CR_EUR,106.3754311606
2022-07-14,LAB_CR_EUR,106.3337824708
2022-07-15,LAB_CR_EUR,106.1294202988
2022-07-18,LAB_CR_EUR,105.4672982054
2022-07-19,LAB_CR_EUR,105.5397283025
2022-07-20,LAB_CR_EUR,105.2639718845
2022-07-21,LAB_CR_EUR,105.3102074950
2022-07-22,LAB_CR_EUR,105.4707819682
2022-07-25,LAB_CR_EUR,105.1549490522
2022-07-26,LAB_CR_EUR,105.0756918848
2022-07-27,LAB_CR_EUR,104.7567515458
2022-07-28,LAB_CR_EUR,105.0169294489
2022-07-29,LAB_CR_EUR,104.7652649259
2022-08-01,LAB_CR_EUR,104.2004850942
2022-08-02,LAB_CR_EUR,104.4068372650
2022-08-03,LAB_CR_EUR,104.5906322005
2022-08-04,LAB_CR_EUR,105.0364191846
2022-08-05,LAB_CR_EUR,105.3964929263
2022-08-08,LAB_CR_EUR,104.4482884633
2022-08-09,LAB_CR_EUR,104.5988382466
2022-08-10,LAB_CR_EUR,104.6152874466
2022-08-11,LAB_CR_EUR,103.8918565042
2022-08-12,LAB_CR_EUR,103.7705942794
2022-08-15,LAB_CR_EUR,104.0730143790
2022-08-16,LAB_CR_EUR,103.1583739623
2022-08-17,LAB_CR_EUR,103.8140728550
2022-08-18,LAB_CR_EUR,103.6541527250
2022-08-19,LAB_CR_EUR,104.0587798443
2022-08-22,LAB_CR_EUR,103.5633186406
2022-08-23,LAB_CR_EUR,103.2343668747
2022-08-24,LAB_CR_EUR,103.0771306214
2022-08-25,LAB_CR_EUR,103.0096739470
2022-08-26,LAB_CR_EUR,102.1973830333
2022-08-29,LAB_CR_EUR,102.1447118145
2022-08-30,LAB_CR_EUR,102.3916279119
2022-08-31,LAB_CR_EUR,102.7877016190
2022-09-01,LAB_CR_EUR,102.2296480598
2022-09-02,LAB_CR_EUR,102.3599250297
2022-09-05,LAB_CR_EUR,101.9716978164
2022-09-06,LAB_CR_EUR,102.1749593519
2022-09-07,LAB_CR_EUR,102.4327192718
2022-09-08,LAB_CR_EUR,101.9462424281
2022-09-09,LAB_CR_EUR,102.7059285482
2022-09-12,LAB_CR_EUR,102.9453237717
2022-09-13,LAB_CR_EUR,102.4801929782
2022-09-14,LAB_CR_EUR,103.1184415830
2022-09-15,LAB_CR_EUR,103.2262751562
2022-09-16,LAB_CR_EUR,103.8883026954
2022-09-19,LAB_CR_EUR,104.2256082556
2022-09-20,LAB_CR_EUR,104.4232471104
2022-09-21,LAB_CR_EUR,104.7330720482
2022-09-22,LAB_CR_EUR,105.7014946833
2022-09-23,LAB_CR_EUR,105.6198621905
2022-09-26,LAB_CR_EUR,105.7261786166
2022-09-27,LAB_CR_EUR,104.9283134248
2022-09-28,LAB_CR_EUR,104.2609738968
2022-09-29,LAB_CR_EUR,103.8642993845
2022-09-30,LAB_CR_EUR,104.5226385282
2022-10-03,LAB_CR_EUR,103.9347080156
2022-10-04,LAB_CR_EUR,103.6652935608
2022-10-05,LAB_CR_EUR,103.7377081169
2022-10-06,LAB_CR_EUR,103.7943332353
2022-10-07,LAB_CR_EUR,104.1873612438
2022-10-10,LAB_CR_EUR,104.2478065802
2022-10-11,LAB_CR_EUR,104.0923748463
2022-10-12,LAB_CR_EUR,103.2391511064
2022-10-13,LAB_CR_EUR,103.7133409071
2022-10-14,LAB_CR_EUR,103.7441689658
2022-10-17,LAB_CR_EUR,103.6207277251
2022-10-18,LAB_CR_EUR,103.7282774133
2022-10-19,LAB_CR_EUR,103.7939947294
2022-10-20,LAB_CR_EUR,104.0446231017
2022-10-21,LAB_CR_EUR,104.1629834346
2022-10-24,LAB_CR_EUR,104.4194482381
2022-10-25,LAB_CR_EUR,104.0428564485
2022-10-26,LAB_CR_EUR,103.7030703158
2022-10-27,LAB_CR_EUR,103.2377916861
2022-10-28,LAB_CR_EUR,103.2210509937
2022-10-31,LAB_CR_EUR,104.1503208498
2022-11-01,LAB_CR_EUR,103.3826045872
2022-11-02,LAB_CR_EUR,103.2110094889
2022-11-03,LAB_CR_EUR,103.0286784528
2022-11-04,LAB_CR_EUR,102.4782517596
2022-11-07,LAB_CR_EUR,102.0802028563
2022-11-08,LAB_CR_EUR,102.6826689289
2022-11-09,LAB_CR_EUR,102.7848835834
2022-11-10,LAB_CR_EUR,103.0378892122
2022-11-11,LAB_CR_EUR,102.6258718288
2022-11-14,LAB_CR_EUR,102.3679076101
2022-11-15,LAB_CR_EUR,101.8485047654
2022-11-16,LAB_CR_EUR,101.4320843563
2022-11-17,LAB_CR_EUR,101.2838130311
2022-11-18,LAB_CR_EUR,101.9464353760
2022-11-21,LAB_CR_EUR,102.5966932352
2022-11-22,LAB_CR_EUR,102.2537065089
2022-11-23,LAB_CR_EUR,102.8421962590
2022-11-24,LAB_CR_EUR,103.4546861170
2022-11-25,LAB_CR_EUR,103.3799853382
2022-11-28,LAB_CR_EUR,102.9421313287
2022-11-29,LAB_CR_EUR,103.1651299504
2022-11-30,LAB_CR_EUR,103.3538847074
2022-12-01,LAB_CR_EUR,103.2076109510
2022-12-02,LAB_CR_EUR,103.0058346482
2022-12-05,LAB_CR_EUR,102.3999853689
2022-12-06,LAB_CR_EUR,102.3904671278
2022-12-07,LAB_CR_EUR,102.4636246306
2022-12-08,LAB_CR_EUR,102.3838045712
2022-12-09,LAB_CR_EUR,102.6006284451
2022-12-12,LAB_CR_EUR,102.8698878325
2022-12-13,LAB_CR_EUR,102.7268781108
2022-12-14,LAB_CR_EUR,103.7042988220
2022-12-15,LAB_CR_EUR,104.5868666249
2022-12-16,LAB_CR_EUR,104.4374945240
2022-12-19,LAB_CR_EUR,104.4391152691
2022-12-20,LAB_CR_EUR,104.4370247742
2022-12-21,LAB_CR_EUR,105.5297873641
2022-12-22,LAB_CR_EUR,105.3745303435
2022-12-23,LAB_CR_EUR,105.6110936857
2022-12-26,LAB_CR_EUR,105.6759505559
2022-12-27,LAB_CR_EUR,105.6414091766
2022-12-28,LAB_CR_EUR,105.8789711601
2022-12-29,LAB_CR_EUR,105.7881788238
2022-12-30,LAB_CR_EUR,105.9655897947
2023-01-02,LAB_CR_EUR,107.2182167812
2023-01-03,LAB_CR_EUR,107.6361444272
2023-01-04,LAB_CR_EUR,107.1741266083
2023-01-05,LAB_CR_EUR,107.5567078137
2023-01-06,LAB_CR_EUR,107.7973967056
2023-01-09,LAB_CR_EUR,107.7614613430
2023-01-10,LAB_CR_EUR,107.9215465219
2023-01-11,LAB_CR_EUR,108.0151933458
2023-01-12,LAB_CR_EUR,108.1009835607
2023-01-13,LAB_CR_EUR,107.7679350843
2023-01-16,LAB_CR_EUR,106.9361070678
2023-01-17,LAB_CR_EUR,107.0743435838
2023-01-18,LAB_CR_EUR,107.1840780774
2023-01-19,LAB_CR_EUR,107.0441420979
2023-01-20,LAB_CR_EUR,107.3003580039
2023-01-23,LAB_CR_EUR,107.4537332724
2023-01-24,LAB_CR_EUR,107.9305951920
2023-01-25,LAB_CR_EUR,107.7450030731
2023-01-26,LAB_CR_EUR,107.5733092363
2023-01-27,LAB_CR_EUR,107.0376448266
2023-01-30,LAB_CR_EUR,106.8620446068
2023-01-31,LAB_CR_EUR,106.5505642352
2023-02-01,LAB_CR_EUR,106.5848038693
2023-02-02,LAB_CR_EUR,107.0799902719
2023-02-03,LAB_CR_EUR,106.7560480843
2023-02-06,LAB_CR_EUR,106.3994197892
2023-02-07,LAB_CR_EUR,106.5195698346
2023-02-08,LAB_CR_EUR,107.2624997595
2023-02-09,LAB_CR_EUR,107.6398566457
2023-02-10,LAB_CR_EUR,107.5075321466
2023-02-13,LAB_CR_EUR,106.7154968697
2023-02-14,LAB_CR_EUR,106.7174939187
2023-02-15,LAB_CR_EUR,107.6380956177
2023-02-16,LAB_CR_EUR,107.3326983807
2023-02-17,LAB_CR_EUR,106.5612097717
2023-02-20,LAB_CR_EUR,106.1938176775
2023-02-21,LAB_CR_EUR,106.8105741713
2023-02-22,LAB_CR_EUR,106.6006536703
2023-02-23,LAB_CR_EUR,106.0673375289
2023-02-24,LAB_CR_EUR,105.9716885611
2023-02-27,LAB_CR_EUR,106.1320350593
2023-02-28,LAB_CR_EUR,106.5188161518
2023-03-01,LAB_CR_EUR,106.0810361710
2023-03-02,LAB_CR_EUR,105.8007758300
2023-03-03,LAB_CR_EUR,105.9992546274
2023-03-06,LAB_CR_EUR,106.3408676218
2023-03-07,LAB_CR_EUR,106.0509786045
2023-03-08,LAB_CR_EUR,106.1798244125
2023-03-09,LAB_CR_EUR,105.4233741507
2023-03-10,LAB_CR_EUR,105.1317254430
2023-03-13,LAB_CR_EUR,104.6472970732
2023-03-14,LAB_CR_EUR,104.0445074009
2023-03-15,LAB_CR_EUR,103.9733973763
2023-03-16,LAB_CR_EUR,103.4448003965
2023-03-17,LAB_CR_EUR,103.5254000066
2023-03-20,LAB_CR_EUR,104.2430201759
2023-03-21,LAB_CR_EUR,103.9280786777
2023-03-22,LAB_CR_EUR,104.2667566610
2023-03-23,LAB_CR_EUR,104.4811254752
2023-03-24,LAB_CR_EUR,104.0201617461
2023-03-27,LAB_CR_EUR,103.4034918120
2023-03-28,LAB_CR_EUR,103.4620574685
2023-03-29,LAB_CR_EUR,103.4739903407
2023-03-30,LAB_CR_EUR,103.4484572468
2023-03-31,LAB_CR_EUR,103.6500434796
2023-04-03,LAB_CR_EUR,103.9978453837
2023-04-04,LAB_CR_EUR,103.2005720116
2023-04-05,LAB_CR_EUR,103.9418579183
2023-04-06,LAB_CR_EUR,103.9028892586
2023-04-07,LAB_CR_EUR,104.3658824808
2023-04-10,LAB_CR_EUR,104.7196384881
2023-04-11,LAB_CR_EUR,104.4981347351
2023-04-12,LAB_CR_EUR,104.5892836852
2023-04-13,LAB_CR_EUR,103.8555776754
2023-04-14,LAB_CR_EUR,103.1332769282
2023-04-17,LAB_CR_EUR,102.8798871894
2023-04-18,LAB_CR_EUR,103.0298182156
2023-04-19,LAB_CR_EUR,102.4550914404
2023-04-20,LAB_CR_EUR,102.8535657241
2023-04-21,LAB_CR_EUR,102.8146586932
2023-04-24,LAB_CR_EUR,102.7470137753
2023-04-25,LAB_CR_EUR,103.0343573378
2023-04-26,LAB_CR_EUR,102.4248981477
2023-04-27,LAB_CR_EUR,102.4308298014
2023-04-28,LAB_CR_EUR,103.3229139090
2023-05-01,LAB_CR_EUR,103.3903668937
2023-05-02,LAB_CR_EUR,103.3868204852
2023-05-03,LAB_CR_EUR,103.6926517923
2023-05-04,LAB_CR_EUR,103.4326539489
2023-05-05,LAB_CR_EUR,102.8491081179
2023-05-08,LAB_CR_EUR,102.4607852527
2023-05-09,LAB_CR_EUR,102.6486652811
2023-05-10,LAB_CR_EUR,102.2781857215
2023-05-11,LAB_CR_EUR,102.8640138595
2023-05-12,LAB_CR_EUR,102.6805895980
2023-05-15,LAB_CR_EUR,103.2289236168
2023-05-16,LAB_CR_EUR,103.7886617501
2023-05-17,LAB_CR_EUR,103.8415697337
2023-05-18,LAB_CR_EUR,103.7895693245
2023-05-19,LAB_CR_EUR,104.1096015288
2023-05-22,LAB_CR_EUR,104.5663203464
2023-05-23,LAB_CR_EUR,105.0121859005
2023-05-24,LAB_CR_EUR,104.9452987593
2023-05-25,LAB_CR_EUR,105.0301236123
2023-05-26,LAB_CR_EUR,105.3355845397
2023-05-29,LAB_CR_EUR,105.1720672407
2023-05-30,LAB_CR_EUR,105.2771037876
2023-05-31,LAB_CR_EUR,106.1907596237
2023-06-01,LAB_CR_EUR,105.9453568331
2023-06-02,LAB_CR_EUR,105.8733204614
2023-06-05,LAB_CR_EUR,105.6502846376
2023-06-06,LAB_CR_EUR,104.9518841206
2023-06-07,LAB_CR_EUR,104.7308655811
2023-06-08,LAB_CR_EUR,105.4956823836
2023-06-09,LAB_CR_EUR,105.6981977652
2023-06-12,LAB_CR_EUR,105.3995762380
2023-06-13,LAB_CR_EUR,105.2079377254
2023-06-14,LAB_CR_EUR,105.2633589000
2023-06-15,LAB_CR_EUR,104.8989386358
2023-06-16,LAB_CR_EUR,105.1666042404
2023-06-19,LAB_CR_EUR,105.2370665680
2023-06-20,LAB_CR_EUR,105.1329492369
2023-06-21,LAB_CR_EUR,104.7932512536
2023-06-22,LAB_CR_EUR,104.9316977587
2023-06-23,LAB_CR_EUR,104.9752377849
2023-06-26,LAB_CR_EUR,105.4972696741
2023-06-27,LAB_CR_EUR,104.8740003400
2023-06-28,LAB_CR_EUR,104.4146490152
2023-06-29,LAB_CR_EUR,103.7870958320
2023-06-30,LAB_CR_EUR,103.9830456662
2023-07-03,LAB_CR_EUR,104.7285367485
2023-07-04,LAB_CR_EUR,105.1173625854
2023-07-05,LAB_CR_EUR,104.8976344683
2023-07-06,LAB_CR_EUR,105.4158691713
2023-07-07,LAB_CR_EUR,104.9788626176
2023-07-10,LAB_CR_EUR,105.4245909239
2023-07-11,LAB_CR_EUR,105.5156081260
2023-07-12,LAB_CR_EUR,105.1684943752
2023-07-13,LAB_CR_EUR,105.2768840809
2023-07-14,LAB_CR_EUR,105.0490262469
2023-07-17,LAB_CR_EUR,105.0312273969
2023-07-18,LAB_CR_EUR,105.2818122091
2023-07-19,LAB_CR_EUR,104.9971333738
2023-07-20,LAB_CR_EUR,105.2962652458
2023-07-21,LAB_CR_EUR,105.3432681731
2023-07-24,LAB_CR_EUR,105.3911391410
2023-07-25,LAB_CR_EUR,105.2195829469
2023-07-26,LAB_CR_EUR,104.9678902160
2023-07-27,LAB_CR_EUR,104.7368024896
2023-07-28,LAB_CR_EUR,104.8171399492
2023-07-31,LAB_CR_EUR,105.0812105187
2023-08-01,LAB_CR_EUR,105.4600045091
2023-08-02,LAB_CR_EUR,105.6773801645
2023-08-03,LAB_CR_EUR,106.0442968190
2023-08-04,LAB_CR_EUR,105.6977969005
2023-08-07,LAB_CR_EUR,105.9995414578
2023-08-08,LAB_CR_EUR,105.5916467345
2023-08-09,LAB_CR_EUR,105.4010017540
2023-08-10,LAB_CR_EUR,105.2988239645
2023-08-11,LAB_CR_EUR,104.8875485019
2023-08-14,LAB_CR_EUR,104.6760496315
2023-08-15,LAB_CR_EUR,105.1409334947
2023-08-16,LAB_CR_EUR,104.9718396404
2023-08-17,LAB_CR_EUR,105.1932343753
2023-08-18,LAB_CR_EUR,105.3603070987
2023-08-21,LAB_CR_EUR,104.7859906710
2023-08-22,LAB_CR_EUR,105.5240233879
2023-08-23,LAB_CR_EUR,104.9018767386
2023-08-24,LAB_CR_EUR,105.6945189389
2023-08-25,LAB_CR_EUR,105.4558724120
2023-08-28,LAB_CR_EUR,105.5210779833
2023-08-29,LAB_CR_EUR,104.8417984029
2023-08-30,LAB_CR_EUR,104.3603523341
2023-08-31,LAB_CR_EUR,105.0176721994
2023-09-01,LAB_CR_EUR,104.5938732162
2023-09-04,LAB_CR_EUR,104.6145244448
2023-09-05,LAB_CR_EUR,104.6682014054
2023-09-06,LAB_CR_EUR,104.8673629355
2023-09-07,LAB_CR_EUR,104.3498984229
2023-09-08,LAB_CR_EUR,104.8391175618
2023-09-11,LAB_CR_EUR,105.0827926736
2023-09-12,LAB_CR_EUR,104.9478220067
2023-09-13,LAB_CR_EUR,106.0815406173
2023-09-14,LAB_CR_EUR,106.5133873671
2023-09-15,LAB_CR_EUR,106.6033329040
2023-09-18,LAB_CR_EUR,106.1561706041
2023-09-19,LAB_CR_EUR,105.2527050813
2023-09-20,LAB_CR_EUR,105.4713364276
2023-09-21,LAB_CR_EUR,104.6304928785
2023-09-22,LAB_CR_EUR,104.5361018580
2023-09-25,LAB_CR_EUR,104.1475291680
2023-09-26,LAB_CR_EUR,103.3957885403
2023-09-27,LAB_CR_EUR,102.5022536799
2023-09-28,LAB_CR_EUR,102.7835884566
2023-09-29,LAB_CR_EUR,102.6026808263
2023-10-02,LAB_CR_EUR,102.6537541821
2023-10-03,LAB_CR_EUR,102.8991979760
2023-10-04,LAB_CR_EUR,102.9550489038
2023-10-05,LAB_CR_EUR,102.5130771635
2023-10-06,LAB_CR_EUR,102.4607392103
2023-10-09,LAB_CR_EUR,102.1983715079
2023-10-10,LAB_CR_EUR,101.8613646412
2023-10-11,LAB_CR_EUR,102.1983525830
2023-10-12,LAB_CR_EUR,102.4454011686
2023-10-13,LAB_CR_EUR,103.0478724529
2023-10-16,LAB_CR_EUR,102.6166371757
2023-10-17,LAB_CR_EUR,102.2534761711
2023-10-18,LAB_CR_EUR,102.7461018984
2023-10-19,LAB_CR_EUR,102.7283843923
2023-10-20,LAB_CR_EUR,102.8607270980
2023-10-23,LAB_CR_EUR,103.4075936370
2023-10-24,LAB_CR_EUR,103.1866643100
2023-10-25,LAB_CR_EUR,102.9524401413
2023-10-26,LAB_CR_EUR,102.8986305899
2023-10-27,LAB_CR_EUR,103.2570732309
2023-10-30,LAB_CR_EUR,103.1599523400
2023-10-31,LAB_CR_EUR,103.2722931059
2023-11-01,LAB_CR_EUR,103.3356953561
2023-11-02,LAB_CR_EUR,103.4550766284
2023-11-03,LAB_CR_EUR,102.7718904642
2023-11-06,LAB_CR_EUR,103.0836729744
2023-11-07,LAB_CR_EUR,102.6503239781
2023-11-08,LAB_CR_EUR,102.8721796613
2023-11-09,LAB_CR_EUR,102.7632646512
2023-11-10,LAB_CR_EUR,103.6940996768
2023-11-13,LAB_CR_EUR,103.9311512959
2023-11-14,LAB_CR_EUR,103.5361684763
2023-11-15,LAB_CR_EUR,102.8196380982
2023-11-16,LAB_CR_EUR,102.2731238703
2023-11-17,LAB_CR_EUR,102.4714642432
2023-11-20,LAB_CR_EUR,103.0121816522
2023-11-21,LAB_CR_EUR,103.6481413318
2023-11-22,LAB_CR_EUR,103.5317548352
2023-11-23,LAB_CR_EUR,103.4008278436
2023-11-24,LAB_CR_EUR,103.5739313364
2023-11-27,LAB_CR_EUR,103.4227659327
2023-11-28,LAB_CR_EUR,103.0636877580
2023-11-29,LAB_CR_EUR,102.3988475940
2023-11-30,LAB_CR_EUR,102.2290895974
2023-12-01,LAB_CR_EUR,101.8231078060
2023-12-04,LAB_CR_EUR,101.5204631937
2023-12-05,LAB_CR_EUR,101.7069456929
2023-12-06,LAB_CR_EUR,101.9589357826
2023-12-07,LAB_CR_EUR,102.8426562901
2023-12-08,LAB_CR_EUR,102.6307674859
2023-12-11,LAB_CR_EUR,102.7316049597
2023-12-12,LAB_CR_EUR,102.5772810477
2023-12-13,LAB_CR_EUR,102.3191497604
2023-12-14,LAB_CR_EUR,102.8447492574
2023-12-15,LAB_CR_EUR,103.3806965915
2023-12-18,LAB_CR_EUR,103.6737127948
2023-12-19,LAB_CR_EUR,103.8499105792
2023-12-20,LAB_CR_EUR,103.8028303575
2023-12-21,LAB_CR_EUR,104.3775781047
2023-12-22,LAB_CR_EUR,104.9429869197
2023-12-25,LAB_CR_EUR,104.0158362303
2023-12-26,LAB_CR_EUR,103.9689986390
2023-12-27,LAB_CR_EUR,104.3272767671
2023-12-28,LAB_CR_EUR,104.5819595008
2023-12-29,LAB_CR_EUR,105.0990861777
2024-01-01,LAB_CR_EUR,104.8188315079
2024-01-02,LAB_CR_EUR,105.1011882643
2024-01-03,LAB_CR_EUR,105.1422616015
2024-01-04,LAB_CR_EUR,105.5909980191
2024-01-05,LAB_CR_EUR,105.3367693923
2024-01-08,LAB_CR_EUR,105.1594108611
2024-01-09,LAB_CR_EUR,104.9711042804
2024-01-10,LAB_CR_EUR,104.8260441901
2024-01-11,LAB_CR_EUR,105.2643400623
2024-01-12,LAB_CR_EUR,105.4871196913
2024-01-15,LAB_CR_EUR,105.5205497160
2024-01-16,LAB_CR_EUR,105.4214408912
2024-01-17,LAB_CR_EUR,105.9524514589
2024-01-18,LAB_CR_EUR,106.0788212271
2024-01-19,LAB_CR_EUR,106.0198280598
2024-01-22,LAB_CR_EUR,106.3966708669
2024-01-23,LAB_CR_EUR,106.7162391400
2024-01-24,LAB_CR_EUR,106.6726854057
2024-01-25,LAB_CR_EUR,107.8390673939
2024-01-26,LAB_CR_EUR,108.3949359568
2024-01-29,LAB_CR_EUR,107.5823809115
2024-01-30,LAB_CR_EUR,107.9021041338
2024-01-31,LAB_CR_EUR,108.0632118315
2024-02-01,LAB_CR_EUR,108.1349956291
2024-02-02,LAB_CR_EUR,107.2491958420
2024-02-05,LAB_CR_EUR,106.7646905523
2024-02-06,LAB_CR_EUR,106.6706524651
2024-02-07,LAB_CR_EUR,106.3743247679
2024-02-08,LAB_CR_EUR,107.2590703718
2024-02-09,LAB_CR_EUR,107.3395583228
2024-02-12,LAB_CR_EUR,105.8630480033
2024-02-13,LAB_CR_EUR,105.4792794307
2024-02-14,LAB_CR_EUR,105.1580647363
2024-02-15,LAB_CR_EUR,105.2729095942
2024-02-16,LAB_CR_EUR,105.4557232454
2024-02-19,LAB_CR_EUR,106.2726363589
2024-02-20,LAB_CR_EUR,106.2911509950
2024-02-21,LAB_CR_EUR,106.8555571480
2024-02-22,LAB_CR_EUR,107.3252421997
2024-02-23,LAB_CR_EUR,107.0318643838
2024-02-26,LAB_CR_EUR,106.8168180235
2024-02-27,LAB_CR_EUR,106.9841283237
2024-02-28,LAB_CR_EUR,107.5416998966
2024-02-29,LAB_CR_EUR,107.3175788324
2024-03-01,LAB_CR_EUR,107.5402553010
2024-03-04,LAB_CR_EUR,107.8575601572
2024-03-05,LAB_CR_EUR,107.9448806014
2024-03-06,LAB_CR_EUR,108.0105196773
2024-03-07,LAB_CR_EUR,108.4867277141
2024-03-08,LAB_CR_EUR,108.9246217537
2024-03-11,LAB_CR_EUR,108.2747484372
2024-03-12,LAB_CR_EUR,107.9490735538
2024-03-13,LAB_CR_EUR,107.7745287832
2024-03-14,LAB_CR_EUR,108.1067110845
2024-03-15,LAB_CR_EUR,108.5245901078
2024-03-18,LAB_CR_EUR,108.9969535334
2024-03-19,LAB_CR_EUR,108.1707657725
2024-03-20,LAB_CR_EUR,107.9919234097
2024-03-21,LAB_CR_EUR,107.8714805813
2024-03-22,LAB_CR_EUR,108.4098519124
2024-03-25,LAB_CR_EUR,108.2347854954
2024-03-26,LAB_CR_EUR,107.7134378621
2024-03-27,LAB_CR_EUR,107.4597499654
2024-03-28,LAB_CR_EUR,107.7520441002
2024-03-29,LAB_CR_EUR,107.6162304401
2024-04-01,LAB_CR_EUR,107.5530180838
2024-04-02,LAB_CR_EUR,107.1698149025
2024-04-03,LAB_CR_EUR,107.0762221186
2024-04-04,LAB_CR_EUR,107.2213448957
2024-04-05,LAB_CR_EUR,107.5116564306
2024-04-08,LAB_CR_EUR,107.4975391463
2024-04-09,LAB_CR_EUR,107.2287650141
2024-04-10,LAB_CR_EUR,107.3177551403
2024-04-11,LAB_CR_EUR,107.5472849405
2024-04-12,LAB_CR_EUR,107.6587830230
2024-04-15,LAB_CR_EUR,107.8010327807
2024-04-16,LAB_CR_EUR,108.4091881946
2024-04-17,LAB_CR_EUR,108.6887412045
2024-04-18,LAB_CR_EUR,108.7027207744
2024-04-19,LAB_CR_EUR,108.5716327396
2024-04-22,LAB_CR_EUR,108.1569195691
2024-04-23,LAB_CR_EUR,108.0684393440
2024-04-24,LAB_CR_EUR,107.7694456446
2024-04-25,LAB_CR_EUR,107.7244852180
2024-04-26,LAB_CR_EUR,107.9347260669
2024-04-29,LAB_CR_EUR,107.8305185265
2024-04-30,LAB_CR_EUR,107.1435808735
2024-05-01,LAB_CR_EUR,107.0183249172
2024-05-02,LAB_CR_EUR,107.4312221430
2024-05-03,LAB_CR_EUR,108.2408692709
2024-05-06,LAB_CR_EUR,108.6251643520
2024-05-07,LAB_CR_EUR,108.5224611148
2024-05-08,LAB_CR_EUR,108.8754221866
2024-05-09,LAB_CR_EUR,108.8345973925
2024-05-10,LAB_CR_EUR,108.6534954135
2024-05-13,LAB_CR_EUR,108.4643269791
2024-05-14,LAB_CR_EUR,108.5036656272
2024-05-15,LAB_CR_EUR,108.1353076952
2024-05-16,LAB_CR_EUR,107.5538177590
2024-05-17,LAB_CR_EUR,108.2070290442
2024-05-20,LAB_CR_EUR,108.0795573443
2024-05-21,LAB_CR_EUR,107.8744140464
2024-05-22,LAB_CR_EUR,108.6840649676
2024-05-23,LAB_CR_EUR,109.2938775554
2024-05-24,LAB_CR_EUR,108.4024081243
2024-05-27,LAB_CR_EUR,108.4486987134
2024-05-28,LAB_CR_EUR,108.6962717740
2024-05-29,LAB_CR_EUR,108.3526749780
2024-05-30,LAB_CR_EUR,108.2340759366
2024-05-31,LAB_CR_EUR,108.7725685838
2024-06-03,LAB_CR_EUR,109.3682975810
2024-06-04,LAB_CR_EUR,109.4419530129
2024-06-05,LAB_CR_EUR,109.5233785364
2024-06-06,LAB_CR_EUR,109.5988930072
2024-06-07,LAB_CR_EUR,110.1576552068
2024-06-10,LAB_CR_EUR,109.2137597416
2024-06-11,LAB_CR_EUR,109.9110705706
2024-06-12,LAB_CR_EUR,110.5701517450
2024-06-13,LAB_CR_EUR,111.6840478758
2024-06-14,LAB_CR_EUR,112.0340284972
2024-06-17,LAB_CR_EUR,111.4733775868
2024-06-18,LAB_CR_EUR,111.3792102746
2024-06-19,LAB_CR_EUR,111.7180703530
2024-06-20,LAB_CR_EUR,112.6320561526
2024-06-21,LAB_CR_EUR,112.7649873133
2024-06-24,LAB_CR_EUR,112.7661267583
2024-06-25,LAB_CR_EUR,112.6355078094
2024-06-26,LAB_CR_EUR,112.3274893547
2024-06-27,LAB_CR_EUR,112.1729744781
2024-06-28,LAB_CR_EUR,112.6188318493
2024-07-01,LAB_CR_EUR,112.1946404029
2024-07-02,LAB_CR_EUR,111.9053537783
2024-07-03,LAB_CR_EUR,112.2109766192
2024-07-04,LAB_CR_EUR,111.6925488687
2024-07-05,LAB_CR_EUR,111.2638618110
2024-07-08,LAB_CR_EUR,111.3878098535
2024-07-09,LAB_CR_EUR,111.5294534388
2024-07-10,LAB_CR_EUR,111.6015564295
2024-07-11,LAB_CR_EUR,111.3704029166
2024-07-12,LAB_CR_EUR,111.6093643508
2024-07-15,LAB_CR_EUR,111.1702622500
2024-07-16,LAB_CR_EUR,110.8431464844
2024-07-17,LAB_CR_EUR,110.1040505767
2024-07-18,LAB_CR_EUR,110.5247072156
2024-07-19,LAB_CR_EUR,110.1527460744
2024-07-22,LAB_CR_EUR,110.0554004613
2024-07-23,LAB_CR_EUR,109.9495860492
2024-07-24,LAB_CR_EUR,109.0444604501
2024-07-25,LAB_CR_EUR,109.0437770419
2024-07-26,LAB_CR_EUR,109.0861231758
2024-07-29,LAB_CR_EUR,108.8543668007
2024-07-30,LAB_CR_EUR,108.7174129103
2024-07-31,LAB_CR_EUR,108.4399638160
2024-08-01,LAB_CR_EUR,108.4749865331
2024-08-02,LAB_CR_EUR,108.4417984002
2024-08-05,LAB_CR_EUR,109.3408091060
2024-08-06,LAB_CR_EUR,109.2328300924
2024-08-07,LAB_CR_EUR,109.1836337347
2024-08-08,LAB_CR_EUR,109.5041028814
2024-08-09,LAB_CR_EUR,110.0934739179
2024-08-12,LAB_CR_EUR,109.0871520108
2024-08-13,LAB_CR_EUR,109.2444250706
2024-08-14,LAB_CR_EUR,109.5858555727
2024-08-15,LAB_CR_EUR,109.5484082810
2024-08-16,LAB_CR_EUR,109.3704825683
2024-08-19,LAB_CR_EUR,108.4873459649
2024-08-20,LAB_CR_EUR,108.8353589848
2024-08-21,LAB_CR_EUR,108.3282608571
2024-08-22,LAB_CR_EUR,108.0279111368
2024-08-23,LAB_CR_EUR,108.2937055569
2024-08-26,LAB_CR_EUR,107.7028628754
2024-08-27,LAB_CR_EUR,108.0175047582
2024-08-28,LAB_CR_EUR,107.8815998004
2024-08-29,LAB_CR_EUR,108.3324761746
2024-08-30,LAB_CR_EUR,108.2904706068
2024-09-02,LAB_CR_EUR,108.2786589729
2024-09-03,LAB_CR_EUR,107.7406345287
2024-09-04,LAB_CR_EUR,108.0143659640
2024-09-05,LAB_CR_EUR,108.0042268509
2024-09-06,LAB_CR_EUR,107.4991085079
2024-09-09,LAB_CR_EUR,107.2313366731
2024-09-10,LAB_CR_EUR,106.3395778399
2024-09-11,LAB_CR_EUR,106.2628906968
2024-09-12,LAB_CR_EUR,106.6387387111
2024-09-13,LAB_CR_EUR,107.1573719787
2024-09-16,LAB_CR_EUR,107.3743782477
2024-09-17,LAB_CR_EUR,106.9116715489
2024-09-18,LAB_CR_EUR,106.6953826264
2024-09-19,LAB_CR_EUR,106.3348506836
2024-09-20,LAB_CR_EUR,106.2801953406
2024-09-23,LAB_CR_EUR,105.7072350622
2024-09-24,LAB_CR_EUR,104.7385436951
2024-09-25,LAB_CR_EUR,104.6836031744
2024-09-26,LAB_CR_EUR,105.1252660592
2024-09-27,LAB_CR_EUR,105.4893607807
2024-09-30,LAB_CR_EUR,105.0030748584
2024-10-01,LAB_CR_EUR,105.4836898098
2024-10-02,LAB_CR_EUR,105.5650863046
2024-10-03,LAB_CR_EUR,105.5078011297
2024-10-04,LAB_CR_EUR,105.6715307928
2024-10-07,LAB_CR_EUR,105.4695230071
2024-10-08,LAB_CR_EUR,106.0728652761
2024-10-09,LAB_CR_EUR,105.7915079550
2024-10-10,LAB_CR_EUR,105.6794821140
2024-10-11,LAB_CR_EUR,105.4405338805
2024-10-14,LAB_CR_EUR,105.7616887165
2024-10-15,LAB_CR_EUR,105.5393092137
2024-10-16,LAB_CR_EUR,105.4233696255
2024-10-17,LAB_CR_EUR,105.7645421093
2024-10-18,LAB_CR_EUR,106.2343242439
2024-10-21,LAB_CR_EUR,105.8079263015
2024-10-22,LAB_CR_EUR,106.3362494038
2024-10-23,LAB_CR_EUR,105.7842723145
2024-10-24,LAB_CR_EUR,106.2451872739
2024-10-25,LAB_CR_EUR,105.6207146358
2024-10-28,LAB_CR_EUR,106.0092418325
2024-10-29,LAB_CR_EUR,105.7419705001
2024-10-30,LAB_CR_EUR,104.7495839615
2024-10-31,LAB_CR_EUR,104.4826992188
2024-11-01,LAB_CR_EUR,104.3038599331
2024-11-04,LAB_CR_EUR,104.7118320403
2024-11-05,LAB_CR_EUR,104.8044699334
2024-11-06,LAB_CR_EUR,103.7554980563
2024-11-07,LAB_CR_EUR,104.0388754031
2024-11-08,LAB_CR_EUR,104.5427886359
2024-11-11,LAB_CR_EUR,104.6848470309
2024-11-12,LAB_CR_EUR,104.4558739881
2024-11-13,LAB_CR_EUR,103.6611513150
2024-11-14,LAB_CR_EUR,103.7508510405
2024-11-15,LAB_CR_EUR,103.8920295202
2024-11-18,LAB_CR_EUR,103.7407886763
2024-11-19,LAB_CR_EUR,104.1986243552
2024-11-20,LAB_CR_EUR,104.3048315701
2024-11-21,LAB_CR_EUR,104.3670337913
2024-11-22,LAB_CR_EUR,104.8760522948
2024-11-25,LAB_CR_EUR,104.8118644993
2024-11-26,LAB_CR_EUR,104.6635827609
2024-11-27,LAB_CR_EUR,104.2927348396
2024-11-28,LAB_CR_EUR,103.7963400577
2024-11-29,LAB_CR_EUR,103.8677895933
2024-12-02,LAB_CR_EUR,103.6158792281
2024-12-03,LAB_CR_EUR,103.4205024781
2024-12-04,LAB_CR_EUR,103.0760256109
2024-12-05,LAB_CR_EUR,102.8142722050
2024-12-06,LAB_CR_EUR,102.4277050514
2024-12-09,LAB_CR_EUR,101.8456541007
2024-12-10,LAB_CR_EUR,101.9910445071
2024-12-11,LAB_CR_EUR,101.9552598665
2024-12-12,LAB_CR_EUR,101.7816705528
2024-12-13,LAB_CR_EUR,101.4297592548
2024-12-16,LAB_CR_EUR,101.9496696228
2024-12-17,LAB_CR_EUR,101.8892414908
2024-12-18,LAB_CR_EUR,101.6755449857
2024-12-19,LAB_CR_EUR,101.3118510517
2024-12-20,LAB_CR_EUR,101.7539957328
2024-12-23,LAB_CR_EUR,101.9560545446
2024-12-24,LAB_CR_EUR,101.9704582919
2024-12-25,LAB_CR_EUR,102.0563152059
2024-12-26,LAB_CR_EUR,102.1064328183
2024-12-27,LAB_CR_EUR,101.6091167781
2024-12-30,LAB_CR_EUR,101.6409243190
2024-12-31,LAB_CR_EUR,102.2751474287
2025-01-01,LAB_CR_EUR,101.9464420171
2025-01-02,LAB_CR_EUR,101.6910898284
2025-01-03,LAB_CR_EUR,101.4273466565
2025-01-06,LAB_CR_EUR,101.1403481629
2025-01-07,LAB_CR_EUR,101.0104766976
2025-01-08,LAB_CR_EUR,101.3281471577
2025-01-09,LAB_CR_EUR,101.5579951176
2025-01-10,LAB_CR_EUR,101.7196174886
2025-01-13,LAB_CR_EUR,101.4293168934
2025-01-14,LAB_CR_EUR,100.9414249525
2025-01-15,LAB_CR_EUR,101.0947715955
2025-01-16,LAB_CR_EUR,100.1920920769
2025-01-17,LAB_CR_EUR,99.8020561309
2025-01-20,LAB_CR_EUR,100.0148493872
2025-01-21,LAB_CR_EUR,100.3467356367
2025-01-22,LAB_CR_EUR,100.2477959315
2025-01-23,LAB_CR_EUR,101.1276370304
2025-01-24,LAB_CR_EUR,101.2462830349
2025-01-27,LAB_CR_EUR,101.1593626138
2025-01-28,LAB_CR_EUR,101.6330156028
2025-01-29,LAB_CR_EUR,101.4635130330
2025-01-30,LAB_CR_EUR,100.8670383106
2025-01-31,LAB_CR_EUR,101.2849931326
2025-02-03,LAB_CR_EUR,101.5517238124
2025-02-04,LAB_CR_EUR,101.8396862658
2025-02-05,LAB_CR_EUR,102.7566389034
2025-02-06,LAB_CR_EUR,102.6142692637
2025-02-07,LAB_CR_EUR,103.1009349440
2025-02-10,LAB_CR_EUR,103.0743098149
2025-02-11,LAB_CR_EUR,103.0362868410
2025-02-12,LAB_CR_EUR,102.4769694283
2025-02-13,LAB_CR_EUR,102.9393924809
2025-02-14,LAB_CR_EUR,102.4065533645
2025-02-17,LAB_CR_EUR,102.4455246329
2025-02-18,LAB_CR_EUR,102.8860128370
2025-02-19,LAB_CR_EUR,103.6336819851
2025-02-20,LAB_CR_EUR,103.3052445623
2025-02-21,LAB_CR_EUR,102.5836904286
2025-02-24,LAB_CR_EUR,102.2170535011
2025-02-25,LAB_CR_EUR,102.1818024384
2025-02-26,LAB_CR_EUR,101.8011015801
2025-02-27,LAB_CR_EUR,101.6374692113
2025-02-28,LAB_CR_EUR,102.1991437767
2025-03-03,LAB_CR_EUR,102.0367261625
2025-03-04,LAB_CR_EUR,102.0489832349
2025-03-05,LAB_CR_EUR,101.0578127578
2025-03-06,LAB_CR_EUR,100.6742758323
2025-03-07,LAB_CR_EUR,100.8328468201
2025-03-10,LAB_CR_EUR,100.4234638586
2025-03-11,LAB_CR_EUR,100.4954264276
2025-03-12,LAB_CR_EUR,100.1414310888
2025-03-13,LAB_CR_EUR,100.3394142719
2025-03-14,LAB_CR_EUR,100.7237976286
2025-03-17,LAB_CR_EUR,101.1769282911
2025-03-18,LAB_CR_EUR,100.7178131757
2025-03-19,LAB_CR_EUR,100.5220064727
2025-03-20,LAB_CR_EUR,99.9524482289
2025-03-21,LAB_CR_EUR,99.4132026876
2025-03-24,LAB_CR_EUR,99.4968509080
2025-03-25,LAB_CR_EUR,99.1345318756
2025-03-26,LAB_CR_EUR,98.3858204923
2025-03-27,LAB_CR_EUR,97.8915653199
2025-03-28,LAB_CR_EUR,98.3163124503
2025-03-31,LAB_CR_EUR,98.3094106673
2025-04-01,LAB_CR_EUR,97.9082658186
2025-04-02,LAB_CR_EUR,98.3288544787
2025-04-03,LAB_CR_EUR,98.2634433870
2025-04-04,LAB_CR_EUR,99.2473322330
2025-04-07,LAB_CR_EUR,99.1645865363
2025-04-08,LAB_CR_EUR,99.4673900437
2025-04-09,LAB_CR_EUR,99.3632834532
2025-04-10,LAB_CR_EUR,99.4579676523
2025-04-11,LAB_CR_EUR,99.1993044194
2025-04-14,LAB_CR_EUR,98.8826837093
2025-04-15,LAB_CR_EUR,98.6650114523
2025-04-16,LAB_CR_EUR,98.8107626036
2025-04-17,LAB_CR_EUR,98.6210848876
2025-04-18,LAB_CR_EUR,98.6303118042
2025-04-21,LAB_CR_EUR,98.3601923933
2025-04-22,LAB_CR_EUR,98.2716922979
2025-04-23,LAB_CR_EUR,98.0456078263
2025-04-24,LAB_CR_EUR,97.7795313669
2025-04-25,LAB_CR_EUR,97.5103219633
2025-04-28,LAB_CR_EUR,97.5066070808
2025-04-29,LAB_CR_EUR,97.5740736758
2025-04-30,LAB_CR_EUR,97.7175984237
2025-05-01,LAB_CR_EUR,98.3149505348
2025-05-02,LAB_CR_EUR,98.4239055276
2025-05-05,LAB_CR_EUR,98.8996436230
2025-05-06,LAB_CR_EUR,99.3105747551
2025-05-07,LAB_CR_EUR,99.4079952798
2025-05-08,LAB_CR_EUR,99.5050868566
2025-05-09,LAB_CR_EUR,99.7403110917
2025-05-12,LAB_CR_EUR,99.6171483734
2025-05-13,LAB_CR_EUR,99.2748731017
2025-05-14,LAB_CR_EUR,99.4024000116
2025-05-15,LAB_CR_EUR,99.8830899855
2025-05-16,LAB_CR_EUR,99.5764465055
2025-05-19,LAB_CR_EUR,100.5345823349
2025-05-20,LAB_CR_EUR,100.1188493126
2025-05-21,LAB_CR_EUR,99.5983618908
2025-05-22,LAB_CR_EUR,98.4809477522
2025-05-23,LAB_CR_EUR,98.7869094532
2025-05-26,LAB_CR_EUR,98.2872895596
2025-05-27,LAB_CR_EUR,98.7675645377
2025-05-28,LAB_CR_EUR,98.6306916550
2025-05-29,LAB_CR_EUR,98.8140623620
2025-05-30,LAB_CR_EUR,98.5675081889
2025-06-02,LAB_CR_EUR,98.6984692064
2025-06-03,LAB_CR_EUR,99.2095562441
2025-06-04,LAB_CR_EUR,98.8881651163
2025-06-05,LAB_CR_EUR,98.8436103811
2025-06-06,LAB_CR_EUR,98.4216138172
2025-06-09,LAB_CR_EUR,98.6445392068
2025-06-10,LAB_CR_EUR,97.9098476170
2025-06-11,LAB_CR_EUR,98.0333499896
2025-06-12,LAB_CR_EUR,98.1324003924
2025-06-13,LAB_CR_EUR,98.5554391485
2025-06-16,LAB_CR_EUR,98.7294284565
2025-06-17,LAB_CR_EUR,98.4472753814
2025-06-18,LAB_CR_EUR,98.6395298454
2025-06-19,LAB_CR_EUR,97.8639525068
2025-06-20,LAB_CR_EUR,97.9854464060
2025-06-23,LAB_CR_EUR,97.4976086537
2025-06-24,LAB_CR_EUR,97.1204188062
2025-06-25,LAB_CR_EUR,96.8324717735
2025-06-26,LAB_CR_EUR,97.0046248019
2025-06-27,LAB_CR_EUR,97.1892989109
2025-06-30,LAB_CR_EUR,97.2829433004
2025-07-01,LAB_CR_EUR,96.8203971878
2025-07-02,LAB_CR_EUR,97.2077503078
2025-07-03,LAB_CR_EUR,98.0556248679
2025-07-04,LAB_CR_EUR,98.8358571885
2025-07-07,LAB_CR_EUR,98.5074549259
2025-07-08,LAB_CR_EUR,98.3068734503
2025-07-09,LAB_CR_EUR,98.8382191370
2025-07-10,LAB_CR_EUR,99.2759890018
2025-07-11,LAB_CR_EUR,99.3737657393
2025-07-14,LAB_CR_EUR,98.8866746854
2025-07-15,LAB_CR_EUR,99.2873904527
2025-07-16,LAB_CR_EUR,99.5129571530
2025-07-17,LAB_CR_EUR,98.9633266758
2025-07-18,LAB_CR_EUR,98.9231165688
2025-07-21,LAB_CR_EUR,99.3324201311
2025-07-22,LAB_CR_EUR,98.9467411423
2025-07-23,LAB_CR_EUR,98.6498176733
2025-07-24,LAB_CR_EUR,98.7753913034
2025-07-25,LAB_CR_EUR,99.2892703390
2025-07-28,LAB_CR_EUR,99.6303182785
2025-07-29,LAB_CR_EUR,99.8670281252
2025-07-30,LAB_CR_EUR,100.1799967012
2025-07-31,LAB_CR_EUR,100.5351564950
2025-08-01,LAB_CR_EUR,100.6365911005
2025-08-04,LAB_CR_EUR,100.6903782592
2025-08-05,LAB_CR_EUR,101.4245665705
2025-08-06,LAB_CR_EUR,101.1954808604
2025-08-07,LAB_CR_EUR,100.8993179389
2025-08-08,LAB_CR_EUR,100.8221313352
2025-08-11,LAB_CR_EUR,100.5296382391
2025-08-12,LAB_CR_EUR,100.2091357122
2025-08-13,LAB_CR_EUR,99.8908876861
2025-08-14,LAB_CR_EUR,99.9856659450
2025-08-15,LAB_CR_EUR,100.1735238610
2025-08-18,LAB_CR_EUR,100.2469072458
2025-08-19,LAB_CR_EUR,99.8182082339
2025-08-20,LAB_CR_EUR,100.4682080429
2025-08-21,LAB_CR_EUR,101.0250845772
2025-08-22,LAB_CR_EUR,100.8535091467
2025-08-25,LAB_CR_EUR,100.8108276235
2025-08-26,LAB_CR_EUR,100.6999585519
2025-08-27,LAB_CR_EUR,100.1213126100
2025-08-28,LAB_CR_EUR,99.7755123153
2025-08-29,LAB_CR_EUR,100.5059289179
2025-09-01,LAB_CR_EUR,100.4729059136
2025-09-02,LAB_CR_EUR,101.3829291968
2025-09-03,LAB_CR_EUR,101.6508687270
2025-09-04,LAB_CR_EUR,101.1653790900
2025-09-05,LAB_CR_EUR,100.5946724864
2025-09-08,LAB_CR_EUR,100.0237756297
2025-09-09,LAB_CR_EUR,100.4371656204
2025-09-10,LAB_CR_EUR,100.6551058919
2025-09-11,LAB_CR_EUR,100.2760211903
2025-09-12,LAB_CR_EUR,99.5740466808
2025-09-15,LAB_CR_EUR,100.1662246382
2025-09-16,LAB_CR_EUR,100.3339153729
2025-09-17,LAB_CR_EUR,100.3784765226
2025-09-18,LAB_CR_EUR,100.7764758218
2025-09-19,LAB_CR_EUR,101.4484558518
2025-09-22,LAB_CR_EUR,102.1641368087
2025-09-23,LAB_CR_EUR,102.2713572122
2025-09-24,LAB_CR_EUR,102.8786043024
2025-09-25,LAB_CR_EUR,102.8050224883
2025-09-26,LAB_CR_EUR,102.5378486521
2025-09-29,LAB_CR_EUR,101.8364593496
2025-09-30,LAB_CR_EUR,101.7764710322
2025-10-01,LAB_CR_EUR,101.4071827968
2025-10-02,LAB_CR_EUR,101.4283181878
2025-10-03,LAB_CR_EUR,101.6085655123
2025-10-06,LAB_CR_EUR,102.0117200115
2025-10-07,LAB_CR_EUR,102.1079174224
2025-10-08,LAB_CR_EUR,102.4365604790
2025-10-09,LAB_CR_EUR,102.1465417912
2025-10-10,LAB_CR_EUR,102.9028921333
2025-10-13,LAB_CR_EUR,102.5675412381
2025-10-14,LAB_CR_EUR,103.0342354145
2025-10-15,LAB_CR_EUR,103.5922003310
2025-10-16,LAB_CR_EUR,104.5075036769
2025-10-17,LAB_CR_EUR,104.0723354973
2025-10-20,LAB_CR_EUR,103.2528187181
2025-10-21,LAB_CR_EUR,102.8702433597
2025-10-22,LAB_CR_EUR,102.8462393633
2025-10-23,LAB_CR_EUR,102.6473259209
2025-10-24,LAB_CR_EUR,102.9586738090
2025-10-27,LAB_CR_EUR,102.4625790691
2025-10-28,LAB_CR_EUR,102.1142184659
2025-10-29,LAB_CR_EUR,102.1596010948
2025-10-30,LAB_CR_EUR,102.3092083249
2025-10-31,LAB_CR_EUR,102.1200218601
2025-11-03,LAB_CR_EUR,102.7509226216
2025-11-04,LAB_CR_EUR,103.5878412915
2025-11-05,LAB_CR_EUR,103.7184914849
2025-11-06,LAB_CR_EUR,103.5245592411
2025-11-07,LAB_CR_EUR,103.7777409103
2025-11-10,LAB_CR_EUR,103.9809635417
2025-11-11,LAB_CR_EUR,104.3615813274
2025-11-12,LAB_CR_EUR,104.7457051886
2025-11-13,LAB_CR_EUR,104.7036871686
2025-11-14,LAB_CR_EUR,104.1971334866
2025-11-17,LAB_CR_EUR,104.0204864758
2025-11-18,LAB_CR_EUR,103.5371064289
2025-11-19,LAB_CR_EUR,103.4919085073
2025-11-20,LAB_CR_EUR,102.9308417770
2025-11-21,LAB_CR_EUR,103.7024945547
2025-11-24,LAB_CR_EUR,103.0833902723
2025-11-25,LAB_CR_EUR,103.0515953623
2025-11-26,LAB_CR_EUR,102.3786129407
2025-11-27,LAB_CR_EUR,102.3355554263
2025-11-28,LAB_CR_EUR,102.7062303066
2025-12-01,LAB_CR_EUR,103.3013296602
2025-12-02,LAB_CR_EUR,103.5856627503
2025-12-03,LAB_CR_EUR,103.0766584468
2025-12-04,LAB_CR_EUR,103.8523030490
2025-12-05,LAB_CR_EUR,103.8894266842
2025-12-08,LAB_CR_EUR,103.7049778805
2025-12-09,LAB_CR_EUR,103.0908671832
2025-12-10,LAB_CR_EUR,102.2652350586
2025-12-11,LAB_CR_EUR,101.9391575259
2025-12-12,LAB_CR_EUR,102.2342857313
2025-12-15,LAB_CR_EUR,102.8340471672
2025-12-16,LAB_CR_EUR,103.4405985073
2025-12-17,LAB_CR_EUR,103.4921335018
2025-12-18,LAB_CR_EUR,104.2803562413
2025-12-19,LAB_CR_EUR,103.8323630468
2025-12-22,LAB_CR_EUR,103.9025221718
2025-12-23,LAB_CR_EUR,103.8004636267
2025-12-24,LAB_CR_EUR,104.2641431679
2025-12-25,LAB_CR_EUR,104.3310493997
2025-12-26,LAB_CR_EUR,104.5884965335
2025-12-29,LAB_CR_EUR,104.5283776787
2025-12-30,LAB_CR_EUR,104.4091776308
2025-12-31,LAB_CR_EUR,104.3622735413
2021-01-04,LAB_CR_USD,96.0000000000
2021-01-05,LAB_CR_USD,95.3166016111
2021-01-06,LAB_CR_USD,95.5187049159
2021-01-07,LAB_CR_USD,94.6609729961
2021-01-08,LAB_CR_USD,94.6116465129
2021-01-11,LAB_CR_USD,94.5729279054
2021-01-12,LAB_CR_USD,94.3185905360
2021-01-13,LAB_CR_USD,94.1813774666
2021-01-14,LAB_CR_USD,94.8252106667
2021-01-15,LAB_CR_USD,94.7334120319
2021-01-18,LAB_CR_USD,94.1130198975
2021-01-19,LAB_CR_USD,93.8900235553
2021-01-20,LAB_CR_USD,93.4328884050
2021-01-21,LAB_CR_USD,93.7479532584
2021-01-22,LAB_CR_USD,93.8302271310
2021-01-25,LAB_CR_USD,93.0566796009
2021-01-26,LAB_CR_USD,92.6737004133
2021-01-27,LAB_CR_USD,92.4975658694
2021-01-28,LAB_CR_USD,92.1129342348
2021-01-29,LAB_CR_USD,92.0195390845
2021-02-01,LAB_CR_USD,92.1920836898
2021-02-02,LAB_CR_USD,91.1697378479
2021-02-03,LAB_CR_USD,91.0936984099
2021-02-04,LAB_CR_USD,90.8198031782
2021-02-05,LAB_CR_USD,91.1665685866
2021-02-08,LAB_CR_USD,91.0831285295
2021-02-09,LAB_CR_USD,91.5512131478
2021-02-10,LAB_CR_USD,91.5362130901
2021-02-11,LAB_CR_USD,92.3657360685
2021-02-12,LAB_CR_USD,92.2863543856
2021-02-15,LAB_CR_USD,91.6052253525
2021-02-16,LAB_CR_USD,91.7565360517
2021-02-17,LAB_CR_USD,91.8563091389
2021-02-18,LAB_CR_USD,91.2915591708
2021-02-19,LAB_CR_USD,91.1827374513
2021-02-22,LAB_CR_USD,90.4226622636
2021-02-23,LAB_CR_USD,90.7716130640
2021-02-24,LAB_CR_USD,90.6335468380
2021-02-25,LAB_CR_USD,90.7385388828
2021-02-26,LAB_CR_USD,91.0357260619
2021-03-01,LAB_CR_USD,90.6386283564
2021-03-02,LAB_CR_USD,90.1656360213
2021-03-03,LAB_CR_USD,90.4594176249
2021-03-04,LAB_CR_USD,89.8922256135
2021-03-05,LAB_CR_USD,89.5707103559
2021-03-08,LAB_CR_USD,89.6905277246
2021-03-09,LAB_CR_USD,89.5930966545
2021-03-10,LAB_CR_USD,89.5470896080
2021-03-11,LAB_CR_USD,90.4401518423
2021-03-12,LAB_CR_USD,91.3044575049
2021-03-15,LAB_CR_USD,91.8538510707
2021-03-16,LAB_CR_USD,92.1245815443
2021-03-17,LAB_CR_USD,92.4656467874
2021-03-18,LAB_CR_USD,92.5166049317
2021-03-19,LAB_CR_USD,93.4050013102
2021-03-22,LAB_CR_USD,94.2772149171
2021-03-23,LAB_CR_USD,93.2706361926
2021-03-24,LAB_CR_USD,93.7777209352
2021-03-25,LAB_CR_USD,93.9456780108
2021-03-26,LAB_CR_USD,93.7297777798
2021-03-29,LAB_CR_USD,94.7003443397
2021-03-30,LAB_CR_USD,94.4935609320
2021-03-31,LAB_CR_USD,94.6015892433
2021-04-01,LAB_CR_USD,94.1716435741
2021-04-02,LAB_CR_USD,93.8945529755
2021-04-05,LAB_CR_USD,93.7674385590
2021-04-06,LAB_CR_USD,94.3696211097
2021-04-07,LAB_CR_USD,94.5824120239
2021-04-08,LAB_CR_USD,94.8328718008
2021-04-09,LAB_CR_USD,94.0557340854
2021-04-12,LAB_CR_USD,94.0380617990
2021-04-13,LAB_CR_USD,93.3089054713
2021-04-14,LAB_CR_USD,93.4209224248
2021-04-15,LAB_CR_USD,93.3501875329
2021-04-16,LAB_CR_USD,93.2748811953
2021-04-19,LAB_CR_USD,93.7905172749
2021-04-20,LAB_CR_USD,93.5918744745
2021-04-21,LAB_CR_USD,93.0328915890
2021-04-22,LAB_CR_USD,92.6972469161
2021-04-23,LAB_CR_USD,93.1704440555
2021-04-26,LAB_CR_USD,92.8873028790
2021-04-27,LAB_CR_USD,93.5631701934
2021-04-28,LAB_CR_USD,92.6342478199
2021-04-29,LAB_CR_USD,92.7624054152
2021-04-30,LAB_CR_USD,93.1636110316
2021-05-03,LAB_CR_USD,93.3909656054
2021-05-04,LAB_CR_USD,93.7379108003
2021-05-05,LAB_CR_USD,93.3383170641
2021-05-06,LAB_CR_USD,93.6577094145
2021-05-07,LAB_CR_USD,93.6510987754
2021-05-10,LAB_CR_USD,93.6181836615
2021-05-11,LAB_CR_USD,94.0556801198
2021-05-12,LAB_CR_USD,93.9590520457
2021-05-13,LAB_CR_USD,93.9159999683
2021-05-14,LAB_CR_USD,94.5154797172
2021-05-17,LAB_CR_USD,94.2041547088
2021-05-18,LAB_CR_USD,94.4078445095
2021-05-19,LAB_CR_USD,94.5333043268
2021-05-20,LAB_CR_USD,94.7898658082
2021-05-21,LAB_CR_USD,94.3762236983
2021-05-24,LAB_CR_USD,94.0117639946
2021-05-25,LAB_CR_USD,93.8846806549
2021-05-26,LAB_CR_USD,93.2468089623
2021-05-27,LAB_CR_USD,93.5003686840
2021-05-28,LAB_CR_USD,94.4672652737
2021-05-31,LAB_CR_USD,94.5793679300
2021-06-01,LAB_CR_USD,94.2374287567
2021-06-02,LAB_CR_USD,94.6189335439
2021-06-03,LAB_CR_USD,95.1228601236
2021-06-04,LAB_CR_USD,95.1720336926
2021-06-07,LAB_CR_USD,95.4200977558
2021-06-08,LAB_CR_USD,95.8642419280
2021-06-09,LAB_CR_USD,95.1686513884
2021-06-10,LAB_CR_USD,95.6098315037
2021-06-11,LAB_CR_USD,97.1433324014
2021-06-14,LAB_CR_USD,96.9564197677
2021-06-15,LAB_CR_USD,97.2389699555
2021-06-16,LAB_CR_USD,97.1213929060
2021-06-17,LAB_CR_USD,97.8377269785
2021-06-18,LAB_CR_USD,97.9397752245
2021-06-21,LAB_CR_USD,97.8036221080
2021-06-22,LAB_CR_USD,98.1427820373
2021-06-23,LAB_CR_USD,98.5248766889
2021-06-24,LAB_CR_USD,97.4101570811
2021-06-25,LAB_CR_USD,97.5126881263
2021-06-28,LAB_CR_USD,97.5116366645
2021-06-29,LAB_CR_USD,96.7844484219
2021-06-30,LAB_CR_USD,96.4465198736
2021-07-01,LAB_CR_USD,96.8516593840
2021-07-02,LAB_CR_USD,97.1882332829
2021-07-05,LAB_CR_USD,97.4372875587
2021-07-06,LAB_CR_USD,97.5364873955
2021-07-07,LAB_CR_USD,97.7825079532
2021-07-08,LAB_CR_USD,97.9228958160
2021-07-09,LAB_CR_USD,97.8540886239
2021-07-12,LAB_CR_USD,97.6395548087
2021-07-13,LAB_CR_USD,97.3631877042
2021-07-14,LAB_CR_USD,98.2313687852
2021-07-15,LAB_CR_USD,98.3270511554
2021-07-16,LAB_CR_USD,98.1048356940
2021-07-19,LAB_CR_USD,98.1386098305
2021-07-20,LAB_CR_USD,98.7298361167
2021-07-21,LAB_CR_USD,99.1199047419
2021-07-22,LAB_CR_USD,99.2540134154
2021-07-23,LAB_CR_USD,98.5696989167
2021-07-26,LAB_CR_USD,99.1587512078
2021-07-27,LAB_CR_USD,98.6757260939
2021-07-28,LAB_CR_USD,100.1196273312
2021-07-29,LAB_CR_USD,99.7192394310
2021-07-30,LAB_CR_USD,99.6248942035
2021-08-02,LAB_CR_USD,98.9070323819
2021-08-03,LAB_CR_USD,98.7992235068
2021-08-04,LAB_CR_USD,98.1240490272
2021-08-05,LAB_CR_USD,98.1164492873
2021-08-06,LAB_CR_USD,97.8391980924
2021-08-09,LAB_CR_USD,97.3875437146
2021-08-10,LAB_CR_USD,98.7596710484
2021-08-11,LAB_CR_USD,99.3556347716
2021-08-12,LAB_CR_USD,98.2601897273
2021-08-13,LAB_CR_USD,97.7073916887
2021-08-16,LAB_CR_USD,97.7908581684
2021-08-17,LAB_CR_USD,97.2684374144
2021-08-18,LAB_CR_USD,96.9514837634
2021-08-19,LAB_CR_USD,96.8417448475
2021-08-20,LAB_CR_USD,97.1941206724
2021-08-23,LAB_CR_USD,97.5427671121
2021-08-24,LAB_CR_USD,97.6072768421
2021-08-25,LAB_CR_USD,97.4303857848
2021-08-26,LAB_CR_USD,97.0608934165
2021-08-27,LAB_CR_USD,97.4586405553
2021-08-30,LAB_CR_USD,97.0393220202
2021-08-31,LAB_CR_USD,96.9586245534
2021-09-01,LAB_CR_USD,97.3838525585
2021-09-02,LAB_CR_USD,97.5430003343
2021-09-03,LAB_CR_USD,97.5047368972
2021-09-06,LAB_CR_USD,97.2958823241
2021-09-07,LAB_CR_USD,96.9885289531
2021-09-08,LAB_CR_USD,96.7459668791
2021-09-09,LAB_CR_USD,95.6129135993
2021-09-10,LAB_CR_USD,94.9191623585
2021-09-13,LAB_CR_USD,94.6193417778
2021-09-14,LAB_CR_USD,94.2303740485
2021-09-15,LAB_CR_USD,94.2765526999
2021-09-16,LAB_CR_USD,94.4357784461
2021-09-17,LAB_CR_USD,94.0379692071
2021-09-20,LAB_CR_USD,94.4200406251
2021-09-21,LAB_CR_USD,94.4083142897
2021-09-22,LAB_CR_USD,94.7455494247
2021-09-23,LAB_CR_USD,95.0552118409
2021-09-24,LAB_CR_USD,95.1360963781
2021-09-27,LAB_CR_USD,95.0403045720
2021-09-28,LAB_CR_USD,94.4721356014
2021-09-29,LAB_CR_USD,94.5589648424
2021-09-30,LAB_CR_USD,94.6043758010
2021-10-01,LAB_CR_USD,94.5539923610
2021-10-04,LAB_CR_USD,94.7952953152
2021-10-05,LAB_CR_USD,94.6334071837
2021-10-06,LAB_CR_USD,94.5698417312
2021-10-07,LAB_CR_USD,94.6834912899
2021-10-08,LAB_CR_USD,95.4583959571
2021-10-11,LAB_CR_USD,95.6324125592
2021-10-12,LAB_CR_USD,94.9246075922
2021-10-13,LAB_CR_USD,95.3862882476
2021-10-14,LAB_CR_USD,95.1871335949
2021-10-15,LAB_CR_USD,94.3091734662
2021-10-18,LAB_CR_USD,94.8640020179
2021-10-19,LAB_CR_USD,94.9495989672
2021-10-20,LAB_CR_USD,94.3816629290
2021-10-21,LAB_CR_USD,94.1503358330
2021-10-22,LAB_CR_USD,95.2983736098
2021-10-25,LAB_CR_USD,95.2806808956
2021-10-26,LAB_CR_USD,95.8541839646
2021-10-27,LAB_CR_USD,95.8340583784
2021-10-28,LAB_CR_USD,96.1506965519
2021-10-29,LAB_CR_USD,95.9322614763
2021-11-01,LAB_CR_USD,95.4260998769
2021-11-02,LAB_CR_USD,95.3137847251
2021-11-03,LAB_CR_USD,96.2293305098
2021-11-04,LAB_CR_USD,96.2860453804
2021-11-05,LAB_CR_USD,97.1194192619
2021-11-08,LAB_CR_USD,97.7626569218
2021-11-09,LAB_CR_USD,97.3442589241
2021-11-10,LAB_CR_USD,96.8252088583
2021-11-11,LAB_CR_USD,97.1954108571
2021-11-12,LAB_CR_USD,97.1561510795
2021-11-15,LAB_CR_USD,97.1897908668
2021-11-16,LAB_CR_USD,97.5722545243
2021-11-17,LAB_CR_USD,97.6449984491
2021-11-18,LAB_CR_USD,98.3325892064
2021-11-19,LAB_CR_USD,98.7862834638
2021-11-22,LAB_CR_USD,99.3152402519
2021-11-23,LAB_CR_USD,99.3829957834
2021-11-24,LAB_CR_USD,99.3055955753
2021-11-25,LAB_CR_USD,98.7448431207
2021-11-26,LAB_CR_USD,98.1282302220
2021-11-29,LAB_CR_USD,97.4124442714
2021-11-30,LAB_CR_USD,97.5255532463
2021-12-01,LAB_CR_USD,97.7235525186
2021-12-02,LAB_CR_USD,98.1139341144
2021-12-03,LAB_CR_USD,98.3046719534
2021-12-06,LAB_CR_USD,98.2812277945
2021-12-07,LAB_CR_USD,98.0169319294
2021-12-08,LAB_CR_USD,98.4245073153
2021-12-09,LAB_CR_USD,98.5205289350
2021-12-10,LAB_CR_USD,98.4265074214
2021-12-13,LAB_CR_USD,97.6613620248
2021-12-14,LAB_CR_USD,97.7710409594
2021-12-15,LAB_CR_USD,97.5382455883
2021-12-16,LAB_CR_USD,98.2957084595
2021-12-17,LAB_CR_USD,98.6800719554
2021-12-20,LAB_CR_USD,98.6383426160
2021-12-21,LAB_CR_USD,99.3088737372
2021-12-22,LAB_CR_USD,99.1918696605
2021-12-23,LAB_CR_USD,99.3602032971
2021-12-24,LAB_CR_USD,100.0196031425
2021-12-27,LAB_CR_USD,100.0497872287
2021-12-28,LAB_CR_USD,100.1591853715
2021-12-29,LAB_CR_USD,99.6504793272
2021-12-30,LAB_CR_USD,98.6436629901
2021-12-31,LAB_CR_USD,98.7006734371
2022-01-03,LAB_CR_USD,99.2132084990
2022-01-04,LAB_CR_USD,99.4845343555
2022-01-05,LAB_CR_USD,98.6247569288
2022-01-06,LAB_CR_USD,98.5182325108
2022-01-07,LAB_CR_USD,98.2718717438
2022-01-10,LAB_CR_USD,98.7486007580
2022-01-11,LAB_CR_USD,98.4000702274
2022-01-12,LAB_CR_USD,98.3984350962
2022-01-13,LAB_CR_USD,98.6342722072
2022-01-14,LAB_CR_USD,99.6609655209
2022-01-17,LAB_CR_USD,99.9909864069
2022-01-18,LAB_CR_USD,99.5014971892
2022-01-19,LAB_CR_USD,98.3431538124
2022-01-20,LAB_CR_USD,98.3797515881
2022-01-21,LAB_CR_USD,98.0503932206
2022-01-24,LAB_CR_USD,98.8136871604
2022-01-25,LAB_CR_USD,98.9401475616
2022-01-26,LAB_CR_USD,99.8871389716
2022-01-27,LAB_CR_USD,99.3556368137
2022-01-28,LAB_CR_USD,98.0212594430
2022-01-31,LAB_CR_USD,97.5387612736
2022-02-01,LAB_CR_USD,98.1695350400
2022-02-02,LAB_CR_USD,98.3500212007
2022-02-03,LAB_CR_USD,97.9705128597
2022-02-04,LAB_CR_USD,97.7936918676
2022-02-07,LAB_CR_USD,98.9396772086
2022-02-08,LAB_CR_USD,99.2605076752
2022-02-09,LAB_CR_USD,99.2995272221
2022-02-10,LAB_CR_USD,99.5348747839
2022-02-11,LAB_CR_USD,99.8910151448
2022-02-14,LAB_CR_USD,100.8962910735
2022-02-15,LAB_CR_USD,101.1966100136
2022-02-16,LAB_CR_USD,101.2933306530
2022-02-17,LAB_CR_USD,101.6015879682
2022-02-18,LAB_CR_USD,101.4534491015
2022-02-21,LAB_CR_USD,101.7394778512
2022-02-22,LAB_CR_USD,101.0226561138
2022-02-23,LAB_CR_USD,99.7981025905
2022-02-24,LAB_CR_USD,100.0507334907
2022-02-25,LAB_CR_USD,99.8875601065
2022-02-28,LAB_CR_USD,100.0267719137
2022-03-01,LAB_CR_USD,100.8076283007
2022-03-02,LAB_CR_USD,100.4633587251
2022-03-03,LAB_CR_USD,100.9399382065
2022-03-04,LAB_CR_USD,100.8924768044
2022-03-07,LAB_CR_USD,100.7246081564
2022-03-08,LAB_CR_USD,100.4357348199
2022-03-09,LAB_CR_USD,101.4165680394
2022-03-10,LAB_CR_USD,100.5660012222
2022-03-11,LAB_CR_USD,101.2142483343
2022-03-14,LAB_CR_USD,102.0859347698
2022-03-15,LAB_CR_USD,103.9406820861
2022-03-16,LAB_CR_USD,103.7146631349
2022-03-17,LAB_CR_USD,103.2037908326
2022-03-18,LAB_CR_USD,102.5016109820
2022-03-21,LAB_CR_USD,102.6311073251
2022-03-22,LAB_CR_USD,103.4887437394
2022-03-23,LAB_CR_USD,103.6596069153
2022-03-24,LAB_CR_USD,103.6744908408
2022-03-25,LAB_CR_USD,103.4113119891
2022-03-28,LAB_CR_USD,104.1772436472
2022-03-29,LAB_CR_USD,104.1310928690
2022-03-30,LAB_CR_USD,103.8287647482
2022-03-31,LAB_CR_USD,103.7767076318
2022-04-01,LAB_CR_USD,103.6627972356
2022-04-04,LAB_CR_USD,104.5271058943
2022-04-05,LAB_CR_USD,104.8394916868
2022-04-06,LAB_CR_USD,104.2638115213
2022-04-07,LAB_CR_USD,104.3835446506
2022-04-08,LAB_CR_USD,104.6762544275
2022-04-11,LAB_CR_USD,104.2001275151
2022-04-12,LAB_CR_USD,103.9365660721
2022-04-13,LAB_CR_USD,104.1796872815
2022-04-14,LAB_CR_USD,104.6608364516
2022-04-15,LAB_CR_USD,104.7368988639
2022-04-18,LAB_CR_USD,105.4059319945
2022-04-19,LAB_CR_USD,106.1361642218
2022-04-20,LAB_CR_USD,107.2494730876
2022-04-21,LAB_CR_USD,107.7443374182
2022-04-22,LAB_CR_USD,108.9096567402
2022-04-25,LAB_CR_USD,108.7331233247
2022-04-26,LAB_CR_USD,108.4944248305
2022-04-27,LAB_CR_USD,107.5305791740
2022-04-28,LAB_CR_USD,107.3032950892
2022-04-29,LAB_CR_USD,107.5722345461
2022-05-02,LAB_CR_USD,108.2292298936
2022-05-03,LAB_CR_USD,107.9223687934
2022-05-04,LAB_CR_USD,106.9518260026
2022-05-05,LAB_CR_USD,107.0861622288
2022-05-06,LAB_CR_USD,106.8305581654
2022-05-09,LAB_CR_USD,106.1849285354
2022-05-10,LAB_CR_USD,105.7925229498
2022-05-11,LAB_CR_USD,105.6246431976
2022-05-12,LAB_CR_USD,106.1044973882
2022-05-13,LAB_CR_USD,106.5985247957
2022-05-16,LAB_CR_USD,106.3153071836
2022-05-17,LAB_CR_USD,105.9855813482
2022-05-18,LAB_CR_USD,106.7591652344
2022-05-19,LAB_CR_USD,106.2579136543
2022-05-20,LAB_CR_USD,106.4621635600
2022-05-23,LAB_CR_USD,106.6487640002
2022-05-24,LAB_CR_USD,106.6287234325
2022-05-25,LAB_CR_USD,106.7841262599
2022-05-26,LAB_CR_USD,106.9544458478
2022-05-27,LAB_CR_USD,106.8284477626
2022-05-30,LAB_CR_USD,106.5151323625
2022-05-31,LAB_CR_USD,107.7877341837
2022-06-01,LAB_CR_USD,107.7087604304
2022-06-02,LAB_CR_USD,108.0881088267
2022-06-03,LAB_CR_USD,108.3753576537
2022-06-06,LAB_CR_USD,107.2638582734
2022-06-07,LAB_CR_USD,106.9885139727
2022-06-08,LAB_CR_USD,107.6764925328
2022-06-09,LAB_CR_USD,107.9196386858
2022-06-10,LAB_CR_USD,108.7904409916
2022-06-13,LAB_CR_USD,108.3922930293
2022-06-14,LAB_CR_USD,107.9041902678
2022-06-15,LAB_CR_USD,108.4110050103
2022-06-16,LAB_CR_USD,109.5910338999
2022-06-17,LAB_CR_USD,109.6498991633
2022-06-20,LAB_CR_USD,109.7633759825
2022-06-21,LAB_CR_USD,109.5954423751
2022-06-22,LAB_CR_USD,108.4772297516
2022-06-23,LAB_CR_USD,108.4357200695
2022-06-24,LAB_CR_USD,109.5346854200
2022-06-27,LAB_CR_USD,110.1679392713
2022-06-28,LAB_CR_USD,110.0177609769
2022-06-29,LAB_CR_USD,109.3310725368
2022-06-30,LAB_CR_USD,109.3928781993
2022-07-01,LAB_CR_USD,110.1300941059
2022-07-04,LAB_CR_USD,110.2851899705
2022-07-05,LAB_CR_USD,110.4556157002
2022-07-06,LAB_CR_USD,110.7732273724
2022-07-07,LAB_CR_USD,109.9988756908
2022-07-08,LAB_CR_USD,110.2218352587
2022-07-11,LAB_CR_USD,110.5579239349
2022-07-12,LAB_CR_USD,110.6583730126
2022-07-13,LAB_CR_USD,110.8187525119
2022-07-14,LAB_CR_USD,110.4299673102
2022-07-15,LAB_CR_USD,110.4513468357
2022-07-18,LAB_CR_USD,109.3698422902
2022-07-19,LAB_CR_USD,109.4572622878
2022-07-20,LAB_CR_USD,109.9471513708
2022-07-21,LAB_CR_USD,110.1829715212
2022-07-22,LAB_CR_USD,109.6903583650
2022-07-25,LAB_CR_USD,109.9676555174
2022-07-26,LAB_CR_USD,110.0810688303
2022-07-27,LAB_CR_USD,109.7433938046
2022-07-28,LAB_CR_USD,110.2410023910
2022-07-29,LAB_CR_USD,110.4883208623
2022-08-01,LAB_CR_USD,110.1521919138
2022-08-02,LAB_CR_USD,109.1022041860
2022-08-03,LAB_CR_USD,108.8078133846
2022-08-04,LAB_CR_USD,108.7629092260
2022-08-05,LAB_CR_USD,108.8979275617
2022-08-08,LAB_CR_USD,108.3988554267
2022-08-09,LAB_CR_USD,108.8934635083
2022-08-10,LAB_CR_USD,108.8292989370
2022-08-11,LAB_CR_USD,107.7286534942
2022-08-12,LAB_CR_USD,108.1949088220
2022-08-15,LAB_CR_USD,108.5543373955
2022-08-16,LAB_CR_USD,107.7879385093
2022-08-17,LAB_CR_USD,108.5006694210
2022-08-18,LAB_CR_USD,108.1466120032
2022-08-19,LAB_CR_USD,108.9742176492
2022-08-22,LAB_CR_USD,108.4261869291
2022-08-23,LAB_CR_USD,108.3216869464
2022-08-24,LAB_CR_USD,109.4005253156
2022-08-25,LAB_CR_USD,108.5440963520
2022-08-26,LAB_CR_USD,107.4681263568
2022-08-29,LAB_CR_USD,107.2869583138
2022-08-30,LAB_CR_USD,107.7861975135
2022-08-31,LAB_CR_USD,108.0864383742
2022-09-01,LAB_CR_USD,107.4249991544
2022-09-02,LAB_CR_USD,107.6965695068
2022-09-05,LAB_CR_USD,107.3955001282
2022-09-06,LAB_CR_USD,107.8288457115
2022-09-07,LAB_CR_USD,108.5612733740
2022-09-08,LAB_CR_USD,108.4118095269
2022-09-09,LAB_CR_USD,108.9777432723
2022-09-12,LAB_CR_USD,109.0436651231
2022-09-13,LAB_CR_USD,108.0638865465
2022-09-14,LAB_CR_USD,108.1091540039
2022-09-15,LAB_CR_USD,108.1650388763
2022-09-16,LAB_CR_USD,108.5183888685
2022-09-19,LAB_CR_USD,108.7263528536
2022-09-20,LAB_CR_USD,109.2186656961
2022-09-21,LAB_CR_USD,110.3073650030
2022-09-22,LAB_CR_USD,111.2978220181
2022-09-23,LAB_CR_USD,111.2020662651
2022-09-26,LAB_CR_USD,110.8707234366
2022-09-27,LAB_CR_USD,109.3977065887
2022-09-28,LAB_CR_USD,108.9116999407
2022-09-29,LAB_CR_USD,108.6088966978
2022-09-30,LAB_CR_USD,108.9024906029
2022-10-03,LAB_CR_USD,108.1084326064
2022-10-04,LAB_CR_USD,107.4355362957
2022-10-05,LAB_CR_USD,107.4641068655
2022-10-06,LAB_CR_USD,107.9267459237
2022-10-07,LAB_CR_USD,108.1988279559
2022-10-10,LAB_CR_USD,108.1655461146
2022-10-11,LAB_CR_USD,108.7089210117
2022-10-12,LAB_CR_USD,108.2101870837
2022-10-13,LAB_CR_USD,108.5720191093
2022-10-14,LAB_CR_USD,108.6002322767
2022-10-17,LAB_CR_USD,108.4494856097
2022-10-18,LAB_CR_USD,108.5507228799
2022-10-19,LAB_CR_USD,108.9378221216
2022-10-20,LAB_CR_USD,109.4755962879
2022-10-21,LAB_CR_USD,109.5222446406
2022-10-24,LAB_CR_USD,109.3517718122
2022-10-25,LAB_CR_USD,109.3962826912
2022-10-26,LAB_CR_USD,109.0865851360
2022-10-27,LAB_CR_USD,109.1563911441
2022-10-28,LAB_CR_USD,108.8417856394
2022-10-31,LAB_CR_USD,108.8762720078
2022-11-01,LAB_CR_USD,108.8939966001
2022-11-02,LAB_CR_USD,108.0562651536
2022-11-03,LAB_CR_USD,107.7055055207
2022-11-04,LAB_CR_USD,107.4366629049
2022-11-07,LAB_CR_USD,107.9165600139
2022-11-08,LAB_CR_USD,108.8807906776
2022-11-09,LAB_CR_USD,109.0079401289
2022-11-10,LAB_CR_USD,108.7190798484
2022-11-11,LAB_CR_USD,109.1146923969
2022-11-14,LAB_CR_USD,109.0173500941
2022-11-15,LAB_CR_USD,108.2160853553
2022-11-16,LAB_CR_USD,107.1488157215
2022-11-17,LAB_CR_USD,107.4299809905
2022-11-18,LAB_CR_USD,107.9259781481
2022-11-21,LAB_CR_USD,108.4447106056
2022-11-22,LAB_CR_USD,108.0595950328
2022-11-23,LAB_CR_USD,107.2443289900
2022-11-24,LAB_CR_USD,107.9334841487
2022-11-25,LAB_CR_USD,107.1135518433
2022-11-28,LAB_CR_USD,106.3277287135
2022-11-29,LAB_CR_USD,106.7314702068
2022-11-30,LAB_CR_USD,106.9921798278
2022-12-01,LAB_CR_USD,107.0877442160
2022-12-02,LAB_CR_USD,106.2219929533
2022-12-05,LAB_CR_USD,105.6583068401
2022-12-06,LAB_CR_USD,105.5569954205
2022-12-07,LAB_CR_USD,105.4176443451
2022-12-08,LAB_CR_USD,104.1977275558
2022-12-09,LAB_CR_USD,104.5439197487
2022-12-12,LAB_CR_USD,104.5878849549
2022-12-13,LAB_CR_USD,104.2991879598
2022-12-14,LAB_CR_USD,105.2341974520
2022-12-15,LAB_CR_USD,105.3316369315
2022-12-16,LAB_CR_USD,104.6855231139
2022-12-19,LAB_CR_USD,105.0031883146
2022-12-20,LAB_CR_USD,104.8080168214
2022-12-21,LAB_CR_USD,105.1898224941
2022-12-22,LAB_CR_USD,105.6366206638
2022-12-23,LAB_CR_USD,106.1031058382
2022-12-26,LAB_CR_USD,105.9905720650
2022-12-27,LAB_CR_USD,105.9839345923
2022-12-28,LAB_CR_USD,105.6683511724
2022-12-29,LAB_CR_USD,105.2910617199
2022-12-30,LAB_CR_USD,105.4111679134
2023-01-02,LAB_CR_USD,106.8370621783
2023-01-03,LAB_CR_USD,107.5098029847
2023-01-04,LAB_CR_USD,107.2980747263
2023-01-05,LAB_CR_USD,107.4243722003
2023-01-06,LAB_CR_USD,107.7243692195
2023-01-09,LAB_CR_USD,107.2144763834
2023-01-10,LAB_CR_USD,107.6722609471
2023-01-11,LAB_CR_USD,108.0590280283
2023-01-12,LAB_CR_USD,108.3681368545
2023-01-13,LAB_CR_USD,108.7722937156
2023-01-16,LAB_CR_USD,108.2184090114
2023-01-17,LAB_CR_USD,108.6565696490
2023-01-18,LAB_CR_USD,109.1148784949
2023-01-19,LAB_CR_USD,109.0438948919
2023-01-20,LAB_CR_USD,109.3132574130
2023-01-23,LAB_CR_USD,109.8636995959
2023-01-24,LAB_CR_USD,110.0670480807
2023-01-25,LAB_CR_USD,109.6383121500
2023-01-26,LAB_CR_USD,108.9721648033
2023-01-27,LAB_CR_USD,108.4371317014
2023-01-30,LAB_CR_USD,108.3283867238
2023-01-31,LAB_CR_USD,108.1010427073
2023-02-01,LAB_CR_USD,108.3521904479
2023-02-02,LAB_CR_USD,108.8037009215
2023-02-03,LAB_CR_USD,108.6648006947
2023-02-06,LAB_CR_USD,108.5426539623
2023-02-07,LAB_CR_USD,107.9915016117
2023-02-08,LAB_CR_USD,108.4631627764
2023-02-09,LAB_CR_USD,108.5699281503
2023-02-10,LAB_CR_USD,108.1376960869
2023-02-13,LAB_CR_USD,108.2560986474
2023-02-14,LAB_CR_USD,108.0218176103
2023-02-15,LAB_CR_USD,108.1469750041
2023-02-16,LAB_CR_USD,107.7614839717
2023-02-17,LAB_CR_USD,106.8508687946
2023-02-20,LAB_CR_USD,107.2849789149
2023-02-21,LAB_CR_USD,107.6057948615
2023-02-22,LAB_CR_USD,107.2398720017
2023-02-23,LAB_CR_USD,106.5126010030
2023-02-24,LAB_CR_USD,105.6504951267
2023-02-27,LAB_CR_USD,105.9138250592
2023-02-28,LAB_CR_USD,105.4301990669
2023-03-01,LAB_CR_USD,104.2496401174
2023-03-02,LAB_CR_USD,103.6465447613
2023-03-03,LAB_CR_USD,103.3997876447
2023-03-06,LAB_CR_USD,103.2830680853
2023-03-07,LAB_CR_USD,102.7117538360
2023-03-08,LAB_CR_USD,102.8313209568
2023-03-09,LAB_CR_USD,102.2895150857
2023-03-10,LAB_CR_USD,102.2039171724
2023-03-13,LAB_CR_USD,100.9165691004
2023-03-14,LAB_CR_USD,100.2758464375
2023-03-15,LAB_CR_USD,100.1847416792
2023-03-16,LAB_CR_USD,100.2595022143
2023-03-17,LAB_CR_USD,100.6962124208
2023-03-20,LAB_CR_USD,100.9583215109
2023-03-21,LAB_CR_USD,100.0362261214
2023-03-22,LAB_CR_USD,99.8145771639
2023-03-23,LAB_CR_USD,100.6414092543
2023-03-24,LAB_CR_USD,100.4306866013
2023-03-27,LAB_CR_USD,99.8740040417
2023-03-28,LAB_CR_USD,100.0943230643
2023-03-29,LAB_CR_USD,99.7374176486
2023-03-30,LAB_CR_USD,99.6131571148
2023-03-31,LAB_CR_USD,99.2421978324
2023-04-03,LAB_CR_USD,99.9880241932
2023-04-04,LAB_CR_USD,99.4020435963
2023-04-05,LAB_CR_USD,100.5453792789
2023-04-06,LAB_CR_USD,100.5043795669
2023-04-07,LAB_CR_USD,100.8432899207
2023-04-10,LAB_CR_USD,100.7055286957
2023-04-11,LAB_CR_USD,100.2875373769
2023-04-12,LAB_CR_USD,100.2420853753
2023-04-13,LAB_CR_USD,100.2803030355
2023-04-14,LAB_CR_USD,99.5117800407
2023-04-17,LAB_CR_USD,99.2238241858
2023-04-18,LAB_CR_USD,99.2615605857
2023-04-19,LAB_CR_USD,99.1574549095
2023-04-20,LAB_CR_USD,100.1799687870
2023-04-21,LAB_CR_USD,100.6224258694
2023-04-24,LAB_CR_USD,99.9663474987
2023-04-25,LAB_CR_USD,100.6347723069
2023-04-26,LAB_CR_USD,100.7095330563
2023-04-27,LAB_CR_USD,101.4305319274
2023-04-28,LAB_CR_USD,102.5144948027
2023-05-01,LAB_CR_USD,102.6981370853
2023-05-02,LAB_CR_USD,102.0776783374
2023-05-03,LAB_CR_USD,102.8452366362
2023-05-04,LAB_CR_USD,103.1680928053
2023-05-05,LAB_CR_USD,102.2033233101
2023-05-08,LAB_CR_USD,101.0469650924
2023-05-09,LAB_CR_USD,100.9038636907
2023-05-10,LAB_CR_USD,100.8670967474
2023-05-11,LAB_CR_USD,101.0790246472
2023-05-12,LAB_CR_USD,101.1551461976
2023-05-15,LAB_CR_USD,101.7584998410
2023-05-16,LAB_CR_USD,101.8774584119
2023-05-17,LAB_CR_USD,101.3261984098
2023-05-18,LAB_CR_USD,100.9368134277
2023-05-19,LAB_CR_USD,100.6408165443
2023-05-22,LAB_CR_USD,100.7034552541
2023-05-23,LAB_CR_USD,101.5337551960
2023-05-24,LAB_CR_USD,102.1133259384
2023-05-25,LAB_CR_USD,102.3724500532
2023-05-26,LAB_CR_USD,103.2516690975
2023-05-29,LAB_CR_USD,103.4644037922
2023-05-30,LAB_CR_USD,103.7569068891
2023-05-31,LAB_CR_USD,103.9498194859
2023-06-01,LAB_CR_USD,103.5180992191
2023-06-02,LAB_CR_USD,102.8236798338
2023-06-05,LAB_CR_USD,102.4173536939
2023-06-06,LAB_CR_USD,101.6182524881
2023-06-07,LAB_CR_USD,100.6042183257
2023-06-08,LAB_CR_USD,101.0801207118
2023-06-09,LAB_CR_USD,101.7139217763
2023-06-12,LAB_CR_USD,100.9577970976
2023-06-13,LAB_CR_USD,101.7302996740
2023-06-14,LAB_CR_USD,101.7828624778
2023-06-15,LAB_CR_USD,101.1315228417
2023-06-16,LAB_CR_USD,101.0720235826
2023-06-19,LAB_CR_USD,101.6876539248
2023-06-20,LAB_CR_USD,102.1182690042
2023-06-21,LAB_CR_USD,101.3335992722
2023-06-22,LAB_CR_USD,100.6809058346
2023-06-23,LAB_CR_USD,100.3412803611
2023-06-26,LAB_CR_USD,100.5787007171
2023-06-27,LAB_CR_USD,99.2833563362
2023-06-28,LAB_CR_USD,98.9347326436
2023-06-29,LAB_CR_USD,98.2632249691
2023-06-30,LAB_CR_USD,98.4505570290
2023-07-03,LAB_CR_USD,99.1938216174
2023-07-04,LAB_CR_USD,99.1178732360
2023-07-05,LAB_CR_USD,98.7747030874
2023-07-06,LAB_CR_USD,99.2567326642
2023-07-07,LAB_CR_USD,98.5385486598
2023-07-10,LAB_CR_USD,98.5253535912
2023-07-11,LAB_CR_USD,98.6623121679
2023-07-12,LAB_CR_USD,99.0755238968
2023-07-13,LAB_CR_USD,98.5774895931
2023-07-14,LAB_CR_USD,98.3010731325
2023-07-17,LAB_CR_USD,97.9845265755
2023-07-18,LAB_CR_USD,98.0812447658
2023-07-19,LAB_CR_USD,97.9951159998
2023-07-20,LAB_CR_USD,98.5517976734
2023-07-21,LAB_CR_USD,98.7483408273
2023-07-24,LAB_CR_USD,98.5910388687
2023-07-25,LAB_CR_USD,99.0225015097
2023-07-26,LAB_CR_USD,99.5552147291
2023-07-27,LAB_CR_USD,99.0710344072
2023-07-28,LAB_CR_USD,99.4023954106
2023-07-31,LAB_CR_USD,99.4921426352
2023-08-01,LAB_CR_USD,98.9937537260
2023-08-02,LAB_CR_USD,99.1318938178
2023-08-03,LAB_CR_USD,99.8502820368
2023-08-04,LAB_CR_USD,99.9735043386
2023-08-07,LAB_CR_USD,100.5265593975
2023-08-08,LAB_CR_USD,99.9756081206
2023-08-09,LAB_CR_USD,99.8755602183
2023-08-10,LAB_CR_USD,100.1955848820
2023-08-11,LAB_CR_USD,99.8588314602
2023-08-14,LAB_CR_USD,99.3968441594
2023-08-15,LAB_CR_USD,99.8136275672
2023-08-16,LAB_CR_USD,100.3409033736
2023-08-17,LAB_CR_USD,100.3631701568
2023-08-18,LAB_CR_USD,100.7237664270
2023-08-21,LAB_CR_USD,99.8088701932
2023-08-22,LAB_CR_USD,100.7111380668
2023-08-23,LAB_CR_USD,100.3351399102
2023-08-24,LAB_CR_USD,101.0323044187
2023-08-25,LAB_CR_USD,101.2834905336
2023-08-28,LAB_CR_USD,101.5643552477
2023-08-29,LAB_CR_USD,101.4363298015
2023-08-30,LAB_CR_USD,100.7386945882
2023-08-31,LAB_CR_USD,101.3399103625
2023-09-01,LAB_CR_USD,101.1058299125
2023-09-04,LAB_CR_USD,101.6373900543
2023-09-05,LAB_CR_USD,101.6732380257
2023-09-06,LAB_CR_USD,100.9237872144
2023-09-07,LAB_CR_USD,100.3629126278
2023-09-08,LAB_CR_USD,101.2420006384
2023-09-11,LAB_CR_USD,101.8758706849
2023-09-12,LAB_CR_USD,101.2788301450
2023-09-13,LAB_CR_USD,102.6150881547
2023-09-14,LAB_CR_USD,103.1365504522
2023-09-15,LAB_CR_USD,103.1385417801
2023-09-18,LAB_CR_USD,103.3140579626
2023-09-19,LAB_CR_USD,102.5145480916
2023-09-20,LAB_CR_USD,103.2186554916
2023-09-21,LAB_CR_USD,102.7863892569
2023-09-22,LAB_CR_USD,102.7750513778
2023-09-25,LAB_CR_USD,102.4317562813
2023-09-26,LAB_CR_USD,102.0349636187
2023-09-27,LAB_CR_USD,102.0330654339
2023-09-28,LAB_CR_USD,102.2340475089
2023-09-29,LAB_CR_USD,102.1280143340
2023-10-02,LAB_CR_USD,101.7803848298
2023-10-03,LAB_CR_USD,102.2291931963
2023-10-04,LAB_CR_USD,101.9532031414
2023-10-05,LAB_CR_USD,101.8379636576
2023-10-06,LAB_CR_USD,102.7363893723
2023-10-09,LAB_CR_USD,102.2842661767
2023-10-10,LAB_CR_USD,101.5959645039
2023-10-11,LAB_CR_USD,101.7059331490
2023-10-12,LAB_CR_USD,101.7107741244
2023-10-13,LAB_CR_USD,101.7346743454
2023-10-16,LAB_CR_USD,101.4073357965
2023-10-17,LAB_CR_USD,100.9056657168
2023-10-18,LAB_CR_USD,100.8403966759
2023-10-19,LAB_CR_USD,100.9174701890
2023-10-20,LAB_CR_USD,101.4828118566
2023-10-23,LAB_CR_USD,101.7286793130
2023-10-24,LAB_CR_USD,100.9338724782
2023-10-25,LAB_CR_USD,100.5775124733
2023-10-26,LAB_CR_USD,101.1327898485
2023-10-27,LAB_CR_USD,100.8894984962
2023-10-30,LAB_CR_USD,101.2607051204
2023-10-31,LAB_CR_USD,102.1602989629
2023-11-01,LAB_CR_USD,102.1652848538
2023-11-02,LAB_CR_USD,101.7949057781
2023-11-03,LAB_CR_USD,101.9477681513
2023-11-06,LAB_CR_USD,102.5784746704
2023-11-07,LAB_CR_USD,102.2573699307
2023-11-08,LAB_CR_USD,102.4664244603
2023-11-09,LAB_CR_USD,101.9258580112
2023-11-10,LAB_CR_USD,102.5208978758
2023-11-13,LAB_CR_USD,101.7650744544
2023-11-14,LAB_CR_USD,101.7081363459
2023-11-15,LAB_CR_USD,101.2081116891
2023-11-16,LAB_CR_USD,100.5906940598
2023-11-17,LAB_CR_USD,100.3986496604
2023-11-20,LAB_CR_USD,101.6258774813
2023-11-21,LAB_CR_USD,102.0786822897
2023-11-22,LAB_CR_USD,100.7823538451
2023-11-23,LAB_CR_USD,100.2562385286
2023-11-24,LAB_CR_USD,100.4190033064
2023-11-27,LAB_CR_USD,100.5740095046
2023-11-28,LAB_CR_USD,100.6430180370
2023-11-29,LAB_CR_USD,100.0255502068
2023-11-30,LAB_CR_USD,99.8760892404
2023-12-01,LAB_CR_USD,99.7274234035
2023-12-04,LAB_CR_USD,98.9255415802
2023-12-05,LAB_CR_USD,99.3012463887
2023-12-06,LAB_CR_USD,100.4108070112
2023-12-07,LAB_CR_USD,101.2912492395
2023-12-08,LAB_CR_USD,101.1175667061
2023-12-11,LAB_CR_USD,100.5608066406
2023-12-12,LAB_CR_USD,99.9931783569
2023-12-13,LAB_CR_USD,99.3926736681
2023-12-14,LAB_CR_USD,99.2519548206
2023-12-15,LAB_CR_USD,100.6843318774
2023-12-18,LAB_CR_USD,101.2250800449
2023-12-19,LAB_CR_USD,101.0732956342
2023-12-20,LAB_CR_USD,101.3656218992
2023-12-21,LAB_CR_USD,101.4976678054
2023-12-22,LAB_CR_USD,102.0439928925
2023-12-25,LAB_CR_USD,101.0545175949
2023-12-26,LAB_CR_USD,100.8990137198
2023-12-27,LAB_CR_USD,101.1892329823
2023-12-28,LAB_CR_USD,101.9439361716
2023-12-29,LAB_CR_USD,102.1461084577
2024-01-01,LAB_CR_USD,101.9132948095
2024-01-02,LAB_CR_USD,101.8945601890
2024-01-03,LAB_CR_USD,102.0251380229
2024-01-04,LAB_CR_USD,102.3692981389
2024-01-05,LAB_CR_USD,102.5016825439
2024-01-08,LAB_CR_USD,102.2020421971
2024-01-09,LAB_CR_USD,102.0499337757
2024-01-10,LAB_CR_USD,101.8059030599
2024-01-11,LAB_CR_USD,101.3047367707
2024-01-12,LAB_CR_USD,101.3371044461
2024-01-15,LAB_CR_USD,100.7600234319
2024-01-16,LAB_CR_USD,101.0121419874
2024-01-17,LAB_CR_USD,101.1395140985
2024-01-18,LAB_CR_USD,101.5496064173
2024-01-19,LAB_CR_USD,100.7942387094
2024-01-22,LAB_CR_USD,100.8273338155
2024-01-23,LAB_CR_USD,100.2915135582
2024-01-24,LAB_CR_USD,100.4994654546
2024-01-25,LAB_CR_USD,100.6855569708
2024-01-26,LAB_CR_USD,101.1794102889
2024-01-29,LAB_CR_USD,100.4235262435
2024-01-30,LAB_CR_USD,99.9781241290
2024-01-31,LAB_CR_USD,100.4151071389
2024-02-01,LAB_CR_USD,100.3131211023
2024-02-02,LAB_CR_USD,100.0117206597
2024-02-05,LAB_CR_USD,99.7727518266
2024-02-06,LAB_CR_USD,100.6777293165
2024-02-07,LAB_CR_USD,100.0820018575
2024-02-08,LAB_CR_USD,100.4059342989
2024-02-09,LAB_CR_USD,100.3454239527
2024-02-12,LAB_CR_USD,99.2423296064
2024-02-13,LAB_CR_USD,99.1926160253
2024-02-14,LAB_CR_USD,98.5315556845
2024-02-15,LAB_CR_USD,98.7517758373
2024-02-16,LAB_CR_USD,98.4546893992
2024-02-19,LAB_CR_USD,98.4109760289
2024-02-20,LAB_CR_USD,98.8102332320
2024-02-21,LAB_CR_USD,100.2829689785
2024-02-22,LAB_CR_USD,100.9718948097
2024-02-23,LAB_CR_USD,100.6710213242
2024-02-26,LAB_CR_USD,100.0263105484
2024-02-27,LAB_CR_USD,100.2645613945
2024-02-28,LAB_CR_USD,100.8116686798
2024-02-29,LAB_CR_USD,100.3544710932
2024-03-01,LAB_CR_USD,100.5866038909
2024-03-04,LAB_CR_USD,100.1302704072
2024-03-05,LAB_CR_USD,100.2648218017
2024-03-06,LAB_CR_USD,100.2054897358
2024-03-07,LAB_CR_USD,100.3942724360
2024-03-08,LAB_CR_USD,100.6438348563
2024-03-11,LAB_CR_USD,100.8820048684
2024-03-12,LAB_CR_USD,100.0538579790
2024-03-13,LAB_CR_USD,100.1552014056
2024-03-14,LAB_CR_USD,100.3013664425
2024-03-15,LAB_CR_USD,100.0353606489
2024-03-18,LAB_CR_USD,100.1810961674
2024-03-19,LAB_CR_USD,100.0057146948
2024-03-20,LAB_CR_USD,99.1233651068
2024-03-21,LAB_CR_USD,98.6764542199
2024-03-22,LAB_CR_USD,98.9424808321
2024-03-25,LAB_CR_USD,100.1109882558
2024-03-26,LAB_CR_USD,98.8508411740
2024-03-27,LAB_CR_USD,98.3976306852
2024-03-28,LAB_CR_USD,97.9366817433
2024-03-29,LAB_CR_USD,98.1030916562
2024-04-01,LAB_CR_USD,98.1968452457
2024-04-02,LAB_CR_USD,98.3040357222
2024-04-03,LAB_CR_USD,98.0754451898
2024-04-04,LAB_CR_USD,98.5102164532
2024-04-05,LAB_CR_USD,99.4164883451
2024-04-08,LAB_CR_USD,99.6294989430
2024-04-09,LAB_CR_USD,98.8045832524
2024-04-10,LAB_CR_USD,98.8317219202
2024-04-11,LAB_CR_USD,98.8629411400
2024-04-12,LAB_CR_USD,98.6271993216
2024-04-15,LAB_CR_USD,98.8642205305
2024-04-16,LAB_CR_USD,99.1795835584
2024-04-17,LAB_CR_USD,98.9074561390
2024-04-18,LAB_CR_USD,99.0401176623
2024-04-19,LAB_CR_USD,98.4550628719
2024-04-22,LAB_CR_USD,98.1537787757
2024-04-23,LAB_CR_USD,97.7164509596
2024-04-24,LAB_CR_USD,97.4451291293
2024-04-25,LAB_CR_USD,96.8678938107
2024-04-26,LAB_CR_USD,97.1851718108
2024-04-29,LAB_CR_USD,98.0280845774
2024-04-30,LAB_CR_USD,97.8080961005
2024-05-01,LAB_CR_USD,98.2071791166
2024-05-02,LAB_CR_USD,99.6488840959
2024-05-03,LAB_CR_USD,99.7335459646
2024-05-06,LAB_CR_USD,100.0368008650
2024-05-07,LAB_CR_USD,100.5372534976
2024-05-08,LAB_CR_USD,100.6386334679
2024-05-09,LAB_CR_USD,100.5502618233
2024-05-10,LAB_CR_USD,100.8761756053
2024-05-13,LAB_CR_USD,100.2602179400
2024-05-14,LAB_CR_USD,100.2743696181
2024-05-15,LAB_CR_USD,100.3955094430
2024-05-16,LAB_CR_USD,100.4086274888
2024-05-17,LAB_CR_USD,101.0986744741
2024-05-20,LAB_CR_USD,100.8900739748
2024-05-21,LAB_CR_USD,100.1084872791
2024-05-22,LAB_CR_USD,100.8693714120
2024-05-23,LAB_CR_USD,100.3191372210
2024-05-24,LAB_CR_USD,99.0904755605
2024-05-27,LAB_CR_USD,99.4554052479
2024-05-28,LAB_CR_USD,99.6015523018
2024-05-29,LAB_CR_USD,99.7405013756
2024-05-30,LAB_CR_USD,99.8028753382
2024-05-31,LAB_CR_USD,100.0297611021
2024-06-03,LAB_CR_USD,100.2261706865
2024-06-04,LAB_CR_USD,100.6761453839
2024-06-05,LAB_CR_USD,100.4516497374
2024-06-06,LAB_CR_USD,100.7600244674
2024-06-07,LAB_CR_USD,100.9722794254
2024-06-10,LAB_CR_USD,99.7824314627
2024-06-11,LAB_CR_USD,100.4291403637
2024-06-12,LAB_CR_USD,100.5488345293
2024-06-13,LAB_CR_USD,101.9639246998
2024-06-14,LAB_CR_USD,102.7328057645
2024-06-17,LAB_CR_USD,102.4664234854
2024-06-18,LAB_CR_USD,102.4522942565
2024-06-19,LAB_CR_USD,102.7339267709
2024-06-20,LAB_CR_USD,103.5810866562
2024-06-21,LAB_CR_USD,104.4681510236
2024-06-24,LAB_CR_USD,104.7648752094
2024-06-25,LAB_CR_USD,104.4748115120
2024-06-26,LAB_CR_USD,103.4537350867
2024-06-27,LAB_CR_USD,103.5998699034
2024-06-28,LAB_CR_USD,104.0582084025
2024-07-01,LAB_CR_USD,103.8431951887
2024-07-02,LAB_CR_USD,103.1729770982
2024-07-03,LAB_CR_USD,103.2465710475
2024-07-04,LAB_CR_USD,102.6045641656
2024-07-05,LAB_CR_USD,102.5373191925
2024-07-08,LAB_CR_USD,102.9731177839
2024-07-09,LAB_CR_USD,102.8744325587
2024-07-10,LAB_CR_USD,102.3539784343
2024-07-11,LAB_CR_USD,102.4142246884
2024-07-12,LAB_CR_USD,102.4952980913
2024-07-15,LAB_CR_USD,102.1222195539
2024-07-16,LAB_CR_USD,102.1719135940
2024-07-17,LAB_CR_USD,101.3513727518
2024-07-18,LAB_CR_USD,101.2786237622
2024-07-19,LAB_CR_USD,100.8975033419
2024-07-22,LAB_CR_USD,101.3313975024
2024-07-23,LAB_CR_USD,101.0347034981
2024-07-24,LAB_CR_USD,100.2868125509
2024-07-25,LAB_CR_USD,100.9378447945
2024-07-26,LAB_CR_USD,101.0246763649
2024-07-29,LAB_CR_USD,100.4669050153
2024-07-30,LAB_CR_USD,100.6349873009
2024-07-31,LAB_CR_USD,100.0972956890
2024-08-01,LAB_CR_USD,100.6607410124
2024-08-02,LAB_CR_USD,100.8623737218
2024-08-05,LAB_CR_USD,101.1855874429
2024-08-06,LAB_CR_USD,102.4504790590
2024-08-07,LAB_CR_USD,102.2146462007
2024-08-08,LAB_CR_USD,102.2702992170
2024-08-09,LAB_CR_USD,103.2888289256
2024-08-12,LAB_CR_USD,103.1521036179
2024-08-13,LAB_CR_USD,102.7537019304
2024-08-14,LAB_CR_USD,103.4315906442
2024-08-15,LAB_CR_USD,103.9507556053
2024-08-16,LAB_CR_USD,104.2168805506
2024-08-19,LAB_CR_USD,102.6864878174
2024-08-20,LAB_CR_USD,102.6102905428
2024-08-21,LAB_CR_USD,103.2244300194
2024-08-22,LAB_CR_USD,103.2050895405
2024-08-23,LAB_CR_USD,103.2486291080
2024-08-26,LAB_CR_USD,102.8746127131
2024-08-27,LAB_CR_USD,102.6136172556
2024-08-28,LAB_CR_USD,103.1307614072
2024-08-29,LAB_CR_USD,103.4603043137
2024-08-30,LAB_CR_USD,103.0289100308
2024-09-02,LAB_CR_USD,102.4730924614
2024-09-03,LAB_CR_USD,102.6252903715
2024-09-04,LAB_CR_USD,102.2949775414
2024-09-05,LAB_CR_USD,101.8699682680
2024-09-06,LAB_CR_USD,102.2162127892
2024-09-09,LAB_CR_USD,101.5990619211
2024-09-10,LAB_CR_USD,101.2334162827
2024-09-11,LAB_CR_USD,101.1118995593
2024-09-12,LAB_CR_USD,101.3963697610
2024-09-13,LAB_CR_USD,102.2476278358
2024-09-16,LAB_CR_USD,102.7705348423
2024-09-17,LAB_CR_USD,102.7140231675
2024-09-18,LAB_CR_USD,102.2275969277
2024-09-19,LAB_CR_USD,101.8387740890
2024-09-20,LAB_CR_USD,102.4499123472
2024-09-23,LAB_CR_USD,101.9313614311
2024-09-24,LAB_CR_USD,101.3398959881
2024-09-25,LAB_CR_USD,100.7978772228
2024-09-26,LAB_CR_USD,101.1366577467
2024-09-27,LAB_CR_USD,101.4193879003
2024-09-30,LAB_CR_USD,101.3315157591
2024-10-01,LAB_CR_USD,101.6665992443
2024-10-02,LAB_CR_USD,102.7808352692
2024-10-03,LAB_CR_USD,102.3974598191
2024-10-04,LAB_CR_USD,102.0779876102
2024-10-07,LAB_CR_USD,101.8737246611
2024-10-08,LAB_CR_USD,102.3574579987
2024-10-09,LAB_CR_USD,101.2811069434
2024-10-10,LAB_CR_USD,101.5815986408
2024-10-11,LAB_CR_USD,101.2292246898
2024-10-14,LAB_CR_USD,101.7223294132
2024-10-15,LAB_CR_USD,101.8534492342
2024-10-16,LAB_CR_USD,101.8393044669
2024-10-17,LAB_CR_USD,101.5174426447
2024-10-18,LAB_CR_USD,101.8237416093
2024-10-21,LAB_CR_USD,101.5588178541
2024-10-22,LAB_CR_USD,101.9516908908
2024-10-23,LAB_CR_USD,101.0022111240
2024-10-24,LAB_CR_USD,101.5451198897
2024-10-25,LAB_CR_USD,101.9079416255
2024-10-28,LAB_CR_USD,101.2390443916
2024-10-29,LAB_CR_USD,101.2053850450
2024-10-30,LAB_CR_USD,100.2771370125
2024-10-31,LAB_CR_USD,100.1804276185
2024-11-01,LAB_CR_USD,100.3665372250
2024-11-04,LAB_CR_USD,100.5214652493
2024-11-05,LAB_CR_USD,100.3218917936
2024-11-06,LAB_CR_USD,99.4628936325
2024-11-07,LAB_CR_USD,99.7253831015
2024-11-08,LAB_CR_USD,99.4725427187
2024-11-11,LAB_CR_USD,100.5097061495
2024-11-12,LAB_CR_USD,100.6339233127
2024-11-13,LAB_CR_USD,100.0945940089
2024-11-14,LAB_CR_USD,100.1864653197
2024-11-15,LAB_CR_USD,100.0268397013
2024-11-18,LAB_CR_USD,100.9618618393
2024-11-19,LAB_CR_USD,101.3613303158
2024-11-20,LAB_CR_USD,101.7994183584
2024-11-21,LAB_CR_USD,102.1721748801
2024-11-22,LAB_CR_USD,102.9652148334
2024-11-25,LAB_CR_USD,102.8408066743
2024-11-26,LAB_CR_USD,102.8693615611
2024-11-27,LAB_CR_USD,103.1289168119
2024-11-28,LAB_CR_USD,103.4725395580
2024-11-29,LAB_CR_USD,102.7834755656
2024-12-02,LAB_CR_USD,103.2302988144
2024-12-03,LAB_CR_USD,103.0371493865
2024-12-04,LAB_CR_USD,102.1487395145
2024-12-05,LAB_CR_USD,101.8938075626
2024-12-06,LAB_CR_USD,101.2649345785
2024-12-09,LAB_CR_USD,101.0361257269
2024-12-10,LAB_CR_USD,101.7593636661
2024-12-11,LAB_CR_USD,101.8225763261
2024-12-12,LAB_CR_USD,101.4054473081
2024-12-13,LAB_CR_USD,100.7309400094
2024-12-16,LAB_CR_USD,102.0013184489
2024-12-17,LAB_CR_USD,102.1539550266
2024-12-18,LAB_CR_USD,102.1926019784
2024-12-19,LAB_CR_USD,101.5929912211
2024-12-20,LAB_CR_USD,101.7561406826
2024-12-23,LAB_CR_USD,101.5877686184
2024-12-24,LAB_CR_USD,101.5399919897
2024-12-25,LAB_CR_USD,101.6207262167
2024-12-26,LAB_CR_USD,101.7643834155
2024-12-27,LAB_CR_USD,101.1045146769
2024-12-30,LAB_CR_USD,101.3565985148
2024-12-31,LAB_CR_USD,102.3566954392
2025-01-01,LAB_CR_USD,101.0604265051
2025-01-02,LAB_CR_USD,100.6732733768
2025-01-03,LAB_CR_USD,100.6464637634
2025-01-06,LAB_CR_USD,100.6368234208
2025-01-07,LAB_CR_USD,100.0833457584
2025-01-08,LAB_CR_USD,100.4121141260
2025-01-09,LAB_CR_USD,100.7610568769
2025-01-10,LAB_CR_USD,101.3835510077
2025-01-13,LAB_CR_USD,100.6290674818
2025-01-14,LAB_CR_USD,101.1617790931
2025-01-15,LAB_CR_USD,100.7805003457
2025-01-16,LAB_CR_USD,100.3538424039
2025-01-17,LAB_CR_USD,99.8574346123
2025-01-20,LAB_CR_USD,100.1103978370
2025-01-21,LAB_CR_USD,99.7720199894
2025-01-22,LAB_CR_USD,99.8530420383
2025-01-23,LAB_CR_USD,100.7922249985
2025-01-24,LAB_CR_USD,101.2493110241
2025-01-27,LAB_CR_USD,101.4038702210
2025-01-28,LAB_CR_USD,102.0295790555
2025-01-29,LAB_CR_USD,101.9430767593
2025-01-30,LAB_CR_USD,101.3468755695
2025-01-31,LAB_CR_USD,102.2394983800
2025-02-03,LAB_CR_USD,102.1983971244
2025-02-04,LAB_CR_USD,101.9372503254
2025-02-05,LAB_CR_USD,103.6337375021
2025-02-06,LAB_CR_USD,103.8934618436
2025-02-07,LAB_CR_USD,105.2261977441
2025-02-10,LAB_CR_USD,104.7339505635
2025-02-11,LAB_CR_USD,103.6245550745
2025-02-12,LAB_CR_USD,102.7076992018
2025-02-13,LAB_CR_USD,103.2028733944
2025-02-14,LAB_CR_USD,103.6313988804
2025-02-17,LAB_CR_USD,103.5883984533
2025-02-18,LAB_CR_USD,103.6785303245
2025-02-19,LAB_CR_USD,103.4741679442
2025-02-20,LAB_CR_USD,103.3529583421
2025-02-21,LAB_CR_USD,103.3133245901
2025-02-24,LAB_CR_USD,102.9150188577
2025-02-25,LAB_CR_USD,102.6176433051
2025-02-26,LAB_CR_USD,102.2342930051
2025-02-27,LAB_CR_USD,101.5909620665
2025-02-28,LAB_CR_USD,101.6680537579
2025-03-03,LAB_CR_USD,101.5897228174
2025-03-04,LAB_CR_USD,101.4128716929
2025-03-05,LAB_CR_USD,100.9390119125
2025-03-06,LAB_CR_USD,100.8333180256
2025-03-07,LAB_CR_USD,100.8996832895
2025-03-10,LAB_CR_USD,100.8498747361
2025-03-11,LAB_CR_USD,100.7193755984
2025-03-12,LAB_CR_USD,100.3950107853
2025-03-13,LAB_CR_USD,100.0910766676
2025-03-14,LAB_CR_USD,100.6546971038
2025-03-17,LAB_CR_USD,101.0681474959
2025-03-18,LAB_CR_USD,100.8010011631
2025-03-19,LAB_CR_USD,100.8118104751
2025-03-20,LAB_CR_USD,100.3488242543
2025-03-21,LAB_CR_USD,99.9704151724
2025-03-24,LAB_CR_USD,99.3236023847
2025-03-25,LAB_CR_USD,99.3899864931
2025-03-26,LAB_CR_USD,98.5999045108
2025-03-27,LAB_CR_USD,98.1244746416
2025-03-28,LAB_CR_USD,98.0196246705
2025-03-31,LAB_CR_USD,97.5764977105
2025-04-01,LAB_CR_USD,97.1929555530
2025-04-02,LAB_CR_USD,97.2977497966
2025-04-03,LAB_CR_USD,96.8464028889
2025-04-04,LAB_CR_USD,96.8922912945
2025-04-07,LAB_CR_USD,96.5258352899
2025-04-08,LAB_CR_USD,96.7180136324
2025-04-09,LAB_CR_USD,96.7704680957
2025-04-10,LAB_CR_USD,96.4171272322
2025-04-11,LAB_CR_USD,96.3453321095
2025-04-14,LAB_CR_USD,96.5638841719
2025-04-15,LAB_CR_USD,96.1580494679
2025-04-16,LAB_CR_USD,97.0100736487
2025-04-17,LAB_CR_USD,96.4784582679
2025-04-18,LAB_CR_USD,96.9580234161
2025-04-21,LAB_CR_USD,96.6779950239
2025-04-22,LAB_CR_USD,96.9940822784
2025-04-23,LAB_CR_USD,97.0577503215
2025-04-24,LAB_CR_USD,96.7597422308
2025-04-25,LAB_CR_USD,97.3475881472
2025-04-28,LAB_CR_USD,97.4335539518
2025-04-29,LAB_CR_USD,97.5027675986
2025-04-30,LAB_CR_USD,97.4026646313
2025-05-01,LAB_CR_USD,98.1489420255
2025-05-02,LAB_CR_USD,97.8755469224
2025-05-05,LAB_CR_USD,98.5066584206
2025-05-06,LAB_CR_USD,98.7209396842
2025-05-07,LAB_CR_USD,98.2922873602
2025-05-08,LAB_CR_USD,98.7744546585
2025-05-09,LAB_CR_USD,98.6771263729
2025-05-12,LAB_CR_USD,98.8927935219
2025-05-13,LAB_CR_USD,98.9861071425
2025-05-14,LAB_CR_USD,98.7012076190
2025-05-15,LAB_CR_USD,98.8100596309
2025-05-16,LAB_CR_USD,98.4400053385
2025-05-19,LAB_CR_USD,99.0420273096
2025-05-20,LAB_CR_USD,98.9794129987
2025-05-21,LAB_CR_USD,98.6887643141
2025-05-22,LAB_CR_USD,97.7643237742
2025-05-23,LAB_CR_USD,98.4504069109
2025-05-26,LAB_CR_USD,98.3540175392
2025-05-27,LAB_CR_USD,98.6606180841
2025-05-28,LAB_CR_USD,98.5980553660
2025-05-29,LAB_CR_USD,98.7388630991
2025-05-30,LAB_CR_USD,98.4173540983
2025-06-02,LAB_CR_USD,98.6273228769
2025-06-03,LAB_CR_USD,98.7534790636
2025-06-04,LAB_CR_USD,98.5400018049
2025-06-05,LAB_CR_USD,99.2649392057
2025-06-06,LAB_CR_USD,99.1674838292
2025-06-09,LAB_CR_USD,98.8933763179
2025-06-10,LAB_CR_USD,98.4994411101
2025-06-11,LAB_CR_USD,98.8921221456
2025-06-12,LAB_CR_USD,98.6280556409
2025-06-13,LAB_CR_USD,99.1086140983
2025-06-16,LAB_CR_USD,98.9002259348
2025-06-17,LAB_CR_USD,98.5645468454
2025-06-18,LAB_CR_USD,98.5799126581
2025-06-19,LAB_CR_USD,98.0513688634
2025-06-20,LAB_CR_USD,98.3137452821
2025-06-23,LAB_CR_USD,97.8283009105
2025-06-24,LAB_CR_USD,97.9396959636
2025-06-25,LAB_CR_USD,96.9153732980
2025-06-26,LAB_CR_USD,96.5020240109
2025-06-27,LAB_CR_USD,97.1384009414
2025-06-30,LAB_CR_USD,97.8891849876
2025-07-01,LAB_CR_USD,97.5891415459
2025-07-02,LAB_CR_USD,97.8435646027
2025-07-03,LAB_CR_USD,98.5376010141
2025-07-04,LAB_CR_USD,99.5481380346
2025-07-07,LAB_CR_USD,99.4795415210
2025-07-08,LAB_CR_USD,98.9369208217
2025-07-09,LAB_CR_USD,99.5518551069
2025-07-10,LAB_CR_USD,100.0123627089
2025-07-11,LAB_CR_USD,99.4381455958
2025-07-14,LAB_CR_USD,99.1554817026
2025-07-15,LAB_CR_USD,100.1704714821
2025-07-16,LAB_CR_USD,100.7792616297
2025-07-17,LAB_CR_USD,100.5671880791
2025-07-18,LAB_CR_USD,99.6728041722
2025-07-21,LAB_CR_USD,99.5436149193
2025-07-22,LAB_CR_USD,99.0225158379
2025-07-23,LAB_CR_USD,98.4215623495
2025-07-24,LAB_CR_USD,97.9706617932
2025-07-25,LAB_CR_USD,98.0061235211
2025-07-28,LAB_CR_USD,97.8596385739
2025-07-29,LAB_CR_USD,97.1797224965
2025-07-30,LAB_CR_USD,97.4945026994
2025-07-31,LAB_CR_USD,97.9756050349
2025-08-01,LAB_CR_USD,98.8904906970
2025-08-04,LAB_CR_USD,99.2368500488
2025-08-05,LAB_CR_USD,99.7887045045
2025-08-06,LAB_CR_USD,99.2352394393
2025-08-07,LAB_CR_USD,99.2274613276
2025-08-08,LAB_CR_USD,99.4921445141
2025-08-11,LAB_CR_USD,99.5450520088
2025-08-12,LAB_CR_USD,99.0878182107
2025-08-13,LAB_CR_USD,99.2227249236
2025-08-14,LAB_CR_USD,99.2550334972
2025-08-15,LAB_CR_USD,98.2760262428
2025-08-18,LAB_CR_USD,98.4951863539
2025-08-19,LAB_CR_USD,98.2567090775
2025-08-20,LAB_CR_USD,98.8909746160
2025-08-21,LAB_CR_USD,99.3408571695
2025-08-22,LAB_CR_USD,98.8898771331
2025-08-25,LAB_CR_USD,98.6669311269
2025-08-26,LAB_CR_USD,99.2310589476
2025-08-27,LAB_CR_USD,98.2957835386
2025-08-28,LAB_CR_USD,98.6619490135
2025-08-29,LAB_CR_USD,99.6862858265
2025-09-01,LAB_CR_USD,100.2863994008
2025-09-02,LAB_CR_USD,100.7683572357
2025-09-03,LAB_CR_USD,100.4671943667
2025-09-04,LAB_CR_USD,99.1566847489
2025-09-05,LAB_CR_USD,99.6797946452
2025-09-08,LAB_CR_USD,99.3968470121
2025-09-09,LAB_CR_USD,99.1837005337
2025-09-10,LAB_CR_USD,99.7851101445
2025-09-11,LAB_CR_USD,99.3280007984
2025-09-12,LAB_CR_USD,99.9348232757
2025-09-15,LAB_CR_USD,101.1515252471
2025-09-16,LAB_CR_USD,101.1771046128
2025-09-17,LAB_CR_USD,101.0564937036
2025-09-18,LAB_CR_USD,101.7679862321
2025-09-19,LAB_CR_USD,103.1080601905
2025-09-22,LAB_CR_USD,103.8555647404
2025-09-23,LAB_CR_USD,103.2819741573
2025-09-24,LAB_CR_USD,103.6693064742
2025-09-25,LAB_CR_USD,103.6111253918
2025-09-26,LAB_CR_USD,103.8239682067
2025-09-29,LAB_CR_USD,102.1567712882
2025-09-30,LAB_CR_USD,101.9058069652
2025-10-01,LAB_CR_USD,101.8169619241
2025-10-02,LAB_CR_USD,101.6245493254
2025-10-03,LAB_CR_USD,101.8532854167
2025-10-06,LAB_CR_USD,102.5796999265
2025-10-07,LAB_CR_USD,102.6139958117
2025-10-08,LAB_CR_USD,103.0677537419
2025-10-09,LAB_CR_USD,102.6123493825
2025-10-10,LAB_CR_USD,102.9270934780
2025-10-13,LAB_CR_USD,102.7965330450
2025-10-14,LAB_CR_USD,103.0889778854
2025-10-15,LAB_CR_USD,103.3771072437
2025-10-16,LAB_CR_USD,103.2911864735
2025-10-17,LAB_CR_USD,102.6257493041
2025-10-20,LAB_CR_USD,102.0357582293
2025-10-21,LAB_CR_USD,101.9571126706
2025-10-22,LAB_CR_USD,101.9147694301
2025-10-23,LAB_CR_USD,101.3501906238
2025-10-24,LAB_CR_USD,101.5130143931
2025-10-27,LAB_CR_USD,101.3653269789
2025-10-28,LAB_CR_USD,101.0253035370
2025-10-29,LAB_CR_USD,100.6003589202
2025-10-30,LAB_CR_USD,100.6074735275
2025-10-31,LAB_CR_USD,101.1665046826
2025-11-03,LAB_CR_USD,101.5035361151
2025-11-04,LAB_CR_USD,101.8698307659
2025-11-05,LAB_CR_USD,101.4105453583
2025-11-06,LAB_CR_USD,101.2589466807
2025-11-07,LAB_CR_USD,101.3835235078
2025-11-10,LAB_CR_USD,101.6878256557
2025-11-11,LAB_CR_USD,103.1100599790
2025-11-12,LAB_CR_USD,103.4062567211
2025-11-13,LAB_CR_USD,102.8409432159
2025-11-14,LAB_CR_USD,101.8193113154
2025-11-17,LAB_CR_USD,102.0878518471
2025-11-18,LAB_CR_USD,101.6001948312
2025-11-19,LAB_CR_USD,102.2194851713
2025-11-20,LAB_CR_USD,101.9020832898
2025-11-21,LAB_CR_USD,102.5874781876
2025-11-24,LAB_CR_USD,102.4928319408
2025-11-25,LAB_CR_USD,102.3425377084
2025-11-26,LAB_CR_USD,101.9709550646
2025-11-27,LAB_CR_USD,102.2999472031
2025-11-28,LAB_CR_USD,102.7775914675
2025-12-01,LAB_CR_USD,103.2700033727
2025-12-02,LAB_CR_USD,103.1609550761
2025-12-03,LAB_CR_USD,102.7180253892
2025-12-04,LAB_CR_USD,102.4575250776
2025-12-05,LAB_CR_USD,102.0961332089
2025-12-08,LAB_CR_USD,102.1527300656
2025-12-09,LAB_CR_USD,101.2053155810
2025-12-10,LAB_CR_USD,100.0708274842
2025-12-11,LAB_CR_USD,99.6668611152
2025-12-12,LAB_CR_USD,99.8450873484
2025-12-15,LAB_CR_USD,99.2147412909
2025-12-16,LAB_CR_USD,100.3054242457
2025-12-17,LAB_CR_USD,99.9011970511
2025-12-18,LAB_CR_USD,101.2270782221
2025-12-19,LAB_CR_USD,100.6275776485
2025-12-22,LAB_CR_USD,100.7998626070
2025-12-23,LAB_CR_USD,100.7193580679
2025-12-24,LAB_CR_USD,101.4496545611
2025-12-25,LAB_CR_USD,101.8701191395
2025-12-26,LAB_CR_USD,102.1512052996
2025-12-29,LAB_CR_USD,101.9987163218
2025-12-30,LAB_CR_USD,101.7797332740
2025-12-31,LAB_CR_USD,102.2910715157
2021-01-04,LAB_EQ_EUR_A,84.0000000000
2021-01-05,LAB_EQ_EUR_A,83.3869836180
2021-01-06,LAB_EQ_EUR_A,84.1360498362
2021-01-07,LAB_EQ_EUR_A,84.6499286503
2021-01-08,LAB_EQ_EUR_A,84.2459867320
2021-01-11,LAB_EQ_EUR_A,84.2342205068
2021-01-12,LAB_EQ_EUR_A,83.7604738320
2021-01-13,LAB_EQ_EUR_A,82.9023602356
2021-01-14,LAB_EQ_EUR_A,82.7536493542
2021-01-15,LAB_EQ_EUR_A,83.9790572127
2021-01-18,LAB_EQ_EUR_A,84.3513816936
2021-01-19,LAB_EQ_EUR_A,83.6501853856
2021-01-20,LAB_EQ_EUR_A,83.7535090990
2021-01-21,LAB_EQ_EUR_A,83.1821299656
2021-01-22,LAB_EQ_EUR_A,82.7936408100
2021-01-25,LAB_EQ_EUR_A,81.6158482914
2021-01-26,LAB_EQ_EUR_A,80.3852234261
2021-01-27,LAB_EQ_EUR_A,80.0743345509
2021-01-28,LAB_EQ_EUR_A,80.8257233748
2021-01-29,LAB_EQ_EUR_A,82.0033077989
2021-02-01,LAB_EQ_EUR_A,82.2667324178
2021-02-02,LAB_EQ_EUR_A,81.2292083432
2021-02-03,LAB_EQ_EUR_A,82.5949894553
2021-02-04,LAB_EQ_EUR_A,82.0394092690
2021-02-05,LAB_EQ_EUR_A,83.3257840397
2021-02-08,LAB_EQ_EUR_A,83.0181935280
2021-02-09,LAB_EQ_EUR_A,82.3688887528
2021-02-10,LAB_EQ_EUR_A,82.5372813468
2021-02-11,LAB_EQ_EUR_A,82.9269504486
2021-02-12,LAB_EQ_EUR_A,81.2358586961
2021-02-15,LAB_EQ_EUR_A,78.6545580352
2021-02-16,LAB_EQ_EUR_A,77.0875746976
2021-02-17,LAB_EQ_EUR_A,77.7674326609
2021-02-18,LAB_EQ_EUR_A,77.2631322041
2021-02-19,LAB_EQ_EUR_A,76.2642917006
2021-02-22,LAB_EQ_EUR_A,74.5345856589
2021-02-23,LAB_EQ_EUR_A,74.6495512627
2021-02-24,LAB_EQ_EUR_A,75.4815829062
2021-02-25,LAB_EQ_EUR_A,76.3533781142
2021-02-26,LAB_EQ_EUR_A,76.1774523755
2021-03-01,LAB_EQ_EUR_A,75.4634353575
2021-03-02,LAB_EQ_EUR_A,74.3603840813
2021-03-03,LAB_EQ_EUR_A,73.6988061161
2021-03-04,LAB_EQ_EUR_A,73.8317288833
2021-03-05,LAB_EQ_EUR_A,73.6914091011
2021-03-08,LAB_EQ_EUR_A,73.8083392933
2021-03-09,LAB_EQ_EUR_A,73.7665687275
2021-03-10,LAB_EQ_EUR_A,74.9304337896
2021-03-11,LAB_EQ_EUR_A,76.7065898651
2021-03-12,LAB_EQ_EUR_A,76.4140073233
2021-03-15,LAB_EQ_EUR_A,76.1368770783
2021-03-16,LAB_EQ_EUR_A,76.1137063289
2021-03-17,LAB_EQ_EUR_A,75.9725200823
2021-03-18,LAB_EQ_EUR_A,75.9539115870
2021-03-19,LAB_EQ_EUR_A,76.7563678022
2021-03-22,LAB_EQ_EUR_A,77.2306530053
2021-03-23,LAB_EQ_EUR_A,75.5213884574
2021-03-24,LAB_EQ_EUR_A,76.0436730074
2021-03-25,LAB_EQ_EUR_A,77.0848011673
2021-03-26,LAB_EQ_EUR_A,76.9751335256
2021-03-29,LAB_EQ_EUR_A,77.1422874295
2021-03-30,LAB_EQ_EUR_A,77.7509209590
2021-03-31,LAB_EQ_EUR_A,79.1408699501
2021-04-01,LAB_EQ_EUR_A,77.5813037752
2021-04-02,LAB_EQ_EUR_A,77.3357596414
2021-04-05,LAB_EQ_EUR_A,77.2465261450
2021-04-06,LAB_EQ_EUR_A,77.3949171533
2021-04-07,LAB_EQ_EUR_A,77.4788770238
2021-04-08,LAB_EQ_EUR_A,76.1205632609
2021-04-09,LAB_EQ_EUR_A,77.1539559926
2021-04-12,LAB_EQ_EUR_A,75.6505137218
2021-04-13,LAB_EQ_EUR_A,73.6664173836
2021-04-14,LAB_EQ_EUR_A,72.7564603742
2021-04-15,LAB_EQ_EUR_A,71.3043328725
2021-04-16,LAB_EQ_EUR_A,71.2222871664
2021-04-19,LAB_EQ_EUR_A,69.4800567428
2021-04-20,LAB_EQ_EUR_A,71.3082092093
2021-04-21,LAB_EQ_EUR_A,69.9985114862
2021-04-22,LAB_EQ_EUR_A,69.1287932644
2021-04-23,LAB_EQ_EUR_A,68.6765761370
2021-04-26,LAB_EQ_EUR_A,68.9201188805
2021-04-27,LAB_EQ_EUR_A,68.5565991939
2021-04-28,LAB_EQ_EUR_A,67.6526269235
2021-04-29,LAB_EQ_EUR_A,68.0696670326
2021-04-30,LAB_EQ_EUR_A,67.0826881537
2021-05-03,LAB_EQ_EUR_A,68.0655601871
2021-05-04,LAB_EQ_EUR_A,66.9660050354
2021-05-05,LAB_EQ_EUR_A,65.7226745224
2021-05-06,LAB_EQ_EUR_A,66.6771591032
2021-05-07,LAB_EQ_EUR_A,67.9644923271
2021-05-10,LAB_EQ_EUR_A,68.0298775284
2021-05-11,LAB_EQ_EUR_A,68.2145824786
2021-05-12,LAB_EQ_EUR_A,68.2330636530
2021-05-13,LAB_EQ_EUR_A,68.1254289071
2021-05-14,LAB_EQ_EUR_A,67.4760486530
2021-05-17,LAB_EQ_EUR_A,67.0032336755
2021-05-18,LAB_EQ_EUR_A,66.4784324888
2021-05-19,LAB_EQ_EUR_A,67.1214842818
2021-05-20,LAB_EQ_EUR_A,67.9114665590
2021-05-21,LAB_EQ_EUR_A,66.3956253517
2021-05-24,LAB_EQ_EUR_A,67.3059454835
2021-05-25,LAB_EQ_EUR_A,67.7858566281
2021-05-26,LAB_EQ_EUR_A,68.1498509390
2021-05-27,LAB_EQ_EUR_A,68.3821404267
2021-05-28,LAB_EQ_EUR_A,68.0387208493
2021-05-31,LAB_EQ_EUR_A,67.4373709686
2021-06-01,LAB_EQ_EUR_A,66.5868030401
2021-06-02,LAB_EQ_EUR_A,66.9995809080
2021-06-03,LAB_EQ_EUR_A,67.6175491907
2021-06-04,LAB_EQ_EUR_A,66.8727772734
2021-06-07,LAB_EQ_EUR_A,67.2135122732
2021-06-08,LAB_EQ_EUR_A,68.6879819414
2021-06-09,LAB_EQ_EUR_A,68.9418989465
2021-06-10,LAB_EQ_EUR_A,69.9203706341
2021-06-11,LAB_EQ_EUR_A,70.1831616997
2021-06-14,LAB_EQ_EUR_A,71.9395720549
2021-06-15,LAB_EQ_EUR_A,70.2715160740
2021-06-16,LAB_EQ_EUR_A,69.7731856520
2021-06-17,LAB_EQ_EUR_A,70.1763024197
2021-06-18,LAB_EQ_EUR_A,70.2982901229
2021-06-21,LAB_EQ_EUR_A,70.3971134821
2021-06-22,LAB_EQ_EUR_A,70.4573391736
2021-06-23,LAB_EQ_EUR_A,70.3319365050
2021-06-24,LAB_EQ_EUR_A,69.3407285287
2021-06-25,LAB_EQ_EUR_A,69.4987181370
2021-06-28,LAB_EQ_EUR_A,71.0343450840
2021-06-29,LAB_EQ_EUR_A,68.5618512111
2021-06-30,LAB_EQ_EUR_A,67.8399415490
2021-07-01,LAB_EQ_EUR_A,67.6517699751
2021-07-02,LAB_EQ_EUR_A,66.8078961261
2021-07-05,LAB_EQ_EUR_A,66.5671232451
2021-07-06,LAB_EQ_EUR_A,67.0844778588
2021-07-07,LAB_EQ_EUR_A,67.6359909184
2021-07-08,LAB_EQ_EUR_A,68.3798914939
2021-07-09,LAB_EQ_EUR_A,70.7101524976
2021-07-12,LAB_EQ_EUR_A,70.7704282550
2021-07-13,LAB_EQ_EUR_A,71.6520883116
2021-07-14,LAB_EQ_EUR_A,72.0335458707
2021-07-15,LAB_EQ_EUR_A,71.6074003104
2021-07-16,LAB_EQ_EUR_A,71.9440204619
2021-07-19,LAB_EQ_EUR_A,71.6721461098
2021-07-20,LAB_EQ_EUR_A,71.4728745139
2021-07-21,LAB_EQ_EUR_A,71.7966234297
2021-07-22,LAB_EQ_EUR_A,72.9314842893
2021-07-23,LAB_EQ_EUR_A,71.9663189273
2021-07-26,LAB_EQ_EUR_A,72.9482120997
2021-07-27,LAB_EQ_EUR_A,72.5645852953
2021-07-28,LAB_EQ_EUR_A,73.6603447631
2021-07-29,LAB_EQ_EUR_A,74.6959030242
2021-07-30,LAB_EQ_EUR_A,73.6700717933
2021-08-02,LAB_EQ_EUR_A,73.8807637678
2021-08-03,LAB_EQ_EUR_A,73.2825947676
2021-08-04,LAB_EQ_EUR_A,71.6568411994
2021-08-05,LAB_EQ_EUR_A,70.3970592498
2021-08-06,LAB_EQ_EUR_A,71.6744802735
2021-08-09,LAB_EQ_EUR_A,70.7904186227
2021-08-10,LAB_EQ_EUR_A,72.0988189530
2021-08-11,LAB_EQ_EUR_A,73.8446019049
2021-08-12,LAB_EQ_EUR_A,74.3995526019
2021-08-13,LAB_EQ_EUR_A,74.4441587706
2021-08-16,LAB_EQ_EUR_A,76.1425969890
2021-08-17,LAB_EQ_EUR_A,76.3364180054
2021-08-18,LAB_EQ_EUR_A,76.7942000719
2021-08-19,LAB_EQ_EUR_A,76.2015590715
2021-08-20,LAB_EQ_EUR_A,77.6173003681
2021-08-23,LAB_EQ_EUR_A,79.2249388670
2021-08-24,LAB_EQ_EUR_A,78.8782844968
2021-08-25,LAB_EQ_EUR_A,79.1148369767
2021-08-26,LAB_EQ_EUR_A,78.3603203274
2021-08-27,LAB_EQ_EUR_A,79.1608321110
2021-08-30,LAB_EQ_EUR_A,78.0704782648
2021-08-31,LAB_EQ_EUR_A,78.4334963470
2021-09-01,LAB_EQ_EUR_A,78.3087794368
2021-09-02,LAB_EQ_EUR_A,77.4922940363
2021-09-03,LAB_EQ_EUR_A,76.6890037058
2021-09-06,LAB_EQ_EUR_A,76.3330622903
2021-09-07,LAB_EQ_EUR_A,75.9392733693
2021-09-08,LAB_EQ_EUR_A,75.7721562190
2021-09-09,LAB_EQ_EUR_A,75.9058178014
2021-09-10,LAB_EQ_EUR_A,76.3731308381
2021-09-13,LAB_EQ_EUR_A,75.6736464924
2021-09-14,LAB_EQ_EUR_A,74.6402097361
2021-09-15,LAB_EQ_EUR_A,74.1107129247
2021-09-16,LAB_EQ_EUR_A,75.0405119209
2021-09-17,LAB_EQ_EUR_A,74.0531793634
2021-09-20,LAB_EQ_EUR_A,72.3692926134
2021-09-21,LAB_EQ_EUR_A,73.4508918772
2021-09-22,LAB_EQ_EUR_A,74.1808368349
2021-09-23,LAB_EQ_EUR_A,74.2147253392
2021-09-24,LAB_EQ_EUR_A,76.1360535406
2021-09-27,LAB_EQ_EUR_A,75.0440251303
2021-09-28,LAB_EQ_EUR_A,75.9718382115
2021-09-29,LAB_EQ_EUR_A,77.0199122642
2021-09-30,LAB_EQ_EUR_A,78.3844917732
2021-10-01,LAB_EQ_EUR_A,77.3411150541
2021-10-04,LAB_EQ_EUR_A,78.3929328242
2021-10-05,LAB_EQ_EUR_A,77.3159021043
2021-10-06,LAB_EQ_EUR_A,77.0420707659
2021-10-07,LAB_EQ_EUR_A,78.5266638806
2021-10-08,LAB_EQ_EUR_A,79.1819480544
2021-10-11,LAB_EQ_EUR_A,80.4405524319
2021-10-12,LAB_EQ_EUR_A,79.4905814057
2021-10-13,LAB_EQ_EUR_A,80.8553511937
2021-10-14,LAB_EQ_EUR_A,80.4314466282
2021-10-15,LAB_EQ_EUR_A,80.6129227486
2021-10-18,LAB_EQ_EUR_A,80.6519448763
2021-10-19,LAB_EQ_EUR_A,80.5016178316
2021-10-20,LAB_EQ_EUR_A,79.9247146656
2021-10-21,LAB_EQ_EUR_A,80.6074320079
2021-10-22,LAB_EQ_EUR_A,81.7046090914
2021-10-25,LAB_EQ_EUR_A,80.6883110525
2021-10-26,LAB_EQ_EUR_A,82.7941544950
2021-10-27,LAB_EQ_EUR_A,83.8854686618
2021-10-28,LAB_EQ_EUR_A,83.7021943191
2021-10-29,LAB_EQ_EUR_A,82.7803160371
2021-11-01,LAB_EQ_EUR_A,82.6456216342
2021-11-02,LAB_EQ_EUR_A,82.1990855447
2021-11-03,LAB_EQ_EUR_A,84.1507855297
2021-11-04,LAB_EQ_EUR_A,84.9509808909
2021-11-05,LAB_EQ_EUR_A,87.2877840160
2021-11-08,LAB_EQ_EUR_A,88.4227627620
2021-11-09,LAB_EQ_EUR_A,88.6170063890
2021-11-10,LAB_EQ_EUR_A,87.6590763876
2021-11-11,LAB_EQ_EUR_A,86.3866649434
2021-11-12,LAB_EQ_EUR_A,87.1912277300
2021-11-15,LAB_EQ_EUR_A,87.6281999633
2021-11-16,LAB_EQ_EUR_A,87.6285730399
2021-11-17,LAB_EQ_EUR_A,89.1377377467
2021-11-18,LAB_EQ_EUR_A,91.0853340356
2021-11-19,LAB_EQ_EUR_A,93.0986545822
2021-11-22,LAB_EQ_EUR_A,93.4061426415
2021-11-23,LAB_EQ_EUR_A,92.1997663693
2021-11-24,LAB_EQ_EUR_A,91.1552312909
2021-11-25,LAB_EQ_EUR_A,91.1600345122
2021-11-26,LAB_EQ_EUR_A,92.0043101315
2021-11-29,LAB_EQ_EUR_A,91.0270518823
2021-11-30,LAB_EQ_EUR_A,90.4759495069
2021-12-01,LAB_EQ_EUR_A,90.5104895172
2021-12-02,LAB_EQ_EUR_A,89.9701590887
2021-12-03,LAB_EQ_EUR_A,91.5419194165
2021-12-06,LAB_EQ_EUR_A,91.1799998198
2021-12-07,LAB_EQ_EUR_A,91.3160124927
2021-12-08,LAB_EQ_EUR_A,91.3755569023
2021-12-09,LAB_EQ_EUR_A,91.5619179397
2021-12-10,LAB_EQ_EUR_A,92.1858474402
2021-12-13,LAB_EQ_EUR_A,92.1623122967
2021-12-14,LAB_EQ_EUR_A,92.3696007822
2021-12-15,LAB_EQ_EUR_A,93.6266493441
2021-12-16,LAB_EQ_EUR_A,96.8191215453
2021-12-17,LAB_EQ_EUR_A,96.2114630298
2021-12-20,LAB_EQ_EUR_A,95.6861480823
2021-12-21,LAB_EQ_EUR_A,97.0721248792
2021-12-22,LAB_EQ_EUR_A,99.2791805980
2021-12-23,LAB_EQ_EUR_A,99.0053157153
2021-12-24,LAB_EQ_EUR_A,99.2554372361
2021-12-27,LAB_EQ_EUR_A,99.2302751532
2021-12-28,LAB_EQ_EUR_A,99.3852856289
2021-12-29,LAB_EQ_EUR_A,100.8675606105
2021-12-30,LAB_EQ_EUR_A,101.4543689380
2021-12-31,LAB_EQ_EUR_A,102.5266055122
2022-01-03,LAB_EQ_EUR_A,103.2765916713
2022-01-04,LAB_EQ_EUR_A,103.8188727829
2022-01-05,LAB_EQ_EUR_A,104.1641320886
2022-01-06,LAB_EQ_EUR_A,104.5576675049
2022-01-07,LAB_EQ_EUR_A,104.9955181837
2022-01-10,LAB_EQ_EUR_A,104.3477500559
2022-01-11,LAB_EQ_EUR_A,104.0165852155
2022-01-12,LAB_EQ_EUR_A,104.8275198529
2022-01-13,LAB_EQ_EUR_A,106.6532120883
2022-01-14,LAB_EQ_EUR_A,107.0992307425
2022-01-17,LAB_EQ_EUR_A,106.9662385580
2022-01-18,LAB_EQ_EUR_A,106.0737943386
2022-01-19,LAB_EQ_EUR_A,105.3501756682
2022-01-20,LAB_EQ_EUR_A,107.6304678522
2022-01-21,LAB_EQ_EUR_A,106.9444924855
2022-01-24,LAB_EQ_EUR_A,107.1427161969
2022-01-25,LAB_EQ_EUR_A,108.3696571139
2022-01-26,LAB_EQ_EUR_A,108.1600600925
2022-01-27,LAB_EQ_EUR_A,106.1941797007
2022-01-28,LAB_EQ_EUR_A,107.0629399055
2022-01-31,LAB_EQ_EUR_A,106.4148380876
2022-02-01,LAB_EQ_EUR_A,107.7208024213
2022-02-02,LAB_EQ_EUR_A,106.9045803184
2022-02-03,LAB_EQ_EUR_A,108.9217372615
2022-02-04,LAB_EQ_EUR_A,109.1339515865
2022-02-07,LAB_EQ_EUR_A,108.7333776463
2022-02-08,LAB_EQ_EUR_A,110.5269469447
2022-02-09,LAB_EQ_EUR_A,109.6488849669
2022-02-10,LAB_EQ_EUR_A,109.1779751358
2022-02-11,LAB_EQ_EUR_A,110.1367415502
2022-02-14,LAB_EQ_EUR_A,110.9654264354
2022-02-15,LAB_EQ_EUR_A,111.1707100081
2022-02-16,LAB_EQ_EUR_A,112.0414994900
2022-02-17,LAB_EQ_EUR_A,112.5738496907
2022-02-18,LAB_EQ_EUR_A,113.8953226330
2022-02-21,LAB_EQ_EUR_A,111.7438420225
2022-02-22,LAB_EQ_EUR_A,109.6455765945
2022-02-23,LAB_EQ_EUR_A,109.0599407292
2022-02-24,LAB_EQ_EUR_A,108.8737810072
2022-02-25,LAB_EQ_EUR_A,109.6287219544
2022-02-28,LAB_EQ_EUR_A,109.8759410034
2022-03-01,LAB_EQ_EUR_A,111.0847562119
2022-03-02,LAB_EQ_EUR_A,110.1843792264
2022-03-03,LAB_EQ_EUR_A,109.4123521346
2022-03-04,LAB_EQ_EUR_A,107.0188327729
2022-03-07,LAB_EQ_EUR_A,105.7355884960
2022-03-08,LAB_EQ_EUR_A,106.6716552976
2022-03-09,LAB_EQ_EUR_A,108.0695357231
2022-03-10,LAB_EQ_EUR_A,108.1918050942
2022-03-11,LAB_EQ_EUR_A,106.8384096493
2022-03-14,LAB_EQ_EUR_A,106.9582155318
2022-03-15,LAB_EQ_EUR_A,107.5847493374
2022-03-16,LAB_EQ_EUR_A,107.8088029173
2022-03-17,LAB_EQ_EUR_A,108.7208530227
2022-03-18,LAB_EQ_EUR_A,106.4592745344
2022-03-21,LAB_EQ_EUR_A,107.6612990255
2022-03-22,LAB_EQ_EUR_A,109.8132235563
2022-03-23,LAB_EQ_EUR_A,112.8976154959
2022-03-24,LAB_EQ_EUR_A,114.7290295570
2022-03-25,LAB_EQ_EUR_A,116.1767181644
2022-03-28,LAB_EQ_EUR_A,117.9057976671
2022-03-29,LAB_EQ_EUR_A,118.5093210751
2022-03-30,LAB_EQ_EUR_A,119.2302144593
2022-03-31,LAB_EQ_EUR_A,120.2021055097
2022-04-01,LAB_EQ_EUR_A,119.0142831926
2022-04-04,LAB_EQ_EUR_A,119.1118699051
2022-04-05,LAB_EQ_EUR_A,118.2708255130
2022-04-06,LAB_EQ_EUR_A,120.3636147343
2022-04-07,LAB_EQ_EUR_A,118.6092351852
2022-04-08,LAB_EQ_EUR_A,121.8383802143
2022-04-11,LAB_EQ_EUR_A,121.2238140679
2022-04-12,LAB_EQ_EUR_A,121.0421832480
2022-04-13,LAB_EQ_EUR_A,121.9695006888
2022-04-14,LAB_EQ_EUR_A,121.1778155478
2022-04-15,LAB_EQ_EUR_A,123.5295544491
2022-04-18,LAB_EQ_EUR_A,123.6588892880
2022-04-19,LAB_EQ_EUR_A,121.7164687510
2022-04-20,LAB_EQ_EUR_A,122.2381812771
2022-04-21,LAB_EQ_EUR_A,123.1074815612
2022-04-22,LAB_EQ_EUR_A,124.8829746946
2022-04-25,LAB_EQ_EUR_A,125.5194947793
2022-04-26,LAB_EQ_EUR_A,123.5660418914
2022-04-27,LAB_EQ_EUR_A,122.1949307719
2022-04-28,LAB_EQ_EUR_A,122.5036123929
2022-04-29,LAB_EQ_EUR_A,121.3541504009
2022-05-02,LAB_EQ_EUR_A,120.2831403244
2022-05-03,LAB_EQ_EUR_A,120.7192076903
2022-05-04,LAB_EQ_EUR_A,123.7189571246
2022-05-05,LAB_EQ_EUR_A,123.7854733865
2022-05-06,LAB_EQ_EUR_A,123.1510787608
2022-05-09,LAB_EQ_EUR_A,124.0027278696
2022-05-10,LAB_EQ_EUR_A,121.1430356855
2022-05-11,LAB_EQ_EUR_A,119.7482042286
2022-05-12,LAB_EQ_EUR_A,121.3319995148
2022-05-13,LAB_EQ_EUR_A,124.5564744461
2022-05-16,LAB_EQ_EUR_A,124.2438682973
2022-05-17,LAB_EQ_EUR_A,123.5581785359
2022-05-18,LAB_EQ_EUR_A,123.6721870456
2022-05-19,LAB_EQ_EUR_A,125.7743445199
2022-05-20,LAB_EQ_EUR_A,124.4766422389
2022-05-23,LAB_EQ_EUR_A,126.6299872217
2022-05-24,LAB_EQ_EUR_A,127.5724498177
2022-05-25,LAB_EQ_EUR_A,128.3021989201
2022-05-26,LAB_EQ_EUR_A,129.9649558987
2022-05-27,LAB_EQ_EUR_A,128.3694562753
2022-05-30,LAB_EQ_EUR_A,127.1800422081
2022-05-31,LAB_EQ_EUR_A,127.9624170247
2022-06-01,LAB_EQ_EUR_A,127.2042820593
2022-06-02,LAB_EQ_EUR_A,124.7777775202
2022-06-03,LAB_EQ_EUR_A,127.3571972284
2022-06-06,LAB_EQ_EUR_A,127.6367327068
2022-06-07,LAB_EQ_EUR_A,127.8928859629
2022-06-08,LAB_EQ_EUR_A,127.6256835001
2022-06-09,LAB_EQ_EUR_A,124.9122518628
2022-06-10,LAB_EQ_EUR_A,125.4936350643
2022-06-13,LAB_EQ_EUR_A,124.9523008608
2022-06-14,LAB_EQ_EUR_A,122.0182635984
2022-06-15,LAB_EQ_EUR_A,123.5858546464
2022-06-16,LAB_EQ_EUR_A,125.3830145703
2022-06-17,LAB_EQ_EUR_A,124.9639635527
2022-06-20,LAB_EQ_EUR_A,124.7524400964
2022-06-21,LAB_EQ_EUR_A,123.9483756882
2022-06-22,LAB_EQ_EUR_A,122.3645978412
2022-06-23,LAB_EQ_EUR_A,122.6118034967
2022-06-24,LAB_EQ_EUR_A,123.5326930177
2022-06-27,LAB_EQ_EUR_A,122.8646050250
2022-06-28,LAB_EQ_EUR_A,123.2806198970
2022-06-29,LAB_EQ_EUR_A,126.2884273225
2022-06-30,LAB_EQ_EUR_A,127.6062851409
2022-07-01,LAB_EQ_EUR_A,128.2325701235
2022-07-04,LAB_EQ_EUR_A,126.9984640443
2022-07-05,LAB_EQ_EUR_A,125.6067653698
2022-07-06,LAB_EQ_EUR_A,127.9349641778
2022-07-07,LAB_EQ_EUR_A,126.3588819584
2022-07-08,LAB_EQ_EUR_A,125.2079269161
2022-07-11,LAB_EQ_EUR_A,127.3688593831
2022-07-12,LAB_EQ_EUR_A,127.9791834517
2022-07-13,LAB_EQ_EUR_A,128.5650155307
2022-07-14,LAB_EQ_EUR_A,131.5978106108
2022-07-15,LAB_EQ_EUR_A,134.1996191895
2022-07-18,LAB_EQ_EUR_A,136.0482190876
2022-07-19,LAB_EQ_EUR_A,135.8467434752
2022-07-20,LAB_EQ_EUR_A,133.5367009053
2022-07-21,LAB_EQ_EUR_A,132.1574262629
2022-07-22,LAB_EQ_EUR_A,130.4869449449
2022-07-25,LAB_EQ_EUR_A,131.1928333378
2022-07-26,LAB_EQ_EUR_A,128.8029543794
2022-07-27,LAB_EQ_EUR_A,125.6936257370
2022-07-28,LAB_EQ_EUR_A,125.7146610692
2022-07-29,LAB_EQ_EUR_A,127.5070158782
2022-08-01,LAB_EQ_EUR_A,127.4016650689
2022-08-02,LAB_EQ_EUR_A,127.7119646701
2022-08-03,LAB_EQ_EUR_A,130.0784797989
2022-08-04,LAB_EQ_EUR_A,130.3202614553
2022-08-05,LAB_EQ_EUR_A,129.9756063321
2022-08-08,LAB_EQ_EUR_A,129.6845141927
2022-08-09,LAB_EQ_EUR_A,128.5956611458
2022-08-10,LAB_EQ_EUR_A,128.1226677665
2022-08-11,LAB_EQ_EUR_A,129.3483561561
2022-08-12,LAB_EQ_EUR_A,129.2890528151
2022-08-15,LAB_EQ_EUR_A,129.5283534422
2022-08-16,LAB_EQ_EUR_A,129.5920391314
2022-08-17,LAB_EQ_EUR_A,131.4002764353
2022-08-18,LAB_EQ_EUR_A,130.2438922147
2022-08-19,LAB_EQ_EUR_A,130.5232807431
2022-08-22,LAB_EQ_EUR_A,132.8274745723
2022-08-23,LAB_EQ_EUR_A,134.1540849256
2022-08-24,LAB_EQ_EUR_A,135.6620145246
2022-08-25,LAB_EQ_EUR_A,138.4585913254
2022-08-26,LAB_EQ_EUR_A,135.0595329257
2022-08-29,LAB_EQ_EUR_A,133.7152414712
2022-08-30,LAB_EQ_EUR_A,136.2523543443
2022-08-31,LAB_EQ_EUR_A,136.5631128967
2022-09-01,LAB_EQ_EUR_A,134.6999022886
2022-09-02,LAB_EQ_EUR_A,135.9193254935
2022-09-05,LAB_EQ_EUR_A,138.2530366224
2022-09-06,LAB_EQ_EUR_A,137.2304718512
2022-09-07,LAB_EQ_EUR_A,136.9191391340
2022-09-08,LAB_EQ_EUR_A,138.7207478564
2022-09-09,LAB_EQ_EUR_A,139.6705095345
2022-09-12,LAB_EQ_EUR_A,142.9452491467
2022-09-13,LAB_EQ_EUR_A,141.2505833575
2022-09-14,LAB_EQ_EUR_A,144.2710952786
2022-09-15,LAB_EQ_EUR_A,142.3791876398
2022-09-16,LAB_EQ_EUR_A,145.4316294022
2022-09-19,LAB_EQ_EUR_A,147.1958775952
2022-09-20,LAB_EQ_EUR_A,144.3639231681
2022-09-21,LAB_EQ_EUR_A,146.0119552503
2022-09-22,LAB_EQ_EUR_A,146.8866335363
2022-09-23,LAB_EQ_EUR_A,147.0488307241
2022-09-26,LAB_EQ_EUR_A,148.0954355270
2022-09-27,LAB_EQ_EUR_A,148.3840341455
2022-09-28,LAB_EQ_EUR_A,145.4206479971
2022-09-29,LAB_EQ_EUR_A,142.4370564277
2022-09-30,LAB_EQ_EUR_A,141.5621224167
2022-10-03,LAB_EQ_EUR_A,140.2599771576
2022-10-04,LAB_EQ_EUR_A,142.6544066025
2022-10-05,LAB_EQ_EUR_A,141.4891296344
2022-10-06,LAB_EQ_EUR_A,142.9662182979
2022-10-07,LAB_EQ_EUR_A,145.2356798758
2022-10-10,LAB_EQ_EUR_A,143.2581175616
2022-10-11,LAB_EQ_EUR_A,142.5714720224
2022-10-12,LAB_EQ_EUR_A,141.0559737805
2022-10-13,LAB_EQ_EUR_A,145.0345091165
2022-10-14,LAB_EQ_EUR_A,143.1930218961
2022-10-17,LAB_EQ_EUR_A,141.0200172465
2022-10-18,LAB_EQ_EUR_A,140.9718131464
2022-10-19,LAB_EQ_EUR_A,138.7671646394
2022-10-20,LAB_EQ_EUR_A,138.5591400288
2022-10-21,LAB_EQ_EUR_A,136.3891257898
2022-10-24,LAB_EQ_EUR_A,140.4127576201
2022-10-25,LAB_EQ_EUR_A,142.2851535066
2022-10-26,LAB_EQ_EUR_A,141.0718053351
2022-10-27,LAB_EQ_EUR_A,142.4017132028
2022-10-28,LAB_EQ_EUR_A,142.0217399373
2022-10-31,LAB_EQ_EUR_A,141.1553300153
2022-11-01,LAB_EQ_EUR_A,143.4207862156
2022-11-02,LAB_EQ_EUR_A,142.0451911583
2022-11-03,LAB_EQ_EUR_A,142.3566989630
2022-11-04,LAB_EQ_EUR_A,140.4697004509
2022-11-07,LAB_EQ_EUR_A,142.6923297167
2022-11-08,LAB_EQ_EUR_A,141.5489563150
2022-11-09,LAB_EQ_EUR_A,140.4048234246
2022-11-10,LAB_EQ_EUR_A,139.9968256122
2022-11-11,LAB_EQ_EUR_A,137.7606586669
2022-11-14,LAB_EQ_EUR_A,138.2549491669
2022-11-15,LAB_EQ_EUR_A,138.4221818471
2022-11-16,LAB_EQ_EUR_A,136.2773791949
2022-11-17,LAB_EQ_EUR_A,136.6663190325
2022-11-18,LAB_EQ_EUR_A,139.0357785758
2022-11-21,LAB_EQ_EUR_A,134.9642427307
2022-11-22,LAB_EQ_EUR_A,134.7712558896
2022-11-23,LAB_EQ_EUR_A,133.0308554296
2022-11-24,LAB_EQ_EUR_A,132.5764103624
2022-11-25,LAB_EQ_EUR_A,133.4650593732
2022-11-28,LAB_EQ_EUR_A,131.9093365679
2022-11-29,LAB_EQ_EUR_A,133.1851660795
2022-11-30,LAB_EQ_EUR_A,132.0365387351
2022-12-01,LAB_EQ_EUR_A,132.3965650477
2022-12-02,LAB_EQ_EUR_A,131.6589222676
2022-12-05,LAB_EQ_EUR_A,132.0559159077
2022-12-06,LAB_EQ_EUR_A,131.0735901437
2022-12-07,LAB_EQ_EUR_A,131.2448060034
2022-12-08,LAB_EQ_EUR_A,132.0118942449
2022-12-09,LAB_EQ_EUR_A,134.0326962691
2022-12-12,LAB_EQ_EUR_A,134.8185651874
2022-12-13,LAB_EQ_EUR_A,137.0679253276
2022-12-14,LAB_EQ_EUR_A,137.9978807883
2022-12-15,LAB_EQ_EUR_A,138.5425283523
2022-12-16,LAB_EQ_EUR_A,137.7136944390
2022-12-19,LAB_EQ_EUR_A,138.6316871346
2022-12-20,LAB_EQ_EUR_A,138.3306246419
2022-12-21,LAB_EQ_EUR_A,141.3310987032
2022-12-22,LAB_EQ_EUR_A,140.1615898840
2022-12-23,LAB_EQ_EUR_A,138.8430236030
2022-12-26,LAB_EQ_EUR_A,137.2948639965
2022-12-27,LAB_EQ_EUR_A,136.6236104911
2022-12-28,LAB_EQ_EUR_A,137.0399638474
2022-12-29,LAB_EQ_EUR_A,134.7178728520
2022-12-30,LAB_EQ_EUR_A,134.5088245271
2023-01-02,LAB_EQ_EUR_A,135.6251627817
2023-01-03,LAB_EQ_EUR_A,135.7942416682
2023-01-04,LAB_EQ_EUR_A,136.5388664523
2023-01-05,LAB_EQ_EUR_A,137.6737290032
2023-01-06,LAB_EQ_EUR_A,137.7882576129
2023-01-09,LAB_EQ_EUR_A,135.6394696296
2023-01-10,LAB_EQ_EUR_A,136.9698975584
2023-01-11,LAB_EQ_EUR_A,135.4833817559
2023-01-12,LAB_EQ_EUR_A,136.2279388772
2023-01-13,LAB_EQ_EUR_A,136.0667383216
2023-01-16,LAB_EQ_EUR_A,132.6422980117
2023-01-17,LAB_EQ_EUR_A,133.0620645231
2023-01-18,LAB_EQ_EUR_A,131.2097767014
2023-01-19,LAB_EQ_EUR_A,130.9386306525
2023-01-20,LAB_EQ_EUR_A,128.9195512991
2023-01-23,LAB_EQ_EUR_A,127.9846029017
2023-01-24,LAB_EQ_EUR_A,127.6424433174
2023-01-25,LAB_EQ_EUR_A,128.8202879021
2023-01-26,LAB_EQ_EUR_A,129.0918914096
2023-01-27,LAB_EQ_EUR_A,130.6914444543
2023-01-30,LAB_EQ_EUR_A,130.6138436611
2023-01-31,LAB_EQ_EUR_A,127.4575665326
2023-02-01,LAB_EQ_EUR_A,127.9849980691
2023-02-02,LAB_EQ_EUR_A,129.4671991186
2023-02-03,LAB_EQ_EUR_A,130.1541144385
2023-02-06,LAB_EQ_EUR_A,128.7318643309
2023-02-07,LAB_EQ_EUR_A,126.3369710051
2023-02-08,LAB_EQ_EUR_A,127.9585280850
2023-02-09,LAB_EQ_EUR_A,129.8189083784
2023-02-10,LAB_EQ_EUR_A,127.2606669895
2023-02-13,LAB_EQ_EUR_A,127.3058365984
2023-02-14,LAB_EQ_EUR_A,127.7531430047
2023-02-15,LAB_EQ_EUR_A,127.7794726602
2023-02-16,LAB_EQ_EUR_A,126.0991554531
2023-02-17,LAB_EQ_EUR_A,127.2367171194
2023-02-20,LAB_EQ_EUR_A,128.3891801948
2023-02-21,LAB_EQ_EUR_A,130.0077289048
2023-02-22,LAB_EQ_EUR_A,131.1347478639
2023-02-23,LAB_EQ_EUR_A,128.8945339405
2023-02-24,LAB_EQ_EUR_A,128.3514460828
2023-02-27,LAB_EQ_EUR_A,127.0639828576
2023-02-28,LAB_EQ_EUR_A,125.6183638778
2023-03-01,LAB_EQ_EUR_A,123.2869820603
2023-03-02,LAB_EQ_EUR_A,122.1562111178
2023-03-03,LAB_EQ_EUR_A,120.6626610004
2023-03-06,LAB_EQ_EUR_A,124.3582735927
2023-03-07,LAB_EQ_EUR_A,125.8593084854
2023-03-08,LAB_EQ_EUR_A,127.6989481064
2023-03-09,LAB_EQ_EUR_A,125.7215249106
2023-03-10,LAB_EQ_EUR_A,125.5432467906
2023-03-13,LAB_EQ_EUR_A,123.3372323552
2023-03-14,LAB_EQ_EUR_A,125.6767209787
2023-03-15,LAB_EQ_EUR_A,127.5466936900
2023-03-16,LAB_EQ_EUR_A,126.7504887630
2023-03-17,LAB_EQ_EUR_A,124.6415639906
2023-03-20,LAB_EQ_EUR_A,124.9780373264
2023-03-21,LAB_EQ_EUR_A,123.9483313046
2023-03-22,LAB_EQ_EUR_A,124.1020955947
2023-03-23,LAB_EQ_EUR_A,123.0081824984
2023-03-24,LAB_EQ_EUR_A,122.5614284816
2023-03-27,LAB_EQ_EUR_A,124.2241808790
2023-03-28,LAB_EQ_EUR_A,121.4767700929
2023-03-29,LAB_EQ_EUR_A,121.2877388884
2023-03-30,LAB_EQ_EUR_A,120.7085234352
2023-03-31,LAB_EQ_EUR_A,120.2951643037
2023-04-03,LAB_EQ_EUR_A,119.3719321859
2023-04-04,LAB_EQ_EUR_A,114.4413675363
2023-04-05,LAB_EQ_EUR_A,114.7560174269
2023-04-06,LAB_EQ_EUR_A,113.5883940541
2023-04-07,LAB_EQ_EUR_A,113.8306724315
2023-04-10,LAB_EQ_EUR_A,110.0473568275
2023-04-11,LAB_EQ_EUR_A,110.4741009821
2023-04-12,LAB_EQ_EUR_A,111.5637560939
2023-04-13,LAB_EQ_EUR_A,109.2601248818
2023-04-14,LAB_EQ_EUR_A,108.7227122700
2023-04-17,LAB_EQ_EUR_A,108.5036609918
2023-04-18,LAB_EQ_EUR_A,108.9103311576
2023-04-19,LAB_EQ_EUR_A,107.1823160152
2023-04-20,LAB_EQ_EUR_A,108.4762998373
2023-04-21,LAB_EQ_EUR_A,107.0528879824
2023-04-24,LAB_EQ_EUR_A,106.1781186831
2023-04-25,LAB_EQ_EUR_A,105.4155854018
2023-04-26,LAB_EQ_EUR_A,104.5452082260
2023-04-27,LAB_EQ_EUR_A,102.9537934591
2023-04-28,LAB_EQ_EUR_A,106.2113014792
2023-05-01,LAB_EQ_EUR_A,104.8384901712
2023-05-02,LAB_EQ_EUR_A,103.7035292414
2023-05-03,LAB_EQ_EUR_A,103.6705583376
2023-05-04,LAB_EQ_EUR_A,102.2934430757
2023-05-05,LAB_EQ_EUR_A,101.6863847058
2023-05-08,LAB_EQ_EUR_A,101.3393206221
2023-05-09,LAB_EQ_EUR_A,99.8909180470
2023-05-10,LAB_EQ_EUR_A,100.2929468558
2023-05-11,LAB_EQ_EUR_A,100.5738855154
2023-05-12,LAB_EQ_EUR_A,100.0337755940
2023-05-15,LAB_EQ_EUR_A,99.1691385648
2023-05-16,LAB_EQ_EUR_A,101.5462012396
2023-05-17,LAB_EQ_EUR_A,99.9597020782
2023-05-18,LAB_EQ_EUR_A,100.1148937714
2023-05-19,LAB_EQ_EUR_A,99.1498393309
2023-05-22,LAB_EQ_EUR_A,99.3967756684
2023-05-23,LAB_EQ_EUR_A,99.5064714240
2023-05-24,LAB_EQ_EUR_A,98.6404938745
2023-05-25,LAB_EQ_EUR_A,98.8079132397
2023-05-26,LAB_EQ_EUR_A,99.4462454488
2023-05-29,LAB_EQ_EUR_A,97.5826750978
2023-05-30,LAB_EQ_EUR_A,95.6668242028
2023-05-31,LAB_EQ_EUR_A,95.1703467902
2023-06-01,LAB_EQ_EUR_A,95.0559528164
2023-06-02,LAB_EQ_EUR_A,95.0477353224
2023-06-05,LAB_EQ_EUR_A,94.6025396220
2023-06-06,LAB_EQ_EUR_A,95.4058402658
2023-06-07,LAB_EQ_EUR_A,95.4833723893
2023-06-08,LAB_EQ_EUR_A,97.1456121379
2023-06-09,LAB_EQ_EUR_A,99.3724904848
2023-06-12,LAB_EQ_EUR_A,99.9713738470
2023-06-13,LAB_EQ_EUR_A,98.7955158270
2023-06-14,LAB_EQ_EUR_A,99.6629886396
2023-06-15,LAB_EQ_EUR_A,99.7404064427
2023-06-16,LAB_EQ_EUR_A,99.1681763431
2023-06-19,LAB_EQ_EUR_A,98.8279982335
2023-06-20,LAB_EQ_EUR_A,97.9948142288
2023-06-21,LAB_EQ_EUR_A,98.1430765632
2023-06-22,LAB_EQ_EUR_A,97.1733699864
2023-06-23,LAB_EQ_EUR_A,97.1803438533
2023-06-26,LAB_EQ_EUR_A,99.3944586423
2023-06-27,LAB_EQ_EUR_A,98.5926596918
2023-06-28,LAB_EQ_EUR_A,97.7663288094
2023-06-29,LAB_EQ_EUR_A,99.2552617006
2023-06-30,LAB_EQ_EUR_A,98.7378747442
2023-07-03,LAB_EQ_EUR_A,101.3689773144
2023-07-04,LAB_EQ_EUR_A,101.9875648186
2023-07-05,LAB_EQ_EUR_A,100.7731081328
2023-07-06,LAB_EQ_EUR_A,100.1161613948
2023-07-07,LAB_EQ_EUR_A,98.0879334733
2023-07-10,LAB_EQ_EUR_A,98.2733229608
2023-07-11,LAB_EQ_EUR_A,100.5037400866
2023-07-12,LAB_EQ_EUR_A,99.7577562646
2023-07-13,LAB_EQ_EUR_A,100.1045136076
2023-07-14,LAB_EQ_EUR_A,97.0406737610
2023-07-17,LAB_EQ_EUR_A,95.7284008306
2023-07-18,LAB_EQ_EUR_A,96.6739437798
2023-07-19,LAB_EQ_EUR_A,96.5858104575
2023-07-20,LAB_EQ_EUR_A,96.8479984753
2023-07-21,LAB_EQ_EUR_A,97.5675238226
2023-07-24,LAB_EQ_EUR_A,98.5076215783
2023-07-25,LAB_EQ_EUR_A,98.4758860660
2023-07-26,LAB_EQ_EUR_A,99.3714868782
2023-07-27,LAB_EQ_EUR_A,98.7002059425
2023-07-28,LAB_EQ_EUR_A,98.1866006524
2023-07-31,LAB_EQ_EUR_A,98.2082272784
2023-08-01,LAB_EQ_EUR_A,96.5154871354
2023-08-02,LAB_EQ_EUR_A,96.9647011518
2023-08-03,LAB_EQ_EUR_A,97.6272306619
2023-08-04,LAB_EQ_EUR_A,98.6294066331
2023-08-07,LAB_EQ_EUR_A,98.3723189427
2023-08-08,LAB_EQ_EUR_A,98.0299307362
2023-08-09,LAB_EQ_EUR_A,99.0541360300
2023-08-10,LAB_EQ_EUR_A,99.3915197770
2023-08-11,LAB_EQ_EUR_A,97.4290879295
2023-08-14,LAB_EQ_EUR_A,96.3280839312
2023-08-15,LAB_EQ_EUR_A,96.2429371336
2023-08-16,LAB_EQ_EUR_A,96.0850726232
2023-08-17,LAB_EQ_EUR_A,97.9746364266
2023-08-18,LAB_EQ_EUR_A,98.0416402850
2023-08-21,LAB_EQ_EUR_A,98.8371219189
2023-08-22,LAB_EQ_EUR_A,99.9201702273
2023-08-23,LAB_EQ_EUR_A,98.2499407967
2023-08-24,LAB_EQ_EUR_A,99.6300884856
2023-08-25,LAB_EQ_EUR_A,100.6975026632
2023-08-28,LAB_EQ_EUR_A,99.2244334863
2023-08-29,LAB_EQ_EUR_A,99.7263716801
2023-08-30,LAB_EQ_EUR_A,100.0190784551
2023-08-31,LAB_EQ_EUR_A,100.5401307470
2023-09-01,LAB_EQ_EUR_A,100.7412909570
2023-09-04,LAB_EQ_EUR_A,101.3105219364
2023-09-05,LAB_EQ_EUR_A,102.0124723442
2023-09-06,LAB_EQ_EUR_A,102.8739229459
2023-09-07,LAB_EQ_EUR_A,102.9337053875
2023-09-08,LAB_EQ_EUR_A,103.3674433477
2023-09-11,LAB_EQ_EUR_A,103.7433573247
2023-09-12,LAB_EQ_EUR_A,104.1161123246
2023-09-13,LAB_EQ_EUR_A,106.9186178615
2023-09-14,LAB_EQ_EUR_A,106.0254891584
2023-09-15,LAB_EQ_EUR_A,103.9520477633
2023-09-18,LAB_EQ_EUR_A,104.1406676393
2023-09-19,LAB_EQ_EUR_A,101.6936987843
2023-09-20,LAB_EQ_EUR_A,103.8506463952
2023-09-21,LAB_EQ_EUR_A,106.4544575206
2023-09-22,LAB_EQ_EUR_A,108.6024852169
2023-09-25,LAB_EQ_EUR_A,111.1069868904
2023-09-26,LAB_EQ_EUR_A,110.2401298779
2023-09-27,LAB_EQ_EUR_A,109.4552431870
2023-09-28,LAB_EQ_EUR_A,108.8735317075
2023-09-29,LAB_EQ_EUR_A,108.8667268344
2023-10-02,LAB_EQ_EUR_A,107.5462084823
2023-10-03,LAB_EQ_EUR_A,108.8506287192
2023-10-04,LAB_EQ_EUR_A,108.2584124349
2023-10-05,LAB_EQ_EUR_A,108.4572735805
2023-10-06,LAB_EQ_EUR_A,107.4901680086
2023-10-09,LAB_EQ_EUR_A,107.4988410151
2023-10-10,LAB_EQ_EUR_A,107.5989125933
2023-10-11,LAB_EQ_EUR_A,107.4786327024
2023-10-12,LAB_EQ_EUR_A,109.6745111552
2023-10-13,LAB_EQ_EUR_A,110.3635247103
2023-10-16,LAB_EQ_EUR_A,108.4866872069
2023-10-17,LAB_EQ_EUR_A,105.8567878955
2023-10-18,LAB_EQ_EUR_A,104.3633909224
2023-10-19,LAB_EQ_EUR_A,104.4789520991
2023-10-20,LAB_EQ_EUR_A,105.1020267622
2023-10-23,LAB_EQ_EUR_A,104.9642108561
2023-10-24,LAB_EQ_EUR_A,105.4587175802
2023-10-25,LAB_EQ_EUR_A,105.0877381418
2023-10-26,LAB_EQ_EUR_A,104.7276364207
2023-10-27,LAB_EQ_EUR_A,105.9291866423
2023-10-30,LAB_EQ_EUR_A,105.1710230308
2023-10-31,LAB_EQ_EUR_A,104.2049720955
2023-11-01,LAB_EQ_EUR_A,104.6108413065
2023-11-02,LAB_EQ_EUR_A,103.7786099822
2023-11-03,LAB_EQ_EUR_A,105.3118331384
2023-11-06,LAB_EQ_EUR_A,104.3370633071
2023-11-07,LAB_EQ_EUR_A,105.8743449042
2023-11-08,LAB_EQ_EUR_A,105.3368809331
2023-11-09,LAB_EQ_EUR_A,105.3144751806
2023-11-10,LAB_EQ_EUR_A,107.1343256607
2023-11-13,LAB_EQ_EUR_A,105.8247171007
2023-11-14,LAB_EQ_EUR_A,106.5478629780
2023-11-15,LAB_EQ_EUR_A,104.1059521609
2023-11-16,LAB_EQ_EUR_A,103.5164156892
2023-11-17,LAB_EQ_EUR_A,102.3154722613
2023-11-20,LAB_EQ_EUR_A,102.7475609004
2023-11-21,LAB_EQ_EUR_A,101.4695875364
2023-11-22,LAB_EQ_EUR_A,103.1070200701
2023-11-23,LAB_EQ_EUR_A,99.9953528507
2023-11-24,LAB_EQ_EUR_A,100.1600680114
2023-11-27,LAB_EQ_EUR_A,98.8290834304
2023-11-28,LAB_EQ_EUR_A,99.3738414343
2023-11-29,LAB_EQ_EUR_A,99.9327394836
2023-11-30,LAB_EQ_EUR_A,99.5120039466
2023-12-01,LAB_EQ_EUR_A,99.7204328612
2023-12-04,LAB_EQ_EUR_A,98.9070981482
2023-12-05,LAB_EQ_EUR_A,100.2905244924
2023-12-06,LAB_EQ_EUR_A,100.3392551703
2023-12-07,LAB_EQ_EUR_A,102.7939290844
2023-12-08,LAB_EQ_EUR_A,104.1140835091
2023-12-11,LAB_EQ_EUR_A,102.3983559165
2023-12-12,LAB_EQ_EUR_A,101.6266377874
2023-12-13,LAB_EQ_EUR_A,103.7440412083
2023-12-14,LAB_EQ_EUR_A,102.4331819867
2023-12-15,LAB_EQ_EUR_A,101.9207234924
2023-12-18,LAB_EQ_EUR_A,101.9709523559
2023-12-19,LAB_EQ_EUR_A,103.9397796677
2023-12-20,LAB_EQ_EUR_A,102.0674899779
2023-12-21,LAB_EQ_EUR_A,102.3366782744
2023-12-22,LAB_EQ_EUR_A,102.9205815872
2023-12-25,LAB_EQ_EUR_A,105.2268146278
2023-12-26,LAB_EQ_EUR_A,105.3303451903
2023-12-27,LAB_EQ_EUR_A,106.6296897108
2023-12-28,LAB_EQ_EUR_A,108.2824292633
2023-12-29,LAB_EQ_EUR_A,108.8771079394
2024-01-01,LAB_EQ_EUR_A,109.5340853867
2024-01-02,LAB_EQ_EUR_A,110.7528927439
2024-01-03,LAB_EQ_EUR_A,108.7663018646
2024-01-04,LAB_EQ_EUR_A,108.7976651829
2024-01-05,LAB_EQ_EUR_A,109.4432413657
2024-01-08,LAB_EQ_EUR_A,109.1757427760
2024-01-09,LAB_EQ_EUR_A,109.2097948868
2024-01-10,LAB_EQ_EUR_A,108.0908854641
2024-01-11,LAB_EQ_EUR_A,108.6588615978
2024-01-12,LAB_EQ_EUR_A,107.1976662901
2024-01-15,LAB_EQ_EUR_A,108.4347741746
2024-01-16,LAB_EQ_EUR_A,107.8774894518
2024-01-17,LAB_EQ_EUR_A,108.6771533561
2024-01-18,LAB_EQ_EUR_A,108.4571404826
2024-01-19,LAB_EQ_EUR_A,108.0714864230
2024-01-22,LAB_EQ_EUR_A,109.4985041472
2024-01-23,LAB_EQ_EUR_A,109.6602188387
2024-01-24,LAB_EQ_EUR_A,109.2817374195
2024-01-25,LAB_EQ_EUR_A,108.9736013550
2024-01-26,LAB_EQ_EUR_A,110.5637641680
2024-01-29,LAB_EQ_EUR_A,109.8753955902
2024-01-30,LAB_EQ_EUR_A,108.2537614656
2024-01-31,LAB_EQ_EUR_A,108.9395826222
2024-02-01,LAB_EQ_EUR_A,108.5701349535
2024-02-02,LAB_EQ_EUR_A,108.1164123302
2024-02-05,LAB_EQ_EUR_A,109.5517139570
2024-02-06,LAB_EQ_EUR_A,110.3073410188
2024-02-07,LAB_EQ_EUR_A,109.7287387690
2024-02-08,LAB_EQ_EUR_A,111.1556045692
2024-02-09,LAB_EQ_EUR_A,111.3292715857
2024-02-12,LAB_EQ_EUR_A,109.6064519991
2024-02-13,LAB_EQ_EUR_A,108.7914280321
2024-02-14,LAB_EQ_EUR_A,107.2595230931
2024-02-15,LAB_EQ_EUR_A,107.8397840148
2024-02-16,LAB_EQ_EUR_A,105.3773177777
2024-02-19,LAB_EQ_EUR_A,106.1372763840
2024-02-20,LAB_EQ_EUR_A,105.8763113580
2024-02-21,LAB_EQ_EUR_A,106.5280618058
2024-02-22,LAB_EQ_EUR_A,109.7152045347
2024-02-23,LAB_EQ_EUR_A,111.0759127113
2024-02-26,LAB_EQ_EUR_A,110.2675735539
2024-02-27,LAB_EQ_EUR_A,112.0403856511
2024-02-28,LAB_EQ_EUR_A,115.3937733348
2024-02-29,LAB_EQ_EUR_A,114.9908516982
2024-03-01,LAB_EQ_EUR_A,115.7474492801
2024-03-04,LAB_EQ_EUR_A,115.9663461121
2024-03-05,LAB_EQ_EUR_A,116.4384239639
2024-03-06,LAB_EQ_EUR_A,117.5839830523
2024-03-07,LAB_EQ_EUR_A,117.8301469186
2024-03-08,LAB_EQ_EUR_A,115.8267083877
2024-03-11,LAB_EQ_EUR_A,115.3914153463
2024-03-12,LAB_EQ_EUR_A,116.3815828962
2024-03-13,LAB_EQ_EUR_A,115.0083135130
2024-03-14,LAB_EQ_EUR_A,116.0939103771
2024-03-15,LAB_EQ_EUR_A,117.4482511239
2024-03-18,LAB_EQ_EUR_A,116.4999058199
2024-03-19,LAB_EQ_EUR_A,115.0214683095
2024-03-20,LAB_EQ_EUR_A,117.6221468542
2024-03-21,LAB_EQ_EUR_A,117.8441997374
2024-03-22,LAB_EQ_EUR_A,119.5526474739
2024-03-25,LAB_EQ_EUR_A,121.1857298918
2024-03-26,LAB_EQ_EUR_A,119.3730354047
2024-03-27,LAB_EQ_EUR_A,119.8283802423
2024-03-28,LAB_EQ_EUR_A,120.6522707769
2024-03-29,LAB_EQ_EUR_A,121.1543195456
2024-04-01,LAB_EQ_EUR_A,119.4043017290
2024-04-02,LAB_EQ_EUR_A,120.1420711278
2024-04-03,LAB_EQ_EUR_A,119.8936013607
2024-04-04,LAB_EQ_EUR_A,120.2898459922
2024-04-05,LAB_EQ_EUR_A,120.0734736185
2024-04-08,LAB_EQ_EUR_A,120.5877132596
2024-04-09,LAB_EQ_EUR_A,119.1274857898
2024-04-10,LAB_EQ_EUR_A,123.1894909370
2024-04-11,LAB_EQ_EUR_A,123.8160079968
2024-04-12,LAB_EQ_EUR_A,124.0053467224
2024-04-15,LAB_EQ_EUR_A,123.1604002978
2024-04-16,LAB_EQ_EUR_A,124.0849745393
2024-04-17,LAB_EQ_EUR_A,123.0344826333
2024-04-18,LAB_EQ_EUR_A,122.6053973813
2024-04-19,LAB_EQ_EUR_A,123.8091002528
2024-04-22,LAB_EQ_EUR_A,125.0058449190
2024-04-23,LAB_EQ_EUR_A,123.2842226456
2024-04-24,LAB_EQ_EUR_A,124.6907836114
2024-04-25,LAB_EQ_EUR_A,125.2130211708
2024-04-26,LAB_EQ_EUR_A,126.4275446739
2024-04-29,LAB_EQ_EUR_A,126.7429969414
2024-04-30,LAB_EQ_EUR_A,125.5445463092
2024-05-01,LAB_EQ_EUR_A,124.3622372240
2024-05-02,LAB_EQ_EUR_A,125.6467636218
2024-05-03,LAB_EQ_EUR_A,126.2783043775
2024-05-06,LAB_EQ_EUR_A,128.1249968640
2024-05-07,LAB_EQ_EUR_A,130.2212934542
2024-05-08,LAB_EQ_EUR_A,131.5162770831
2024-05-09,LAB_EQ_EUR_A,129.9054984964
2024-05-10,LAB_EQ_EUR_A,129.7601719681
2024-05-13,LAB_EQ_EUR_A,131.2482140206
2024-05-14,LAB_EQ_EUR_A,129.3337902560
2024-05-15,LAB_EQ_EUR_A,130.5680554006
2024-05-16,LAB_EQ_EUR_A,129.4952579632
2024-05-17,LAB_EQ_EUR_A,129.5852419656
2024-05-20,LAB_EQ_EUR_A,126.1888844915
2024-05-21,LAB_EQ_EUR_A,124.3679488560
2024-05-22,LAB_EQ_EUR_A,126.2496499000
2024-05-23,LAB_EQ_EUR_A,128.6196994668
2024-05-24,LAB_EQ_EUR_A,126.6809373296
2024-05-27,LAB_EQ_EUR_A,125.5767605889
2024-05-28,LAB_EQ_EUR_A,126.0243844590
2024-05-29,LAB_EQ_EUR_A,126.6428035558
2024-05-30,LAB_EQ_EUR_A,124.6065114203
2024-05-31,LAB_EQ_EUR_A,124.6936915675
2024-06-03,LAB_EQ_EUR_A,127.2226663427
2024-06-04,LAB_EQ_EUR_A,125.7302110180
2024-06-05,LAB_EQ_EUR_A,128.3964267269
2024-06-06,LAB_EQ_EUR_A,127.9153844571
2024-06-07,LAB_EQ_EUR_A,128.1871172183
2024-06-10,LAB_EQ_EUR_A,126.3507513099
2024-06-11,LAB_EQ_EUR_A,127.4937234267
2024-06-12,LAB_EQ_EUR_A,128.1472593487
2024-06-13,LAB_EQ_EUR_A,129.7184986325
2024-06-14,LAB_EQ_EUR_A,130.8159337203
2024-06-17,LAB_EQ_EUR_A,129.0622403486
2024-06-18,LAB_EQ_EUR_A,129.7918217091
2024-06-19,LAB_EQ_EUR_A,128.2887909439
2024-06-20,LAB_EQ_EUR_A,132.8588885439
2024-06-21,LAB_EQ_EUR_A,134.7348268537
2024-06-24,LAB_EQ_EUR_A,135.4938647232
2024-06-25,LAB_EQ_EUR_A,133.3021954453
2024-06-26,LAB_EQ_EUR_A,131.7504480299
2024-06-27,LAB_EQ_EUR_A,132.0035138577
2024-06-28,LAB_EQ_EUR_A,133.6725312761
2024-07-01,LAB_EQ_EUR_A,134.0954258095
2024-07-02,LAB_EQ_EUR_A,133.2893515162
2024-07-03,LAB_EQ_EUR_A,134.3748196075
2024-07-04,LAB_EQ_EUR_A,135.1654769846
2024-07-05,LAB_EQ_EUR_A,135.2498433918
2024-07-08,LAB_EQ_EUR_A,135.9336732237
2024-07-09,LAB_EQ_EUR_A,137.2562727578
2024-07-10,LAB_EQ_EUR_A,139.3270347786
2024-07-11,LAB_EQ_EUR_A,140.5815473541
2024-07-12,LAB_EQ_EUR_A,141.0640561545
2024-07-15,LAB_EQ_EUR_A,138.8980724554
2024-07-16,LAB_EQ_EUR_A,141.8560281003
2024-07-17,LAB_EQ_EUR_A,143.2606240852
2024-07-18,LAB_EQ_EUR_A,144.7931035661
2024-07-19,LAB_EQ_EUR_A,142.1455611982
2024-07-22,LAB_EQ_EUR_A,143.7061318274
2024-07-23,LAB_EQ_EUR_A,143.3466410899
2024-07-24,LAB_EQ_EUR_A,141.3979720184
2024-07-25,LAB_EQ_EUR_A,138.8627605916
2024-07-26,LAB_EQ_EUR_A,136.9538727111
2024-07-29,LAB_EQ_EUR_A,135.8549158693
2024-07-30,LAB_EQ_EUR_A,137.1298223365
2024-07-31,LAB_EQ_EUR_A,136.1208805285
2024-08-01,LAB_EQ_EUR_A,138.0138796374
2024-08-02,LAB_EQ_EUR_A,137.9503864201
2024-08-05,LAB_EQ_EUR_A,137.9507849948
2024-08-06,LAB_EQ_EUR_A,137.1750560311
2024-08-07,LAB_EQ_EUR_A,137.9111106155
2024-08-08,LAB_EQ_EUR_A,137.5462777724
2024-08-09,LAB_EQ_EUR_A,136.5472080703
2024-08-12,LAB_EQ_EUR_A,133.1845245620
2024-08-13,LAB_EQ_EUR_A,131.7534027176
2024-08-14,LAB_EQ_EUR_A,131.9471307876
2024-08-15,LAB_EQ_EUR_A,132.8846145043
2024-08-16,LAB_EQ_EUR_A,132.5048215589
2024-08-19,LAB_EQ_EUR_A,130.8393859184
2024-08-20,LAB_EQ_EUR_A,131.4033293750
2024-08-21,LAB_EQ_EUR_A,129.0668432118
2024-08-22,LAB_EQ_EUR_A,125.9860168842
2024-08-23,LAB_EQ_EUR_A,126.9502783942
2024-08-26,LAB_EQ_EUR_A,126.8981978986
2024-08-27,LAB_EQ_EUR_A,126.8127307438
2024-08-28,LAB_EQ_EUR_A,127.0001231326
2024-08-29,LAB_EQ_EUR_A,128.2606349568
2024-08-30,LAB_EQ_EUR_A,126.9868944607
2024-09-02,LAB_EQ_EUR_A,126.5104086914
2024-09-03,LAB_EQ_EUR_A,124.2666315983
2024-09-04,LAB_EQ_EUR_A,124.9844766667
2024-09-05,LAB_EQ_EUR_A,124.0803966427
2024-09-06,LAB_EQ_EUR_A,122.5657974173
2024-09-09,LAB_EQ_EUR_A,122.9523941973
2024-09-10,LAB_EQ_EUR_A,122.9438703140
2024-09-11,LAB_EQ_EUR_A,123.5951866884
2024-09-12,LAB_EQ_EUR_A,123.4992778259
2024-09-13,LAB_EQ_EUR_A,122.2677049529
2024-09-16,LAB_EQ_EUR_A,122.8911571023
2024-09-17,LAB_EQ_EUR_A,123.3852589320
2024-09-18,LAB_EQ_EUR_A,122.5371733567
2024-09-19,LAB_EQ_EUR_A,121.8156256887
2024-09-20,LAB_EQ_EUR_A,119.2997108681
2024-09-23,LAB_EQ_EUR_A,115.6742221727
2024-09-24,LAB_EQ_EUR_A,116.4091913433
2024-09-25,LAB_EQ_EUR_A,118.5432551392
2024-09-26,LAB_EQ_EUR_A,116.4749618783
2024-09-27,LAB_EQ_EUR_A,117.1456224858
2024-09-30,LAB_EQ_EUR_A,117.2643783110
2024-10-01,LAB_EQ_EUR_A,119.4241804423
2024-10-02,LAB_EQ_EUR_A,121.9517888990
2024-10-03,LAB_EQ_EUR_A,121.3563440662
2024-10-04,LAB_EQ_EUR_A,121.5616901451
2024-10-07,LAB_EQ_EUR_A,122.2443528202
2024-10-08,LAB_EQ_EUR_A,125.3560884932
2024-10-09,LAB_EQ_EUR_A,122.5366001135
2024-10-10,LAB_EQ_EUR_A,123.2063193875
2024-10-11,LAB_EQ_EUR_A,121.8529555320
2024-10-14,LAB_EQ_EUR_A,122.4919959393
2024-10-15,LAB_EQ_EUR_A,121.8596314545
2024-10-16,LAB_EQ_EUR_A,122.1211996551
2024-10-17,LAB_EQ_EUR_A,122.4950734720
2024-10-18,LAB_EQ_EUR_A,123.7892923830
2024-10-21,LAB_EQ_EUR_A,123.7156910779
2024-10-22,LAB_EQ_EUR_A,122.7532787250
2024-10-23,LAB_EQ_EUR_A,120.4484511493
2024-10-24,LAB_EQ_EUR_A,118.4886637497
2024-10-25,LAB_EQ_EUR_A,117.3558166795
2024-10-28,LAB_EQ_EUR_A,117.3710298080
2024-10-29,LAB_EQ_EUR_A,117.3788922750
2024-10-30,LAB_EQ_EUR_A,116.3674017169
2024-10-31,LAB_EQ_EUR_A,117.3751394474
2024-11-01,LAB_EQ_EUR_A,116.5870830825
2024-11-04,LAB_EQ_EUR_A,116.1148714959
2024-11-05,LAB_EQ_EUR_A,117.3794827234
2024-11-06,LAB_EQ_EUR_A,113.9393891483
2024-11-07,LAB_EQ_EUR_A,113.0880713170
2024-11-08,LAB_EQ_EUR_A,110.2780966790
2024-11-11,LAB_EQ_EUR_A,110.3808985909
2024-11-12,LAB_EQ_EUR_A,110.7365356114
2024-11-13,LAB_EQ_EUR_A,107.7020979462
2024-11-14,LAB_EQ_EUR_A,106.0370308646
2024-11-15,LAB_EQ_EUR_A,105.9764889151
2024-11-18,LAB_EQ_EUR_A,106.6434862841
2024-11-19,LAB_EQ_EUR_A,107.0200424174
2024-11-20,LAB_EQ_EUR_A,106.0686171334
2024-11-21,LAB_EQ_EUR_A,105.2823925865
2024-11-22,LAB_EQ_EUR_A,105.3967829308
2024-11-25,LAB_EQ_EUR_A,105.7101175107
2024-11-26,LAB_EQ_EUR_A,104.3810424056
2024-11-27,LAB_EQ_EUR_A,105.1517169772
2024-11-28,LAB_EQ_EUR_A,105.6703780696
2024-11-29,LAB_EQ_EUR_A,105.7855526301
2024-12-02,LAB_EQ_EUR_A,109.7017140498
2024-12-03,LAB_EQ_EUR_A,110.4379470176
2024-12-04,LAB_EQ_EUR_A,110.0726162535
2024-12-05,LAB_EQ_EUR_A,109.5330273471
2024-12-06,LAB_EQ_EUR_A,110.1437267577
2024-12-09,LAB_EQ_EUR_A,108.1286443080
2024-12-10,LAB_EQ_EUR_A,107.0451410560
2024-12-11,LAB_EQ_EUR_A,107.6888569065
2024-12-12,LAB_EQ_EUR_A,108.8067675694
2024-12-13,LAB_EQ_EUR_A,109.6667367196
2024-12-16,LAB_EQ_EUR_A,110.7712740524
2024-12-17,LAB_EQ_EUR_A,108.4435567138
2024-12-18,LAB_EQ_EUR_A,110.7387265183
2024-12-19,LAB_EQ_EUR_A,110.3486213235
2024-12-20,LAB_EQ_EUR_A,107.9494453921
2024-12-23,LAB_EQ_EUR_A,107.8549663267
2024-12-24,LAB_EQ_EUR_A,107.5637502922
2024-12-25,LAB_EQ_EUR_A,105.6215151903
2024-12-26,LAB_EQ_EUR_A,105.6158491316
2024-12-27,LAB_EQ_EUR_A,103.4180386237
2024-12-30,LAB_EQ_EUR_A,102.8244371549
2024-12-31,LAB_EQ_EUR_A,105.5313822480
2025-01-01,LAB_EQ_EUR_A,104.7838342264
2025-01-02,LAB_EQ_EUR_A,106.2685303885
2025-01-03,LAB_EQ_EUR_A,103.9347376599
2025-01-06,LAB_EQ_EUR_A,103.7590102741
2025-01-07,LAB_EQ_EUR_A,102.9013106647
2025-01-08,LAB_EQ_EUR_A,106.6499095861
2025-01-09,LAB_EQ_EUR_A,105.6348265859
2025-01-10,LAB_EQ_EUR_A,104.2638786418
2025-01-13,LAB_EQ_EUR_A,102.2283461151
2025-01-14,LAB_EQ_EUR_A,102.4617884003
2025-01-15,LAB_EQ_EUR_A,101.9913533678
2025-01-16,LAB_EQ_EUR_A,102.4223192293
2025-01-17,LAB_EQ_EUR_A,101.2563331642
2025-01-20,LAB_EQ_EUR_A,100.3213497612
2025-01-21,LAB_EQ_EUR_A,100.2028440493
2025-01-22,LAB_EQ_EUR_A,102.2191508221
2025-01-23,LAB_EQ_EUR_A,104.1580713669
2025-01-24,LAB_EQ_EUR_A,104.1787488892
2025-01-27,LAB_EQ_EUR_A,103.5209246969
2025-01-28,LAB_EQ_EUR_A,105.0225401933
2025-01-29,LAB_EQ_EUR_A,105.6542900774
2025-01-30,LAB_EQ_EUR_A,103.7105162224
2025-01-31,LAB_EQ_EUR_A,103.9117608339
2025-02-03,LAB_EQ_EUR_A,104.0959886452
2025-02-04,LAB_EQ_EUR_A,104.4955111643
2025-02-05,LAB_EQ_EUR_A,106.6014776480
2025-02-06,LAB_EQ_EUR_A,105.5060297669
2025-02-07,LAB_EQ_EUR_A,106.1189614142
2025-02-10,LAB_EQ_EUR_A,108.2800674822
2025-02-11,LAB_EQ_EUR_A,107.8374917690
2025-02-12,LAB_EQ_EUR_A,105.7070610336
2025-02-13,LAB_EQ_EUR_A,106.6422171948
2025-02-14,LAB_EQ_EUR_A,107.5883211739
2025-02-17,LAB_EQ_EUR_A,106.2355864937
2025-02-18,LAB_EQ_EUR_A,105.2768893595
2025-02-19,LAB_EQ_EUR_A,104.8144765382
2025-02-20,LAB_EQ_EUR_A,103.7941666247
2025-02-21,LAB_EQ_EUR_A,103.3328099604
2025-02-24,LAB_EQ_EUR_A,101.0053291368
2025-02-25,LAB_EQ_EUR_A,102.5260411699
2025-02-26,LAB_EQ_EUR_A,101.2160900987
2025-02-27,LAB_EQ_EUR_A,100.1800377242
2025-02-28,LAB_EQ_EUR_A,99.7274065779
2025-03-03,LAB_EQ_EUR_A,99.7931206646
2025-03-04,LAB_EQ_EUR_A,98.2329707536
2025-03-05,LAB_EQ_EUR_A,95.9736142606
2025-03-06,LAB_EQ_EUR_A,96.0985578263
2025-03-07,LAB_EQ_EUR_A,94.5706148007
2025-03-10,LAB_EQ_EUR_A,95.3451508853
2025-03-11,LAB_EQ_EUR_A,94.8481449620
2025-03-12,LAB_EQ_EUR_A,94.0185606342
2025-03-13,LAB_EQ_EUR_A,95.5003921945
2025-03-14,LAB_EQ_EUR_A,94.8490469531
2025-03-17,LAB_EQ_EUR_A,94.5354409835
2025-03-18,LAB_EQ_EUR_A,95.1566752879
2025-03-19,LAB_EQ_EUR_A,96.5443930935
2025-03-20,LAB_EQ_EUR_A,95.5436489213
2025-03-21,LAB_EQ_EUR_A,94.8656846543
2025-03-24,LAB_EQ_EUR_A,94.8040815286
2025-03-25,LAB_EQ_EUR_A,94.9186654547
2025-03-26,LAB_EQ_EUR_A,93.2697083641
2025-03-27,LAB_EQ_EUR_A,93.6302022217
2025-03-28,LAB_EQ_EUR_A,95.1810143810
2025-03-31,LAB_EQ_EUR_A,94.4914425238
2025-04-01,LAB_EQ_EUR_A,94.2362475260
2025-04-02,LAB_EQ_EUR_A,93.5680361982
2025-04-03,LAB_EQ_EUR_A,93.1597758836
2025-04-04,LAB_EQ_EUR_A,94.4902591123
2025-04-07,LAB_EQ_EUR_A,94.0619525391
2025-04-08,LAB_EQ_EUR_A,95.3205224081
2025-04-09,LAB_EQ_EUR_A,95.4792772913
2025-04-10,LAB_EQ_EUR_A,95.8082355479
2025-04-11,LAB_EQ_EUR_A,97.6070183737
2025-04-14,LAB_EQ_EUR_A,95.2854572908
2025-04-15,LAB_EQ_EUR_A,95.2596616654
2025-04-16,LAB_EQ_EUR_A,95.0366947156
2025-04-17,LAB_EQ_EUR_A,95.5854432511
2025-04-18,LAB_EQ_EUR_A,96.2225100530
2025-04-21,LAB_EQ_EUR_A,96.3573792297
2025-04-22,LAB_EQ_EUR_A,95.0855456512
2025-04-23,LAB_EQ_EUR_A,93.4537850907
2025-04-24,LAB_EQ_EUR_A,94.2086884979
2025-04-25,LAB_EQ_EUR_A,94.8049139310
2025-04-28,LAB_EQ_EUR_A,92.8919940679
2025-04-29,LAB_EQ_EUR_A,92.2553837911
2025-04-30,LAB_EQ_EUR_A,92.9652522437
2025-05-01,LAB_EQ_EUR_A,94.9585806631
2025-05-02,LAB_EQ_EUR_A,95.2644628667
2025-05-05,LAB_EQ_EUR_A,96.5604451602
2025-05-06,LAB_EQ_EUR_A,95.4827805474
2025-05-07,LAB_EQ_EUR_A,95.3525323650
2025-05-08,LAB_EQ_EUR_A,93.2809300232
2025-05-09,LAB_EQ_EUR_A,94.1670566482
2025-05-12,LAB_EQ_EUR_A,93.6703828432
2025-05-13,LAB_EQ_EUR_A,92.7925401706
2025-05-14,LAB_EQ_EUR_A,93.0049987639
2025-05-15,LAB_EQ_EUR_A,92.5679274332
2025-05-16,LAB_EQ_EUR_A,91.6446500588
2025-05-19,LAB_EQ_EUR_A,94.8208736769
2025-05-20,LAB_EQ_EUR_A,95.2029648043
2025-05-21,LAB_EQ_EUR_A,97.2306640728
2025-05-22,LAB_EQ_EUR_A,97.6200710481
2025-05-23,LAB_EQ_EUR_A,96.6229439462
2025-05-26,LAB_EQ_EUR_A,97.2742177725
2025-05-27,LAB_EQ_EUR_A,98.2756204411
2025-05-28,LAB_EQ_EUR_A,96.7904036065
2025-05-29,LAB_EQ_EUR_A,97.2191901442
2025-05-30,LAB_EQ_EUR_A,96.6592475213
2025-06-02,LAB_EQ_EUR_A,98.2299635874
2025-06-03,LAB_EQ_EUR_A,97.2783754234
2025-06-04,LAB_EQ_EUR_A,97.2622337826
2025-06-05,LAB_EQ_EUR_A,94.0488708586
2025-06-06,LAB_EQ_EUR_A,93.2672865250
2025-06-09,LAB_EQ_EUR_A,92.6621535027
2025-06-10,LAB_EQ_EUR_A,91.8275114947
2025-06-11,LAB_EQ_EUR_A,92.8338797556
2025-06-12,LAB_EQ_EUR_A,93.9044348839
2025-06-13,LAB_EQ_EUR_A,93.9615558116
2025-06-16,LAB_EQ_EUR_A,94.4457086037
2025-06-17,LAB_EQ_EUR_A,94.2457296011
2025-06-18,LAB_EQ_EUR_A,93.9119799942
2025-06-19,LAB_EQ_EUR_A,92.7705781130
2025-06-20,LAB_EQ_EUR_A,93.2347412277
2025-06-23,LAB_EQ_EUR_A,92.7444402110
2025-06-24,LAB_EQ_EUR_A,92.7830636230
2025-06-25,LAB_EQ_EUR_A,93.1821343611
2025-06-26,LAB_EQ_EUR_A,92.4473650058
2025-06-27,LAB_EQ_EUR_A,92.3204277473
2025-06-30,LAB_EQ_EUR_A,91.1538899238
2025-07-01,LAB_EQ_EUR_A,89.4879785909
2025-07-02,LAB_EQ_EUR_A,89.2981994110
2025-07-03,LAB_EQ_EUR_A,90.9452228653
2025-07-04,LAB_EQ_EUR_A,93.8086317130
2025-07-07,LAB_EQ_EUR_A,93.7559278205
2025-07-08,LAB_EQ_EUR_A,92.8885608153
2025-07-09,LAB_EQ_EUR_A,93.7639469447
2025-07-10,LAB_EQ_EUR_A,93.8999397580
2025-07-11,LAB_EQ_EUR_A,95.0595663329
2025-07-14,LAB_EQ_EUR_A,93.4631097070
2025-07-15,LAB_EQ_EUR_A,95.2969554343
2025-07-16,LAB_EQ_EUR_A,95.7674863963
2025-07-17,LAB_EQ_EUR_A,94.6627317442
2025-07-18,LAB_EQ_EUR_A,92.6594417774
2025-07-21,LAB_EQ_EUR_A,91.7228687992
2025-07-22,LAB_EQ_EUR_A,92.6469767211
2025-07-23,LAB_EQ_EUR_A,91.7302347835
2025-07-24,LAB_EQ_EUR_A,91.0982795377
2025-07-25,LAB_EQ_EUR_A,91.9990883763
2025-07-28,LAB_EQ_EUR_A,92.2389680482
2025-07-29,LAB_EQ_EUR_A,92.0708984686
2025-07-30,LAB_EQ_EUR_A,91.8740697816
2025-07-31,LAB_EQ_EUR_A,91.6033348747
2025-08-01,LAB_EQ_EUR_A,90.7680847172
2025-08-04,LAB_EQ_EUR_A,93.9932462687
2025-08-05,LAB_EQ_EUR_A,95.4013234269
2025-08-06,LAB_EQ_EUR_A,95.8620128803
2025-08-07,LAB_EQ_EUR_A,95.8182233786
2025-08-08,LAB_EQ_EUR_A,96.8835214483
2025-08-11,LAB_EQ_EUR_A,97.5133827767
2025-08-12,LAB_EQ_EUR_A,96.8529970830
2025-08-13,LAB_EQ_EUR_A,97.1076937050
2025-08-14,LAB_EQ_EUR_A,95.9681382612
2025-08-15,LAB_EQ_EUR_A,96.3510711037
2025-08-18,LAB_EQ_EUR_A,94.7018139824
2025-08-19,LAB_EQ_EUR_A,93.1676304133
2025-08-20,LAB_EQ_EUR_A,93.8240556430
2025-08-21,LAB_EQ_EUR_A,94.5109528050
2025-08-22,LAB_EQ_EUR_A,94.4343428149
2025-08-25,LAB_EQ_EUR_A,95.3176932229
2025-08-26,LAB_EQ_EUR_A,93.9325300903
2025-08-27,LAB_EQ_EUR_A,92.6227947527
2025-08-28,LAB_EQ_EUR_A,92.1439590942
2025-08-29,LAB_EQ_EUR_A,92.2942303664
2025-09-01,LAB_EQ_EUR_A,94.3601141290
2025-09-02,LAB_EQ_EUR_A,95.8004301621
2025-09-03,LAB_EQ_EUR_A,96.9374628695
2025-09-04,LAB_EQ_EUR_A,94.8226938805
2025-09-05,LAB_EQ_EUR_A,96.3354073267
2025-09-08,LAB_EQ_EUR_A,94.9319959743
2025-09-09,LAB_EQ_EUR_A,93.8848425712
2025-09-10,LAB_EQ_EUR_A,92.9618793834
2025-09-11,LAB_EQ_EUR_A,89.9781210879
2025-09-12,LAB_EQ_EUR_A,90.6164926921
2025-09-15,LAB_EQ_EUR_A,91.8610037519
2025-09-16,LAB_EQ_EUR_A,91.1736983524
2025-09-17,LAB_EQ_EUR_A,90.6256094336
2025-09-18,LAB_EQ_EUR_A,90.1616504493
2025-09-19,LAB_EQ_EUR_A,92.5862440624
2025-09-22,LAB_EQ_EUR_A,94.1806891810
2025-09-23,LAB_EQ_EUR_A,93.9752218182
2025-09-24,LAB_EQ_EUR_A,92.1683354455
2025-09-25,LAB_EQ_EUR_A,89.4272373328
2025-09-26,LAB_EQ_EUR_A,88.5138126363
2025-09-29,LAB_EQ_EUR_A,87.7812602960
2025-09-30,LAB_EQ_EUR_A,87.2137901924
2025-10-01,LAB_EQ_EUR_A,88.0330249364
2025-10-02,LAB_EQ_EUR_A,87.4140316312
2025-10-03,LAB_EQ_EUR_A,86.8629055041
2025-10-06,LAB_EQ_EUR_A,86.2800704541
2025-10-07,LAB_EQ_EUR_A,87.0277443509
2025-10-08,LAB_EQ_EUR_A,87.5266294981
2025-10-09,LAB_EQ_EUR_A,88.2230112310
2025-10-10,LAB_EQ_EUR_A,90.3704899680
2025-10-13,LAB_EQ_EUR_A,87.9821874858
2025-10-14,LAB_EQ_EUR_A,86.7610812062
2025-10-15,LAB_EQ_EUR_A,86.2908029197
2025-10-16,LAB_EQ_EUR_A,86.4712738555
2025-10-17,LAB_EQ_EUR_A,86.4224236759
2025-10-20,LAB_EQ_EUR_A,86.8903948446
2025-10-21,LAB_EQ_EUR_A,88.1310818500
2025-10-22,LAB_EQ_EUR_A,88.2930758108
2025-10-23,LAB_EQ_EUR_A,85.8218924846
2025-10-24,LAB_EQ_EUR_A,86.0833360121
2025-10-27,LAB_EQ_EUR_A,87.4895964759
2025-10-28,LAB_EQ_EUR_A,88.2882797862
2025-10-29,LAB_EQ_EUR_A,87.4609743183
2025-10-30,LAB_EQ_EUR_A,86.3601178629
2025-10-31,LAB_EQ_EUR_A,87.6177912586
2025-11-03,LAB_EQ_EUR_A,89.1952721952
2025-11-04,LAB_EQ_EUR_A,90.8518930065
2025-11-05,LAB_EQ_EUR_A,89.8636683255
2025-11-06,LAB_EQ_EUR_A,89.8622194235
2025-11-07,LAB_EQ_EUR_A,89.2621543497
2025-11-10,LAB_EQ_EUR_A,88.7245902495
2025-11-11,LAB_EQ_EUR_A,89.8838557496
2025-11-12,LAB_EQ_EUR_A,90.1475889353
2025-11-13,LAB_EQ_EUR_A,91.3595756912
2025-11-14,LAB_EQ_EUR_A,91.9842874756
2025-11-17,LAB_EQ_EUR_A,91.0573556470
2025-11-18,LAB_EQ_EUR_A,90.0004443648
2025-11-19,LAB_EQ_EUR_A,89.1183053779
2025-11-20,LAB_EQ_EUR_A,89.7999661536
2025-11-21,LAB_EQ_EUR_A,89.6768967192
2025-11-24,LAB_EQ_EUR_A,89.4694957455
2025-11-25,LAB_EQ_EUR_A,90.1987363247
2025-11-26,LAB_EQ_EUR_A,90.1539623979
2025-11-27,LAB_EQ_EUR_A,89.7068454817
2025-11-28,LAB_EQ_EUR_A,90.2659982145
2025-12-01,LAB_EQ_EUR_A,92.7057612939
2025-12-02,LAB_EQ_EUR_A,92.9534403171
2025-12-03,LAB_EQ_EUR_A,89.3157120654
2025-12-04,LAB_EQ_EUR_A,90.4744797086
2025-12-05,LAB_EQ_EUR_A,87.4714439707
2025-12-08,LAB_EQ_EUR_A,87.1718278764
2025-12-09,LAB_EQ_EUR_A,86.6340569579
2025-12-10,LAB_EQ_EUR_A,85.0150396073
2025-12-11,LAB_EQ_EUR_A,84.8686259333
2025-12-12,LAB_EQ_EUR_A,84.5001140476
2025-12-15,LAB_EQ_EUR_A,84.3366545288
2025-12-16,LAB_EQ_EUR_A,86.1219335437
2025-12-17,LAB_EQ_EUR_A,86.2577101696
2025-12-18,LAB_EQ_EUR_A,87.9032410794
2025-12-19,LAB_EQ_EUR_A,88.6131573891
2025-12-22,LAB_EQ_EUR_A,89.3716161530
2025-12-23,LAB_EQ_EUR_A,89.3154811102
2025-12-24,LAB_EQ_EUR_A,89.1770046518
2025-12-25,LAB_EQ_EUR_A,90.5311470396
2025-12-26,LAB_EQ_EUR_A,92.1113478120
2025-12-29,LAB_EQ_EUR_A,91.6841322434
2025-12-30,LAB_EQ_EUR_A,93.6165985527
2025-12-31,LAB_EQ_EUR_A,92.8201910821
2021-01-04,LAB_EQ_EUR_B,132.0000000000
2021-01-05,LAB_EQ_EUR_B,130.6254104136
2021-01-06,LAB_EQ_EUR_B,129.2533371219
2021-01-07,LAB_EQ_EUR_B,129.1517606839
2021-01-08,LAB_EQ_EUR_B,128.8555065944
2021-01-11,LAB_EQ_EUR_B,129.7243938183
2021-01-12,LAB_EQ_EUR_B,130.0409533571
2021-01-13,LAB_EQ_EUR_B,129.3632329868
2021-01-14,LAB_EQ_EUR_B,130.5521555918
2021-01-15,LAB_EQ_EUR_B,130.9050895769
2021-01-18,LAB_EQ_EUR_B,130.4388729327
2021-01-19,LAB_EQ_EUR_B,129.3608447673
2021-01-20,LAB_EQ_EUR_B,128.9725731819
2021-01-21,LAB_EQ_EUR_B,129.8295086988
2021-01-22,LAB_EQ_EUR_B,127.1314578595
2021-01-25,LAB_EQ_EUR_B,128.2415647316
2021-01-26,LAB_EQ_EUR_B,127.6016075112
2021-01-27,LAB_EQ_EUR_B,128.3330591689
2021-01-28,LAB_EQ_EUR_B,129.2145833190
2021-01-29,LAB_EQ_EUR_B,131.1553490568
2021-02-01,LAB_EQ_EUR_B,131.0356768676
2021-02-02,LAB_EQ_EUR_B,130.9195095128
2021-02-03,LAB_EQ_EUR_B,130.9018418454
2021-02-04,LAB_EQ_EUR_B,129.5537133200
2021-02-05,LAB_EQ_EUR_B,132.1432652278
2021-02-08,LAB_EQ_EUR_B,131.9776879620
2021-02-09,LAB_EQ_EUR_B,132.1345217090
2021-02-10,LAB_EQ_EUR_B,132.3044786142
2021-02-11,LAB_EQ_EUR_B,135.4960211181
2021-02-12,LAB_EQ_EUR_B,133.5929868434
2021-02-15,LAB_EQ_EUR_B,132.6298489738
2021-02-16,LAB_EQ_EUR_B,130.3612953270
2021-02-17,LAB_EQ_EUR_B,130.8252498448
2021-02-18,LAB_EQ_EUR_B,128.7012543853
2021-02-19,LAB_EQ_EUR_B,129.1886443570
2021-02-22,LAB_EQ_EUR_B,127.0569440113
2021-02-23,LAB_EQ_EUR_B,126.7744600424
2021-02-24,LAB_EQ_EUR_B,126.6809237917
2021-02-25,LAB_EQ_EUR_B,128.5414752088
2021-02-26,LAB_EQ_EUR_B,127.1899240957
2021-03-01,LAB_EQ_EUR_B,126.1798828913
2021-03-02,LAB_EQ_EUR_B,125.0192049475
2021-03-03,LAB_EQ_EUR_B,125.2452221984
2021-03-04,LAB_EQ_EUR_B,124.4243891327
2021-03-05,LAB_EQ_EUR_B,124.0661118157
2021-03-08,LAB_EQ_EUR_B,124.3227644864
2021-03-09,LAB_EQ_EUR_B,121.3936383821
2021-03-10,LAB_EQ_EUR_B,124.1050730967
2021-03-11,LAB_EQ_EUR_B,127.2038231301
2021-03-12,LAB_EQ_EUR_B,126.5571737810
2021-03-15,LAB_EQ_EUR_B,126.6051261917
2021-03-16,LAB_EQ_EUR_B,126.8707267202
2021-03-17,LAB_EQ_EUR_B,129.7234216469
2021-03-18,LAB_EQ_EUR_B,129.3924008484
2021-03-19,LAB_EQ_EUR_B,131.0439666685
2021-03-22,LAB_EQ_EUR_B,131.5754421132
2021-03-23,LAB_EQ_EUR_B,128.4738116423
2021-03-24,LAB_EQ_EUR_B,129.8374500980
2021-03-25,LAB_EQ_EUR_B,129.0257811949
2021-03-26,LAB_EQ_EUR_B,127.3378496453
2021-03-29,LAB_EQ_EUR_B,126.2506857489
2021-03-30,LAB_EQ_EUR_B,126.5955539824
2021-03-31,LAB_EQ_EUR_B,127.2226695802
2021-04-01,LAB_EQ_EUR_B,125.2204567162
2021-04-02,LAB_EQ_EUR_B,123.7750819356
2021-04-05,LAB_EQ_EUR_B,123.8326974578
2021-04-06,LAB_EQ_EUR_B,124.2438384944
2021-04-07,LAB_EQ_EUR_B,123.4213695202
2021-04-08,LAB_EQ_EUR_B,123.5297242444
2021-04-09,LAB_EQ_EUR_B,124.7619246617
2021-04-12,LAB_EQ_EUR_B,123.6579052084
2021-04-13,LAB_EQ_EUR_B,122.6418834487
2021-04-14,LAB_EQ_EUR_B,120.4578473899
2021-04-15,LAB_EQ_EUR_B,119.1884005473
2021-04-16,LAB_EQ_EUR_B,118.4383215452
2021-04-19,LAB_EQ_EUR_B,118.2339458565
2021-04-20,LAB_EQ_EUR_B,119.9822539487
2021-04-21,LAB_EQ_EUR_B,119.3155112459
2021-04-22,LAB_EQ_EUR_B,118.2236535345
2021-04-23,LAB_EQ_EUR_B,120.7296833434
2021-04-26,LAB_EQ_EUR_B,119.6013775364
2021-04-27,LAB_EQ_EUR_B,119.2880664704
2021-04-28,LAB_EQ_EUR_B,119.1816180389
2021-04-29,LAB_EQ_EUR_B,118.8592147236
2021-04-30,LAB_EQ_EUR_B,118.4328689853
2021-05-03,LAB_EQ_EUR_B,119.2259475543
2021-05-04,LAB_EQ_EUR_B,118.7751221177
2021-05-05,LAB_EQ_EUR_B,116.9106542347
2021-05-06,LAB_EQ_EUR_B,116.4522583786
2021-05-07,LAB_EQ_EUR_B,117.5183310122
2021-05-10,LAB_EQ_EUR_B,117.7556192977
2021-05-11,LAB_EQ_EUR_B,118.6718567419
2021-05-12,LAB_EQ_EUR_B,119.4852682045
2021-05-13,LAB_EQ_EUR_B,119.8905155682
2021-05-14,LAB_EQ_EUR_B,119.5698738862
2021-05-17,LAB_EQ_EUR_B,119.8679165372
2021-05-18,LAB_EQ_EUR_B,120.1679020313
2021-05-19,LAB_EQ_EUR_B,122.4348786431
2021-05-20,LAB_EQ_EUR_B,122.9848439003
2021-05-21,LAB_EQ_EUR_B,120.9783299065
2021-05-24,LAB_EQ_EUR_B,123.5215731385
2021-05-25,LAB_EQ_EUR_B,124.5228277790
2021-05-26,LAB_EQ_EUR_B,126.8707176037
2021-05-27,LAB_EQ_EUR_B,127.9329531574
2021-05-28,LAB_EQ_EUR_B,128.8647931542
2021-05-31,LAB_EQ_EUR_B,127.2803603256
2021-06-01,LAB_EQ_EUR_B,127.9881987500
2021-06-02,LAB_EQ_EUR_B,129.9883436156
2021-06-03,LAB_EQ_EUR_B,128.7462212154
2021-06-04,LAB_EQ_EUR_B,128.9485649026
2021-06-07,LAB_EQ_EUR_B,130.9783877489
2021-06-08,LAB_EQ_EUR_B,132.1293885639
2021-06-09,LAB_EQ_EUR_B,132.3582640170
2021-06-10,LAB_EQ_EUR_B,133.0587902221
2021-06-11,LAB_EQ_EUR_B,132.9028435252
2021-06-14,LAB_EQ_EUR_B,135.8087379497
2021-06-15,LAB_EQ_EUR_B,132.6421470513
2021-06-16,LAB_EQ_EUR_B,133.3274217813
2021-06-17,LAB_EQ_EUR_B,133.8860451437
2021-06-18,LAB_EQ_EUR_B,134.6490024045
2021-06-21,LAB_EQ_EUR_B,132.7928622059
2021-06-22,LAB_EQ_EUR_B,131.8088776657
2021-06-23,LAB_EQ_EUR_B,134.1757377152
2021-06-24,LAB_EQ_EUR_B,133.6372817358
2021-06-25,LAB_EQ_EUR_B,134.4235498814
2021-06-28,LAB_EQ_EUR_B,134.7068813223
2021-06-29,LAB_EQ_EUR_B,132.1289904326
2021-06-30,LAB_EQ_EUR_B,131.3371443195
2021-07-01,LAB_EQ_EUR_B,132.1765561746
2021-07-02,LAB_EQ_EUR_B,132.3669299252
2021-07-05,LAB_EQ_EUR_B,131.9927079545
2021-07-06,LAB_EQ_EUR_B,134.7664986949
2021-07-07,LAB_EQ_EUR_B,135.1144325848
2021-07-08,LAB_EQ_EUR_B,137.2194770314
2021-07-09,LAB_EQ_EUR_B,139.7903609341
2021-07-12,LAB_EQ_EUR_B,138.9289178315
2021-07-13,LAB_EQ_EUR_B,140.2265493975
2021-07-14,LAB_EQ_EUR_B,141.6132054473
2021-07-15,LAB_EQ_EUR_B,139.9604876145
2021-07-16,LAB_EQ_EUR_B,142.0391462914
2021-07-19,LAB_EQ_EUR_B,143.3833939503
2021-07-20,LAB_EQ_EUR_B,143.4999570329
2021-07-21,LAB_EQ_EUR_B,144.4875948923
2021-07-22,LAB_EQ_EUR_B,143.9495393324
2021-07-23,LAB_EQ_EUR_B,142.0474715005
2021-07-26,LAB_EQ_EUR_B,143.2000472117
2021-07-27,LAB_EQ_EUR_B,143.0231559561
2021-07-28,LAB_EQ_EUR_B,144.6686386547
2021-07-29,LAB_EQ_EUR_B,145.3545183626
2021-07-30,LAB_EQ_EUR_B,143.8007314820
2021-08-02,LAB_EQ_EUR_B,144.4646947876
2021-08-03,LAB_EQ_EUR_B,144.2831313990
2021-08-04,LAB_EQ_EUR_B,142.0790137332
2021-08-05,LAB_EQ_EUR_B,140.6919231388
2021-08-06,LAB_EQ_EUR_B,142.1913231568
2021-08-09,LAB_EQ_EUR_B,140.7359339699
2021-08-10,LAB_EQ_EUR_B,142.4450272883
2021-08-11,LAB_EQ_EUR_B,144.2667808371
2021-08-12,LAB_EQ_EUR_B,143.5357810802
2021-08-13,LAB_EQ_EUR_B,143.8291998227
2021-08-16,LAB_EQ_EUR_B,144.5116310442
2021-08-17,LAB_EQ_EUR_B,143.6267404611
2021-08-18,LAB_EQ_EUR_B,145.6386020404
2021-08-19,LAB_EQ_EUR_B,147.0494592692
2021-08-20,LAB_EQ_EUR_B,148.9895462927
2021-08-23,LAB_EQ_EUR_B,148.4790354906
2021-08-24,LAB_EQ_EUR_B,149.1479075772
2021-08-25,LAB_EQ_EUR_B,150.8744062150
2021-08-26,LAB_EQ_EUR_B,151.0526838448
2021-08-27,LAB_EQ_EUR_B,150.4908446955
2021-08-30,LAB_EQ_EUR_B,150.9487186826
2021-08-31,LAB_EQ_EUR_B,153.1541207217
2021-09-01,LAB_EQ_EUR_B,155.1914698719
2021-09-02,LAB_EQ_EUR_B,153.8164947185
2021-09-03,LAB_EQ_EUR_B,153.1829936889
2021-09-06,LAB_EQ_EUR_B,154.4236388750
2021-09-07,LAB_EQ_EUR_B,153.5252365759
2021-09-08,LAB_EQ_EUR_B,154.4833950031
2021-09-09,LAB_EQ_EUR_B,154.4961806617
2021-09-10,LAB_EQ_EUR_B,156.1773597970
2021-09-13,LAB_EQ_EUR_B,157.8048056173
2021-09-14,LAB_EQ_EUR_B,156.6454013469
2021-09-15,LAB_EQ_EUR_B,157.6135932420
2021-09-16,LAB_EQ_EUR_B,161.1849749787
2021-09-17,LAB_EQ_EUR_B,160.5967147994
2021-09-20,LAB_EQ_EUR_B,160.6697678611
2021-09-21,LAB_EQ_EUR_B,162.5932798957
2021-09-22,LAB_EQ_EUR_B,163.4144402064
2021-09-23,LAB_EQ_EUR_B,165.7365216335
2021-09-24,LAB_EQ_EUR_B,168.6032690000
2021-09-27,LAB_EQ_EUR_B,166.9652012116
2021-09-28,LAB_EQ_EUR_B,168.0049017883
2021-09-29,LAB_EQ_EUR_B,167.1446541521
2021-09-30,LAB_EQ_EUR_B,167.2364258873
2021-10-01,LAB_EQ_EUR_B,166.3271109101
2021-10-04,LAB_EQ_EUR_B,167.6707832844
2021-10-05,LAB_EQ_EUR_B,165.9559155674
2021-10-06,LAB_EQ_EUR_B,166.8003616568
2021-10-07,LAB_EQ_EUR_B,168.4087282581
2021-10-08,LAB_EQ_EUR_B,170.1008279282
2021-10-11,LAB_EQ_EUR_B,169.0677029960
2021-10-12,LAB_EQ_EUR_B,169.6953715075
2021-10-13,LAB_EQ_EUR_B,170.5535088241
2021-10-14,LAB_EQ_EUR_B,169.4977311098
2021-10-15,LAB_EQ_EUR_B,170.4274547590
2021-10-18,LAB_EQ_EUR_B,171.3391810500
2021-10-19,LAB_EQ_EUR_B,170.7035359733
2021-10-20,LAB_EQ_EUR_B,169.9628275539
2021-10-21,LAB_EQ_EUR_B,168.7273073705
2021-10-22,LAB_EQ_EUR_B,168.4294125190
2021-10-25,LAB_EQ_EUR_B,166.0380862228
2021-10-26,LAB_EQ_EUR_B,167.9785007588
2021-10-27,LAB_EQ_EUR_B,168.2722564980
2021-10-28,LAB_EQ_EUR_B,168.8354002335
2021-10-29,LAB_EQ_EUR_B,167.8280578643
2021-11-01,LAB_EQ_EUR_B,167.9902152863
2021-11-02,LAB_EQ_EUR_B,169.3270565715
2021-11-03,LAB_EQ_EUR_B,169.7356686640
2021-11-04,LAB_EQ_EUR_B,170.7047748543
2021-11-05,LAB_EQ_EUR_B,171.9502766521
2021-11-08,LAB_EQ_EUR_B,171.6781595447
2021-11-09,LAB_EQ_EUR_B,170.9552827148
2021-11-10,LAB_EQ_EUR_B,170.6412924515
2021-11-11,LAB_EQ_EUR_B,170.0513915226
2021-11-12,LAB_EQ_EUR_B,173.6082353874
2021-11-15,LAB_EQ_EUR_B,175.7286260736
2021-11-16,LAB_EQ_EUR_B,175.0614977458
2021-11-17,LAB_EQ_EUR_B,173.7743234354
2021-11-18,LAB_EQ_EUR_B,176.0473322813
2021-11-19,LAB_EQ_EUR_B,176.8931647783
2021-11-22,LAB_EQ_EUR_B,175.4815674332
2021-11-23,LAB_EQ_EUR_B,176.5456719357
2021-11-24,LAB_EQ_EUR_B,175.3516164126
2021-11-25,LAB_EQ_EUR_B,175.2560938871
2021-11-26,LAB_EQ_EUR_B,176.1135584968
2021-11-29,LAB_EQ_EUR_B,172.4218454618
2021-11-30,LAB_EQ_EUR_B,174.1135863941
2021-12-01,LAB_EQ_EUR_B,175.0448435354
2021-12-02,LAB_EQ_EUR_B,175.3694506452
2021-12-03,LAB_EQ_EUR_B,180.4357150419
2021-12-06,LAB_EQ_EUR_B,179.5951679066
2021-12-07,LAB_EQ_EUR_B,181.2742482618
2021-12-08,LAB_EQ_EUR_B,180.0261790319
2021-12-09,LAB_EQ_EUR_B,178.6780080318
2021-12-10,LAB_EQ_EUR_B,178.4659960900
2021-12-13,LAB_EQ_EUR_B,178.7812341254
2021-12-14,LAB_EQ_EUR_B,181.7755302752
2021-12-15,LAB_EQ_EUR_B,182.1031083726
2021-12-16,LAB_EQ_EUR_B,187.2455744604
2021-12-17,LAB_EQ_EUR_B,183.9845164906
2021-12-20,LAB_EQ_EUR_B,184.4629565690
2021-12-21,LAB_EQ_EUR_B,187.7642594475
2021-12-22,LAB_EQ_EUR_B,188.9713642332
2021-12-23,LAB_EQ_EUR_B,189.5133396432
2021-12-24,LAB_EQ_EUR_B,190.1308241312
2021-12-27,LAB_EQ_EUR_B,193.0806037127
2021-12-28,LAB_EQ_EUR_B,191.1441382439
2021-12-29,LAB_EQ_EUR_B,190.9695801541
2021-12-30,LAB_EQ_EUR_B,193.5466198426
2021-12-31,LAB_EQ_EUR_B,194.2677325284
2022-01-03,LAB_EQ_EUR_B,195.9115179227
2022-01-04,LAB_EQ_EUR_B,197.6567347420
2022-01-05,LAB_EQ_EUR_B,196.2494720188
2022-01-06,LAB_EQ_EUR_B,195.3578282994
2022-01-07,LAB_EQ_EUR_B,196.8411101600
2022-01-10,LAB_EQ_EUR_B,199.8379247168
2022-01-11,LAB_EQ_EUR_B,202.1244904831
2022-01-12,LAB_EQ_EUR_B,203.1320919457
2022-01-13,LAB_EQ_EUR_B,201.8111944318
2022-01-14,LAB_EQ_EUR_B,203.5967202457
2022-01-17,LAB_EQ_EUR_B,202.5744531786
2022-01-18,LAB_EQ_EUR_B,200.5930086146
2022-01-19,LAB_EQ_EUR_B,200.5690796537
2022-01-20,LAB_EQ_EUR_B,200.9176980187
2022-01-21,LAB_EQ_EUR_B,200.2655659418
2022-01-24,LAB_EQ_EUR_B,197.3388425838
2022-01-25,LAB_EQ_EUR_B,197.1357720305
2022-01-26,LAB_EQ_EUR_B,198.8459491291
2022-01-27,LAB_EQ_EUR_B,195.4055974316
2022-01-28,LAB_EQ_EUR_B,195.1147151465
2022-01-31,LAB_EQ_EUR_B,190.7257363173
2022-02-01,LAB_EQ_EUR_B,191.7300523265
2022-02-02,LAB_EQ_EUR_B,190.6242211388
2022-02-03,LAB_EQ_EUR_B,190.5128198621
2022-02-04,LAB_EQ_EUR_B,191.3886544534
2022-02-07,LAB_EQ_EUR_B,193.5814890890
2022-02-08,LAB_EQ_EUR_B,197.4606040606
2022-02-09,LAB_EQ_EUR_B,196.6325466111
2022-02-10,LAB_EQ_EUR_B,195.2494946875
2022-02-11,LAB_EQ_EUR_B,196.3118641231
2022-02-14,LAB_EQ_EUR_B,197.8511363330
2022-02-15,LAB_EQ_EUR_B,199.8345018899
2022-02-16,LAB_EQ_EUR_B,200.9329757826
2022-02-17,LAB_EQ_EUR_B,201.9633833692
2022-02-18,LAB_EQ_EUR_B,203.7564040826
2022-02-21,LAB_EQ_EUR_B,202.1108161859
2022-02-22,LAB_EQ_EUR_B,199.7206278916
2022-02-23,LAB_EQ_EUR_B,196.1335802082
2022-02-24,LAB_EQ_EUR_B,196.4676018545
2022-02-25,LAB_EQ_EUR_B,197.9453734124
2022-02-28,LAB_EQ_EUR_B,198.3907302243
2022-03-01,LAB_EQ_EUR_B,198.7738544859
2022-03-02,LAB_EQ_EUR_B,199.9390005398
2022-03-03,LAB_EQ_EUR_B,201.3182929855
2022-03-04,LAB_EQ_EUR_B,199.9245707201
2022-03-07,LAB_EQ_EUR_B,199.1542430330
2022-03-08,LAB_EQ_EUR_B,201.2471726437
2022-03-09,LAB_EQ_EUR_B,204.7574023690
2022-03-10,LAB_EQ_EUR_B,202.9995446528
2022-03-11,LAB_EQ_EUR_B,206.1715682106
2022-03-14,LAB_EQ_EUR_B,203.7795640628
2022-03-15,LAB_EQ_EUR_B,204.6413743240
2022-03-16,LAB_EQ_EUR_B,206.7932760191
2022-03-17,LAB_EQ_EUR_B,207.9810862362
2022-03-18,LAB_EQ_EUR_B,205.0687883067
2022-03-21,LAB_EQ_EUR_B,203.8729547470
2022-03-22,LAB_EQ_EUR_B,206.6360688656
2022-03-23,LAB_EQ_EUR_B,208.8967570168
2022-03-24,LAB_EQ_EUR_B,210.1520820074
2022-03-25,LAB_EQ_EUR_B,211.9629213164
2022-03-28,LAB_EQ_EUR_B,215.3755509226
2022-03-29,LAB_EQ_EUR_B,216.2733423383
2022-03-30,LAB_EQ_EUR_B,217.8334094186
2022-03-31,LAB_EQ_EUR_B,218.8888835409
2022-04-01,LAB_EQ_EUR_B,218.8277993896
2022-04-04,LAB_EQ_EUR_B,220.3626086066
2022-04-05,LAB_EQ_EUR_B,219.2957500011
2022-04-06,LAB_EQ_EUR_B,220.9195618627
2022-04-07,LAB_EQ_EUR_B,215.7786797678
2022-04-08,LAB_EQ_EUR_B,219.9720358104
2022-04-11,LAB_EQ_EUR_B,218.4935852380
2022-04-12,LAB_EQ_EUR_B,219.2194504621
2022-04-13,LAB_EQ_EUR_B,217.3730186787
2022-04-14,LAB_EQ_EUR_B,218.8468703032
2022-04-15,LAB_EQ_EUR_B,217.6965406096
2022-04-18,LAB_EQ_EUR_B,217.6299122419
2022-04-19,LAB_EQ_EUR_B,216.5853255947
2022-04-20,LAB_EQ_EUR_B,216.0209179444
2022-04-21,LAB_EQ_EUR_B,216.2114135053
2022-04-22,LAB_EQ_EUR_B,222.7533200683
2022-04-25,LAB_EQ_EUR_B,220.8807484350
2022-04-26,LAB_EQ_EUR_B,217.9923700308
2022-04-27,LAB_EQ_EUR_B,215.9248624573
2022-04-28,LAB_EQ_EUR_B,219.4990443313
2022-04-29,LAB_EQ_EUR_B,218.8603878749
2022-05-02,LAB_EQ_EUR_B,217.5819989643
2022-05-03,LAB_EQ_EUR_B,218.4989334142
2022-05-04,LAB_EQ_EUR_B,221.8854679796
2022-05-05,LAB_EQ_EUR_B,224.3033136255
2022-05-06,LAB_EQ_EUR_B,223.3988961262
2022-05-09,LAB_EQ_EUR_B,226.2206595127
2022-05-10,LAB_EQ_EUR_B,224.9966426738
2022-05-11,LAB_EQ_EUR_B,221.4776334075
2022-05-12,LAB_EQ_EUR_B,222.2013186216
2022-05-13,LAB_EQ_EUR_B,228.7356724415
2022-05-16,LAB_EQ_EUR_B,224.9127383016
2022-05-17,LAB_EQ_EUR_B,218.6398804918
2022-05-18,LAB_EQ_EUR_B,219.1198366295
2022-05-19,LAB_EQ_EUR_B,223.1854689710
2022-05-20,LAB_EQ_EUR_B,222.3257769950
2022-05-23,LAB_EQ_EUR_B,222.3950284203
2022-05-24,LAB_EQ_EUR_B,221.8770014345
2022-05-25,LAB_EQ_EUR_B,223.4548520960
2022-05-26,LAB_EQ_EUR_B,224.1476993379
2022-05-27,LAB_EQ_EUR_B,224.2501991524
2022-05-30,LAB_EQ_EUR_B,224.3594021958
2022-05-31,LAB_EQ_EUR_B,229.8301547390
2022-06-01,LAB_EQ_EUR_B,230.7294117018
2022-06-02,LAB_EQ_EUR_B,227.2977457365
2022-06-03,LAB_EQ_EUR_B,231.3318320098
2022-06-06,LAB_EQ_EUR_B,228.3394959146
2022-06-07,LAB_EQ_EUR_B,230.7542583653
2022-06-08,LAB_EQ_EUR_B,231.6544307524
2022-06-09,LAB_EQ_EUR_B,225.8079652658
2022-06-10,LAB_EQ_EUR_B,225.6119806821
2022-06-13,LAB_EQ_EUR_B,225.2478093315
2022-06-14,LAB_EQ_EUR_B,223.7227753070
2022-06-15,LAB_EQ_EUR_B,226.8948858477
2022-06-16,LAB_EQ_EUR_B,227.1959979736
2022-06-17,LAB_EQ_EUR_B,224.7188873671
2022-06-20,LAB_EQ_EUR_B,224.6202858245
2022-06-21,LAB_EQ_EUR_B,223.1091705126
2022-06-22,LAB_EQ_EUR_B,216.1494060904
2022-06-23,LAB_EQ_EUR_B,217.7848412633
2022-06-24,LAB_EQ_EUR_B,213.9508528438
2022-06-27,LAB_EQ_EUR_B,213.0959686839
2022-06-28,LAB_EQ_EUR_B,216.1070939954
2022-06-29,LAB_EQ_EUR_B,214.2042702353
2022-06-30,LAB_EQ_EUR_B,213.6807115849
2022-07-01,LAB_EQ_EUR_B,214.1557611556
2022-07-04,LAB_EQ_EUR_B,215.5069313122
2022-07-05,LAB_EQ_EUR_B,213.9279348270
2022-07-06,LAB_EQ_EUR_B,216.9394146831
2022-07-07,LAB_EQ_EUR_B,211.0121942515
2022-07-08,LAB_EQ_EUR_B,208.1276100116
2022-07-11,LAB_EQ_EUR_B,210.9981879129
2022-07-12,LAB_EQ_EUR_B,211.3589961038
2022-07-13,LAB_EQ_EUR_B,213.2474432607
2022-07-14,LAB_EQ_EUR_B,215.5566789318
2022-07-15,LAB_EQ_EUR_B,215.2418468608
2022-07-18,LAB_EQ_EUR_B,214.3481005831
2022-07-19,LAB_EQ_EUR_B,218.9757911007
2022-07-20,LAB_EQ_EUR_B,215.6439867868
2022-07-21,LAB_EQ_EUR_B,215.7959771115
2022-07-22,LAB_EQ_EUR_B,214.1878436437
2022-07-25,LAB_EQ_EUR_B,211.8166908421
2022-07-26,LAB_EQ_EUR_B,211.1874259767
2022-07-27,LAB_EQ_EUR_B,209.5432164915
2022-07-28,LAB_EQ_EUR_B,207.8918578170
2022-07-29,LAB_EQ_EUR_B,209.2974545129
2022-08-01,LAB_EQ_EUR_B,207.0018368496
2022-08-02,LAB_EQ_EUR_B,208.0155334710
2022-08-03,LAB_EQ_EUR_B,208.9300889914
2022-08-04,LAB_EQ_EUR_B,206.6059261268
2022-08-05,LAB_EQ_EUR_B,207.4333062116
2022-08-08,LAB_EQ_EUR_B,208.3366516888
2022-08-09,LAB_EQ_EUR_B,209.5091213614
2022-08-10,LAB_EQ_EUR_B,209.6399275901
2022-08-11,LAB_EQ_EUR_B,209.6823870850
2022-08-12,LAB_EQ_EUR_B,209.7436227758
2022-08-15,LAB_EQ_EUR_B,208.7974419730
2022-08-16,LAB_EQ_EUR_B,206.0158282246
2022-08-17,LAB_EQ_EUR_B,209.8097512472
2022-08-18,LAB_EQ_EUR_B,208.5463067386
2022-08-19,LAB_EQ_EUR_B,209.6249918022
2022-08-22,LAB_EQ_EUR_B,212.1085596133
2022-08-23,LAB_EQ_EUR_B,214.4136241617
2022-08-24,LAB_EQ_EUR_B,214.4292306318
2022-08-25,LAB_EQ_EUR_B,218.1274364749
2022-08-26,LAB_EQ_EUR_B,214.8437297325
2022-08-29,LAB_EQ_EUR_B,215.7506658692
2022-08-30,LAB_EQ_EUR_B,220.2115629046
2022-08-31,LAB_EQ_EUR_B,218.5090933660
2022-09-01,LAB_EQ_EUR_B,214.7047596109
2022-09-02,LAB_EQ_EUR_B,215.3220501982
2022-09-05,LAB_EQ_EUR_B,218.0316092890
2022-09-06,LAB_EQ_EUR_B,218.4287629083
2022-09-07,LAB_EQ_EUR_B,218.2635627667
2022-09-08,LAB_EQ_EUR_B,219.7890488169
2022-09-09,LAB_EQ_EUR_B,223.4465874388
2022-09-12,LAB_EQ_EUR_B,227.0674744133
2022-09-13,LAB_EQ_EUR_B,227.2448873985
2022-09-14,LAB_EQ_EUR_B,234.7829025734
2022-09-15,LAB_EQ_EUR_B,233.2607352379
2022-09-16,LAB_EQ_EUR_B,237.1085561394
2022-09-19,LAB_EQ_EUR_B,237.8198101934
2022-09-20,LAB_EQ_EUR_B,237.0024806702
2022-09-21,LAB_EQ_EUR_B,237.3082140273
2022-09-22,LAB_EQ_EUR_B,239.0175764380
2022-09-23,LAB_EQ_EUR_B,238.6714680478
2022-09-26,LAB_EQ_EUR_B,239.4322283623
2022-09-27,LAB_EQ_EUR_B,241.4659244019
2022-09-28,LAB_EQ_EUR_B,239.9088404662
2022-09-29,LAB_EQ_EUR_B,232.1468811549
2022-09-30,LAB_EQ_EUR_B,235.6608362602
2022-10-03,LAB_EQ_EUR_B,232.7061186146
2022-10-04,LAB_EQ_EUR_B,233.1484140239
2022-10-05,LAB_EQ_EUR_B,234.2045319198
2022-10-06,LAB_EQ_EUR_B,239.8560270074
2022-10-07,LAB_EQ_EUR_B,240.2919655839
2022-10-10,LAB_EQ_EUR_B,238.6741226511
2022-10-11,LAB_EQ_EUR_B,238.4020790022
2022-10-12,LAB_EQ_EUR_B,234.7721991995
2022-10-13,LAB_EQ_EUR_B,238.7862558067
2022-10-14,LAB_EQ_EUR_B,239.0057106589
2022-10-17,LAB_EQ_EUR_B,240.0950656000
2022-10-18,LAB_EQ_EUR_B,243.2332270928
2022-10-19,LAB_EQ_EUR_B,244.1023130364
2022-10-20,LAB_EQ_EUR_B,244.6324664776
2022-10-21,LAB_EQ_EUR_B,239.5669894365
2022-10-24,LAB_EQ_EUR_B,243.3829756481
2022-10-25,LAB_EQ_EUR_B,242.7728388017
2022-10-26,LAB_EQ_EUR_B,246.0704471597
2022-10-27,LAB_EQ_EUR_B,246.5126589866
2022-10-28,LAB_EQ_EUR_B,245.2356005520
2022-10-31,LAB_EQ_EUR_B,245.7422895745
2022-11-01,LAB_EQ_EUR_B,245.4320157684
2022-11-02,LAB_EQ_EUR_B,245.2863659538
2022-11-03,LAB_EQ_EUR_B,243.4690545670
2022-11-04,LAB_EQ_EUR_B,242.7441911663
2022-11-07,LAB_EQ_EUR_B,243.3578440048
2022-11-08,LAB_EQ_EUR_B,244.0954660391
2022-11-09,LAB_EQ_EUR_B,245.6614494486
2022-11-10,LAB_EQ_EUR_B,248.7311260150
2022-11-11,LAB_EQ_EUR_B,247.8959626143
2022-11-14,LAB_EQ_EUR_B,246.5684390162
2022-11-15,LAB_EQ_EUR_B,247.4053204949
2022-11-16,LAB_EQ_EUR_B,245.2596660737
2022-11-17,LAB_EQ_EUR_B,248.6455808881
2022-11-18,LAB_EQ_EUR_B,250.1381082045
2022-11-21,LAB_EQ_EUR_B,249.4516259091
2022-11-22,LAB_EQ_EUR_B,247.2558987875
2022-11-23,LAB_EQ_EUR_B,246.6915319244
2022-11-24,LAB_EQ_EUR_B,249.0622107088
2022-11-25,LAB_EQ_EUR_B,246.2170908297
2022-11-28,LAB_EQ_EUR_B,240.7162696473
2022-11-29,LAB_EQ_EUR_B,242.4420982500
2022-11-30,LAB_EQ_EUR_B,243.0642066560
2022-12-01,LAB_EQ_EUR_B,245.9935376502
2022-12-02,LAB_EQ_EUR_B,243.2934622321
2022-12-05,LAB_EQ_EUR_B,243.8434605220
2022-12-06,LAB_EQ_EUR_B,244.0239774861
2022-12-07,LAB_EQ_EUR_B,247.1792642704
2022-12-08,LAB_EQ_EUR_B,245.8462090819
2022-12-09,LAB_EQ_EUR_B,245.5748929657
2022-12-12,LAB_EQ_EUR_B,245.1374492143
2022-12-13,LAB_EQ_EUR_B,242.5662390485
2022-12-14,LAB_EQ_EUR_B,249.0437066530
2022-12-15,LAB_EQ_EUR_B,251.1609268438
2022-12-16,LAB_EQ_EUR_B,253.4706583296
2022-12-19,LAB_EQ_EUR_B,253.9715562708
2022-12-20,LAB_EQ_EUR_B,254.0864483729
2022-12-21,LAB_EQ_EUR_B,259.1008407364
2022-12-22,LAB_EQ_EUR_B,256.5166875305
2022-12-23,LAB_EQ_EUR_B,258.6743320966
2022-12-26,LAB_EQ_EUR_B,257.5521279294
2022-12-27,LAB_EQ_EUR_B,256.1166085067
2022-12-28,LAB_EQ_EUR_B,255.4932978005
2022-12-29,LAB_EQ_EUR_B,249.3938095203
2022-12-30,LAB_EQ_EUR_B,251.6904150366
2023-01-02,LAB_EQ_EUR_B,253.5936721551
2023-01-03,LAB_EQ_EUR_B,254.9340199339
2023-01-04,LAB_EQ_EUR_B,257.6182761156
2023-01-05,LAB_EQ_EUR_B,256.8980755789
2023-01-06,LAB_EQ_EUR_B,256.9810692338
2023-01-09,LAB_EQ_EUR_B,256.8648259886
2023-01-10,LAB_EQ_EUR_B,258.7042377890
2023-01-11,LAB_EQ_EUR_B,257.1086872952
2023-01-12,LAB_EQ_EUR_B,259.3391761338
2023-01-13,LAB_EQ_EUR_B,260.8640963664
2023-01-16,LAB_EQ_EUR_B,254.5768708723
2023-01-17,LAB_EQ_EUR_B,256.4796241529
2023-01-18,LAB_EQ_EUR_B,254.9070412606
2023-01-19,LAB_EQ_EUR_B,250.3486634223
2023-01-20,LAB_EQ_EUR_B,250.0246582583
2023-01-23,LAB_EQ_EUR_B,247.4196716382
2023-01-24,LAB_EQ_EUR_B,246.2066974321
2023-01-25,LAB_EQ_EUR_B,249.3895765065
2023-01-26,LAB_EQ_EUR_B,250.2020230650
2023-01-27,LAB_EQ_EUR_B,250.6965805488
2023-01-30,LAB_EQ_EUR_B,251.1153303045
2023-01-31,LAB_EQ_EUR_B,245.0846623310
2023-02-01,LAB_EQ_EUR_B,244.8685107268
2023-02-02,LAB_EQ_EUR_B,247.9657669768
2023-02-03,LAB_EQ_EUR_B,246.7822890528
2023-02-06,LAB_EQ_EUR_B,246.7995224271
2023-02-07,LAB_EQ_EUR_B,247.2299110008
2023-02-08,LAB_EQ_EUR_B,246.6756091176
2023-02-09,LAB_EQ_EUR_B,247.9285109723
2023-02-10,LAB_EQ_EUR_B,245.4992018350
2023-02-13,LAB_EQ_EUR_B,245.9464318799
2023-02-14,LAB_EQ_EUR_B,248.1790627612
2023-02-15,LAB_EQ_EUR_B,249.0361297794
2023-02-16,LAB_EQ_EUR_B,246.6384692888
2023-02-17,LAB_EQ_EUR_B,247.0004247536
2023-02-20,LAB_EQ_EUR_B,249.8111086939
2023-02-21,LAB_EQ_EUR_B,255.8642379911
2023-02-22,LAB_EQ_EUR_B,253.6657001237
2023-02-23,LAB_EQ_EUR_B,249.7703853102
2023-02-24,LAB_EQ_EUR_B,249.0230405870
2023-02-27,LAB_EQ_EUR_B,250.8394375448
2023-02-28,LAB_EQ_EUR_B,251.6197426749
2023-03-01,LAB_EQ_EUR_B,247.5766386090
2023-03-02,LAB_EQ_EUR_B,243.4465343571
2023-03-03,LAB_EQ_EUR_B,242.0819059616
2023-03-06,LAB_EQ_EUR_B,247.0659192972
2023-03-07,LAB_EQ_EUR_B,245.0926667399
2023-03-08,LAB_EQ_EUR_B,247.7395212749
2023-03-09,LAB_EQ_EUR_B,247.7170400763
2023-03-10,LAB_EQ_EUR_B,246.6020133017
2023-03-13,LAB_EQ_EUR_B,249.6584330185
2023-03-14,LAB_EQ_EUR_B,254.9142393061
2023-03-15,LAB_EQ_EUR_B,256.5515017951
2023-03-16,LAB_EQ_EUR_B,256.0345242439
2023-03-17,LAB_EQ_EUR_B,249.8168927727
2023-03-20,LAB_EQ_EUR_B,250.4852463129
2023-03-21,LAB_EQ_EUR_B,247.3728724047
2023-03-22,LAB_EQ_EUR_B,246.3254212434
2023-03-23,LAB_EQ_EUR_B,247.0835013615
2023-03-24,LAB_EQ_EUR_B,246.4266062950
2023-03-27,LAB_EQ_EUR_B,248.9282510231
2023-03-28,LAB_EQ_EUR_B,248.5302791289
2023-03-29,LAB_EQ_EUR_B,247.8180439548
2023-03-30,LAB_EQ_EUR_B,250.9679575586
2023-03-31,LAB_EQ_EUR_B,249.2303735399
2023-04-03,LAB_EQ_EUR_B,244.4393345380
2023-04-04,LAB_EQ_EUR_B,239.5227722325
2023-04-05,LAB_EQ_EUR_B,242.0701246637
2023-04-06,LAB_EQ_EUR_B,239.2315283311
2023-04-07,LAB_EQ_EUR_B,242.6829716962
2023-04-10,LAB_EQ_EUR_B,242.2589642565
2023-04-11,LAB_EQ_EUR_B,243.1333702203
2023-04-12,LAB_EQ_EUR_B,245.0922729406
2023-04-13,LAB_EQ_EUR_B,244.5684453313
2023-04-14,LAB_EQ_EUR_B,240.3727425526
2023-04-17,LAB_EQ_EUR_B,237.2559550522
2023-04-18,LAB_EQ_EUR_B,236.7306832572
2023-04-19,LAB_EQ_EUR_B,236.5694912299
2023-04-20,LAB_EQ_EUR_B,243.4354989091
2023-04-21,LAB_EQ_EUR_B,240.9404562273
2023-04-24,LAB_EQ_EUR_B,239.4764646068
2023-04-25,LAB_EQ_EUR_B,240.9090587351
2023-04-26,LAB_EQ_EUR_B,239.9004476910
2023-04-27,LAB_EQ_EUR_B,234.0677099609
2023-04-28,LAB_EQ_EUR_B,239.3796374089
2023-05-01,LAB_EQ_EUR_B,239.7712650929
2023-05-02,LAB_EQ_EUR_B,240.2072497148
2023-05-03,LAB_EQ_EUR_B,239.6635911191
2023-05-04,LAB_EQ_EUR_B,238.3397850216
2023-05-05,LAB_EQ_EUR_B,241.4344312565
2023-05-08,LAB_EQ_EUR_B,237.6916976335
2023-05-09,LAB_EQ_EUR_B,235.3576901317
2023-05-10,LAB_EQ_EUR_B,238.7603891108
2023-05-11,LAB_EQ_EUR_B,237.9337737134
2023-05-12,LAB_EQ_EUR_B,234.8954795257
2023-05-15,LAB_EQ_EUR_B,234.4121176265
2023-05-16,LAB_EQ_EUR_B,237.0149592886
2023-05-17,LAB_EQ_EUR_B,235.5762237533
2023-05-18,LAB_EQ_EUR_B,233.4198203508
2023-05-19,LAB_EQ_EUR_B,232.9464374037
2023-05-22,LAB_EQ_EUR_B,238.3588980184
2023-05-23,LAB_EQ_EUR_B,237.6605477586
2023-05-24,LAB_EQ_EUR_B,239.1933221499
2023-05-25,LAB_EQ_EUR_B,240.5270366285
2023-05-26,LAB_EQ_EUR_B,240.3720625527
2023-05-29,LAB_EQ_EUR_B,238.1581035700
2023-05-30,LAB_EQ_EUR_B,232.8362354627
2023-05-31,LAB_EQ_EUR_B,237.2954519296
2023-06-01,LAB_EQ_EUR_B,240.6501164911
2023-06-02,LAB_EQ_EUR_B,243.7699324837
2023-06-05,LAB_EQ_EUR_B,245.2206325248
2023-06-06,LAB_EQ_EUR_B,245.0011526391
2023-06-07,LAB_EQ_EUR_B,243.4368112954
2023-06-08,LAB_EQ_EUR_B,245.3943001618
2023-06-09,LAB_EQ_EUR_B,249.4360376770
2023-06-12,LAB_EQ_EUR_B,252.6147178101
2023-06-13,LAB_EQ_EUR_B,256.5918739270
2023-06-14,LAB_EQ_EUR_B,261.8955319435
2023-06-15,LAB_EQ_EUR_B,260.5139261011
2023-06-16,LAB_EQ_EUR_B,262.3891528721
2023-06-19,LAB_EQ_EUR_B,259.8395169670
2023-06-20,LAB_EQ_EUR_B,260.9920068837
2023-06-21,LAB_EQ_EUR_B,258.2859839202
2023-06-22,LAB_EQ_EUR_B,256.3398082986
2023-06-23,LAB_EQ_EUR_B,255.7417713040
2023-06-26,LAB_EQ_EUR_B,262.1919464557
2023-06-27,LAB_EQ_EUR_B,261.4672159811
2023-06-28,LAB_EQ_EUR_B,259.0269811545
2023-06-29,LAB_EQ_EUR_B,259.6787128518
2023-06-30,LAB_EQ_EUR_B,258.6473864686
2023-07-03,LAB_EQ_EUR_B,264.4999661125
2023-07-04,LAB_EQ_EUR_B,266.5356354726
2023-07-05,LAB_EQ_EUR_B,265.8518614355
2023-07-06,LAB_EQ_EUR_B,263.0419890153
2023-07-07,LAB_EQ_EUR_B,260.1998641586
2023-07-10,LAB_EQ_EUR_B,261.2481982603
2023-07-11,LAB_EQ_EUR_B,264.0193757938
2023-07-12,LAB_EQ_EUR_B,265.6152281696
2023-07-13,LAB_EQ_EUR_B,268.7179052836
2023-07-14,LAB_EQ_EUR_B,266.9664408414
2023-07-17,LAB_EQ_EUR_B,268.1661005165
2023-07-18,LAB_EQ_EUR_B,267.1615455682
2023-07-19,LAB_EQ_EUR_B,267.4486424488
2023-07-20,LAB_EQ_EUR_B,266.4829704776
2023-07-21,LAB_EQ_EUR_B,267.2909253320
2023-07-24,LAB_EQ_EUR_B,268.9825777930
2023-07-25,LAB_EQ_EUR_B,270.7522890295
2023-07-26,LAB_EQ_EUR_B,271.1016193581
2023-07-27,LAB_EQ_EUR_B,270.4047345334
2023-07-28,LAB_EQ_EUR_B,267.5030562595
2023-07-31,LAB_EQ_EUR_B,267.8931352314
2023-08-01,LAB_EQ_EUR_B,268.4796413765
2023-08-02,LAB_EQ_EUR_B,271.7742298756
2023-08-03,LAB_EQ_EUR_B,272.1645506437
2023-08-04,LAB_EQ_EUR_B,274.2754518693
2023-08-07,LAB_EQ_EUR_B,276.7807267636
2023-08-08,LAB_EQ_EUR_B,275.0997776552
2023-08-09,LAB_EQ_EUR_B,278.7493692534
2023-08-10,LAB_EQ_EUR_B,276.6216386578
2023-08-11,LAB_EQ_EUR_B,277.7863825303
2023-08-14,LAB_EQ_EUR_B,270.9829454048
2023-08-15,LAB_EQ_EUR_B,270.4308113761
2023-08-16,LAB_EQ_EUR_B,271.4952449653
2023-08-17,LAB_EQ_EUR_B,275.9945129584
2023-08-18,LAB_EQ_EUR_B,276.8480276287
2023-08-21,LAB_EQ_EUR_B,274.9926423475
2023-08-22,LAB_EQ_EUR_B,272.8539122726
2023-08-23,LAB_EQ_EUR_B,269.0658567624
2023-08-24,LAB_EQ_EUR_B,268.7451028699
2023-08-25,LAB_EQ_EUR_B,266.7848931203
2023-08-28,LAB_EQ_EUR_B,269.3362764068
2023-08-29,LAB_EQ_EUR_B,267.8998396344
2023-08-30,LAB_EQ_EUR_B,264.5348199153
2023-08-31,LAB_EQ_EUR_B,265.9774036296
2023-09-01,LAB_EQ_EUR_B,265.4781074059
2023-09-04,LAB_EQ_EUR_B,266.0732148826
2023-09-05,LAB_EQ_EUR_B,269.7300269411
2023-09-06,LAB_EQ_EUR_B,269.7111336648
2023-09-07,LAB_EQ_EUR_B,264.5070708230
2023-09-08,LAB_EQ_EUR_B,266.1449459133
2023-09-11,LAB_EQ_EUR_B,268.6644564453
2023-09-12,LAB_EQ_EUR_B,266.7662287763
2023-09-13,LAB_EQ_EUR_B,269.1718960033
2023-09-14,LAB_EQ_EUR_B,268.4174598805
2023-09-15,LAB_EQ_EUR_B,265.9727853276
2023-09-18,LAB_EQ_EUR_B,263.8909849383
2023-09-19,LAB_EQ_EUR_B,260.2056842524
2023-09-20,LAB_EQ_EUR_B,264.1694520605
2023-09-21,LAB_EQ_EUR_B,266.3990905327
2023-09-22,LAB_EQ_EUR_B,266.7815950598
2023-09-25,LAB_EQ_EUR_B,271.3941879061
2023-09-26,LAB_EQ_EUR_B,266.5849920157
2023-09-27,LAB_EQ_EUR_B,262.8486629028
2023-09-28,LAB_EQ_EUR_B,264.9110910567
2023-09-29,LAB_EQ_EUR_B,265.3280843197
2023-10-02,LAB_EQ_EUR_B,257.4934654804
2023-10-03,LAB_EQ_EUR_B,258.9739946501
2023-10-04,LAB_EQ_EUR_B,257.2259915836
2023-10-05,LAB_EQ_EUR_B,257.1716029346
2023-10-06,LAB_EQ_EUR_B,258.3518078139
2023-10-09,LAB_EQ_EUR_B,256.3023181924
2023-10-10,LAB_EQ_EUR_B,260.4141909991
2023-10-11,LAB_EQ_EUR_B,259.4093384287
2023-10-12,LAB_EQ_EUR_B,262.9786483596
2023-10-13,LAB_EQ_EUR_B,264.6403738625
2023-10-16,LAB_EQ_EUR_B,261.0420067709
2023-10-17,LAB_EQ_EUR_B,254.8885005911
2023-10-18,LAB_EQ_EUR_B,252.4984181746
2023-10-19,LAB_EQ_EUR_B,251.2270219306
2023-10-20,LAB_EQ_EUR_B,249.4932442744
2023-10-23,LAB_EQ_EUR_B,248.0717443422
2023-10-24,LAB_EQ_EUR_B,245.6347441850
2023-10-25,LAB_EQ_EUR_B,242.7529361846
2023-10-26,LAB_EQ_EUR_B,240.2357114115
2023-10-27,LAB_EQ_EUR_B,242.1950243156
2023-10-30,LAB_EQ_EUR_B,241.1004550394
2023-10-31,LAB_EQ_EUR_B,240.0450891111
2023-11-01,LAB_EQ_EUR_B,242.4498589476
2023-11-02,LAB_EQ_EUR_B,238.1468108538
2023-11-03,LAB_EQ_EUR_B,238.9677435107
2023-11-06,LAB_EQ_EUR_B,239.2889059057
2023-11-07,LAB_EQ_EUR_B,241.5738644386
2023-11-08,LAB_EQ_EUR_B,239.5132850099
2023-11-09,LAB_EQ_EUR_B,241.6030907484
2023-11-10,LAB_EQ_EUR_B,246.4421310719
2023-11-13,LAB_EQ_EUR_B,243.8134417650
2023-11-14,LAB_EQ_EUR_B,244.1291744558
2023-11-15,LAB_EQ_EUR_B,243.8376160871
2023-11-16,LAB_EQ_EUR_B,242.5014488120
2023-11-17,LAB_EQ_EUR_B,243.3857515725
2023-11-20,LAB_EQ_EUR_B,248.0353474930
2023-11-21,LAB_EQ_EUR_B,246.9742081917
2023-11-22,LAB_EQ_EUR_B,246.6197229868
2023-11-23,LAB_EQ_EUR_B,241.7754415525
2023-11-24,LAB_EQ_EUR_B,241.7482914363
2023-11-27,LAB_EQ_EUR_B,237.9655370768
2023-11-28,LAB_EQ_EUR_B,238.1621903472
2023-11-29,LAB_EQ_EUR_B,242.3381515757
2023-11-30,LAB_EQ_EUR_B,243.5251819241
2023-12-01,LAB_EQ_EUR_B,246.5839029556
2023-12-04,LAB_EQ_EUR_B,242.2423054537
2023-12-05,LAB_EQ_EUR_B,246.6904674829
2023-12-06,LAB_EQ_EUR_B,245.5733582378
2023-12-07,LAB_EQ_EUR_B,249.6965345629
2023-12-08,LAB_EQ_EUR_B,251.9376001200
2023-12-11,LAB_EQ_EUR_B,250.2288028545
2023-12-12,LAB_EQ_EUR_B,251.1605223675
2023-12-13,LAB_EQ_EUR_B,252.4154834552
2023-12-14,LAB_EQ_EUR_B,247.5399736497
2023-12-15,LAB_EQ_EUR_B,250.2294490168
2023-12-18,LAB_EQ_EUR_B,251.2396489535
2023-12-19,LAB_EQ_EUR_B,254.8773258606
2023-12-20,LAB_EQ_EUR_B,253.1800968615
2023-12-21,LAB_EQ_EUR_B,253.2261277308
2023-12-22,LAB_EQ_EUR_B,254.7773808578
2023-12-25,LAB_EQ_EUR_B,254.4171631698
2023-12-26,LAB_EQ_EUR_B,254.6859845621
2023-12-27,LAB_EQ_EUR_B,252.2080990263
2023-12-28,LAB_EQ_EUR_B,256.0006872691
2023-12-29,LAB_EQ_EUR_B,255.5593078880
2024-01-01,LAB_EQ_EUR_B,257.4660508428
2024-01-02,LAB_EQ_EUR_B,261.6831507097
2024-01-03,LAB_EQ_EUR_B,259.7603378814
2024-01-04,LAB_EQ_EUR_B,259.8150504219
2024-01-05,LAB_EQ_EUR_B,262.0091934821
2024-01-08,LAB_EQ_EUR_B,259.0468797919
2024-01-09,LAB_EQ_EUR_B,264.1526854638
2024-01-10,LAB_EQ_EUR_B,263.9006637262
2024-01-11,LAB_EQ_EUR_B,264.3068062041
2024-01-12,LAB_EQ_EUR_B,262.8107486922
2024-01-15,LAB_EQ_EUR_B,263.1554878993
2024-01-16,LAB_EQ_EUR_B,265.6967887773
2024-01-17,LAB_EQ_EUR_B,265.0537195598
2024-01-18,LAB_EQ_EUR_B,264.5062050598
2024-01-19,LAB_EQ_EUR_B,263.9561173438
2024-01-22,LAB_EQ_EUR_B,263.6815570274
2024-01-23,LAB_EQ_EUR_B,264.2221493536
2024-01-24,LAB_EQ_EUR_B,267.9600279221
2024-01-25,LAB_EQ_EUR_B,267.1807456819
2024-01-26,LAB_EQ_EUR_B,271.5578246969
2024-01-29,LAB_EQ_EUR_B,269.6932398033
2024-01-30,LAB_EQ_EUR_B,268.8538758169
2024-01-31,LAB_EQ_EUR_B,272.9610424694
2024-02-01,LAB_EQ_EUR_B,272.1956508044
2024-02-02,LAB_EQ_EUR_B,272.7777855192
2024-02-05,LAB_EQ_EUR_B,274.9485686866
2024-02-06,LAB_EQ_EUR_B,272.2430098843
2024-02-07,LAB_EQ_EUR_B,268.9331507800
2024-02-08,LAB_EQ_EUR_B,271.4547822454
2024-02-09,LAB_EQ_EUR_B,271.2892170971
2024-02-12,LAB_EQ_EUR_B,271.4292421374
2024-02-13,LAB_EQ_EUR_B,269.3977478534
2024-02-14,LAB_EQ_EUR_B,264.8960057219
2024-02-15,LAB_EQ_EUR_B,261.7360113347
2024-02-16,LAB_EQ_EUR_B,260.0142839238
2024-02-19,LAB_EQ_EUR_B,259.7087802059
2024-02-20,LAB_EQ_EUR_B,261.2151395075
2024-02-21,LAB_EQ_EUR_B,265.8225654035
2024-02-22,LAB_EQ_EUR_B,271.2250397011
2024-02-23,LAB_EQ_EUR_B,273.5283494143
2024-02-26,LAB_EQ_EUR_B,269.6948331586
2024-02-27,LAB_EQ_EUR_B,270.9341411447
2024-02-28,LAB_EQ_EUR_B,272.0439911270
2024-02-29,LAB_EQ_EUR_B,272.0767451386
2024-03-01,LAB_EQ_EUR_B,272.5419862651
2024-03-04,LAB_EQ_EUR_B,272.2170765936
2024-03-05,LAB_EQ_EUR_B,272.1347686960
2024-03-06,LAB_EQ_EUR_B,270.6846073824
2024-03-07,LAB_EQ_EUR_B,276.2408402489
2024-03-08,LAB_EQ_EUR_B,278.0932760249
2024-03-11,LAB_EQ_EUR_B,277.8569973859
2024-03-12,LAB_EQ_EUR_B,279.2238894593
2024-03-13,LAB_EQ_EUR_B,282.2088694230
2024-03-14,LAB_EQ_EUR_B,281.7879322563
2024-03-15,LAB_EQ_EUR_B,285.4729496973
2024-03-18,LAB_EQ_EUR_B,282.0457079233
2024-03-19,LAB_EQ_EUR_B,282.1223387654
2024-03-20,LAB_EQ_EUR_B,282.5601616556
2024-03-21,LAB_EQ_EUR_B,283.3747524893
2024-03-22,LAB_EQ_EUR_B,285.1703738110
2024-03-25,LAB_EQ_EUR_B,292.5447816378
2024-03-26,LAB_EQ_EUR_B,287.9131875326
2024-03-27,LAB_EQ_EUR_B,288.5318710319
2024-03-28,LAB_EQ_EUR_B,290.7767157994
2024-03-29,LAB_EQ_EUR_B,293.0105227481
2024-04-01,LAB_EQ_EUR_B,292.8384745332
2024-04-02,LAB_EQ_EUR_B,293.9271422204
2024-04-03,LAB_EQ_EUR_B,290.4915065759
2024-04-04,LAB_EQ_EUR_B,288.9261345228
2024-04-05,LAB_EQ_EUR_B,291.2190747260
2024-04-08,LAB_EQ_EUR_B,294.6121366917
2024-04-09,LAB_EQ_EUR_B,293.2200471819
2024-04-10,LAB_EQ_EUR_B,293.5066290097
2024-04-11,LAB_EQ_EUR_B,294.5942603117
2024-04-12,LAB_EQ_EUR_B,294.4199245154
2024-04-15,LAB_EQ_EUR_B,294.2668650714
2024-04-16,LAB_EQ_EUR_B,298.1352543928
2024-04-17,LAB_EQ_EUR_B,295.8450168403
2024-04-18,LAB_EQ_EUR_B,296.4463476238
2024-04-19,LAB_EQ_EUR_B,303.0788114513
2024-04-22,LAB_EQ_EUR_B,304.5549734879
2024-04-23,LAB_EQ_EUR_B,300.0941851163
2024-04-24,LAB_EQ_EUR_B,301.4286157966
2024-04-25,LAB_EQ_EUR_B,298.5414301350
2024-04-26,LAB_EQ_EUR_B,298.9743715450
2024-04-29,LAB_EQ_EUR_B,298.0416583777
2024-04-30,LAB_EQ_EUR_B,294.2983993034
2024-05-01,LAB_EQ_EUR_B,299.5806407801
2024-05-02,LAB_EQ_EUR_B,300.8058815070
2024-05-03,LAB_EQ_EUR_B,305.2870042867
2024-05-06,LAB_EQ_EUR_B,309.1605033191
2024-05-07,LAB_EQ_EUR_B,312.4208070954
2024-05-08,LAB_EQ_EUR_B,312.0120196883
2024-05-09,LAB_EQ_EUR_B,306.4614280443
2024-05-10,LAB_EQ_EUR_B,305.6105548501
2024-05-13,LAB_EQ_EUR_B,306.7357806051
2024-05-14,LAB_EQ_EUR_B,300.3473297671
2024-05-15,LAB_EQ_EUR_B,303.5537619389
2024-05-16,LAB_EQ_EUR_B,304.6187900277
2024-05-17,LAB_EQ_EUR_B,304.7801022023
2024-05-20,LAB_EQ_EUR_B,300.1964271926
2024-05-21,LAB_EQ_EUR_B,295.9790409151
2024-05-22,LAB_EQ_EUR_B,297.6027710640
2024-05-23,LAB_EQ_EUR_B,303.0850150896
2024-05-24,LAB_EQ_EUR_B,298.0994345819
2024-05-27,LAB_EQ_EUR_B,295.9459426557
2024-05-28,LAB_EQ_EUR_B,297.7598435873
2024-05-29,LAB_EQ_EUR_B,298.5852318694
2024-05-30,LAB_EQ_EUR_B,299.6255451947
2024-05-31,LAB_EQ_EUR_B,297.0236502847
2024-06-03,LAB_EQ_EUR_B,299.8087775055
2024-06-04,LAB_EQ_EUR_B,301.9367459914
2024-06-05,LAB_EQ_EUR_B,303.2961671518
2024-06-06,LAB_EQ_EUR_B,302.6533154418
2024-06-07,LAB_EQ_EUR_B,301.8129048855
2024-06-10,LAB_EQ_EUR_B,300.9992883446
2024-06-11,LAB_EQ_EUR_B,306.2237539709
2024-06-12,LAB_EQ_EUR_B,305.9100940271
2024-06-13,LAB_EQ_EUR_B,306.4954969433
2024-06-14,LAB_EQ_EUR_B,312.5123943357
2024-06-17,LAB_EQ_EUR_B,307.5639127050
2024-06-18,LAB_EQ_EUR_B,305.3794819463
2024-06-19,LAB_EQ_EUR_B,300.9483396871
2024-06-20,LAB_EQ_EUR_B,307.9094308471
2024-06-21,LAB_EQ_EUR_B,309.7136833520
2024-06-24,LAB_EQ_EUR_B,314.3038683529
2024-06-25,LAB_EQ_EUR_B,316.9273041278
2024-06-26,LAB_EQ_EUR_B,312.2873896157
2024-06-27,LAB_EQ_EUR_B,313.0902378869
2024-06-28,LAB_EQ_EUR_B,316.1432148171
2024-07-01,LAB_EQ_EUR_B,314.3638076089
2024-07-02,LAB_EQ_EUR_B,313.6859496634
2024-07-03,LAB_EQ_EUR_B,312.6019341280
2024-07-04,LAB_EQ_EUR_B,312.6780050497
2024-07-05,LAB_EQ_EUR_B,314.1667675930
2024-07-08,LAB_EQ_EUR_B,315.5007784784
2024-07-09,LAB_EQ_EUR_B,317.2970717242
2024-07-10,LAB_EQ_EUR_B,321.2229319277
2024-07-11,LAB_EQ_EUR_B,321.2785119112
2024-07-12,LAB_EQ_EUR_B,320.1313032717
2024-07-15,LAB_EQ_EUR_B,315.4711668268
2024-07-16,LAB_EQ_EUR_B,323.0167119752
2024-07-17,LAB_EQ_EUR_B,324.3533424397
2024-07-18,LAB_EQ_EUR_B,326.5207793936
2024-07-19,LAB_EQ_EUR_B,322.8781753375
2024-07-22,LAB_EQ_EUR_B,321.2113202388
2024-07-23,LAB_EQ_EUR_B,323.4835941760
2024-07-24,LAB_EQ_EUR_B,323.5451186861
2024-07-25,LAB_EQ_EUR_B,322.9881038345
2024-07-26,LAB_EQ_EUR_B,318.5903550437
2024-07-29,LAB_EQ_EUR_B,316.0060856674
2024-07-30,LAB_EQ_EUR_B,320.9874294570
2024-07-31,LAB_EQ_EUR_B,319.7833536612
2024-08-01,LAB_EQ_EUR_B,320.4309664118
2024-08-02,LAB_EQ_EUR_B,322.0780065023
2024-08-05,LAB_EQ_EUR_B,323.2758972208
2024-08-06,LAB_EQ_EUR_B,320.6781011295
2024-08-07,LAB_EQ_EUR_B,326.3881725887
2024-08-08,LAB_EQ_EUR_B,331.8667096121
2024-08-09,LAB_EQ_EUR_B,331.9020709473
2024-08-12,LAB_EQ_EUR_B,329.5600451927
2024-08-13,LAB_EQ_EUR_B,326.3169439872
2024-08-14,LAB_EQ_EUR_B,325.6068641630
2024-08-15,LAB_EQ_EUR_B,327.6104304026
2024-08-16,LAB_EQ_EUR_B,329.9608612011
2024-08-19,LAB_EQ_EUR_B,325.7421400725
2024-08-20,LAB_EQ_EUR_B,326.5763674707
2024-08-21,LAB_EQ_EUR_B,321.1851117695
2024-08-22,LAB_EQ_EUR_B,316.3153888947
2024-08-23,LAB_EQ_EUR_B,317.4724373507
2024-08-26,LAB_EQ_EUR_B,314.9566205035
2024-08-27,LAB_EQ_EUR_B,310.1749886271
2024-08-28,LAB_EQ_EUR_B,310.0789178385
2024-08-29,LAB_EQ_EUR_B,311.4005855276
2024-08-30,LAB_EQ_EUR_B,310.4309913261
2024-09-02,LAB_EQ_EUR_B,305.5397908805
2024-09-03,LAB_EQ_EUR_B,303.0485141375
2024-09-04,LAB_EQ_EUR_B,306.0639567784
2024-09-05,LAB_EQ_EUR_B,303.1346608801
2024-09-06,LAB_EQ_EUR_B,297.3494877753
2024-09-09,LAB_EQ_EUR_B,297.7490857334
2024-09-10,LAB_EQ_EUR_B,293.9520450335
2024-09-11,LAB_EQ_EUR_B,293.7535637590
2024-09-12,LAB_EQ_EUR_B,294.8183919976
2024-09-13,LAB_EQ_EUR_B,297.6522224452
2024-09-16,LAB_EQ_EUR_B,296.9044065092
2024-09-17,LAB_EQ_EUR_B,300.3030928704
2024-09-18,LAB_EQ_EUR_B,296.4055572676
2024-09-19,LAB_EQ_EUR_B,294.5169979773
2024-09-20,LAB_EQ_EUR_B,290.4554433989
2024-09-23,LAB_EQ_EUR_B,283.7027251441
2024-09-24,LAB_EQ_EUR_B,283.8722231816
2024-09-25,LAB_EQ_EUR_B,285.4106693159
2024-09-26,LAB_EQ_EUR_B,285.4817931207
2024-09-27,LAB_EQ_EUR_B,285.5949494871
2024-09-30,LAB_EQ_EUR_B,287.2521985766
2024-10-01,LAB_EQ_EUR_B,286.0951599141
2024-10-02,LAB_EQ_EUR_B,292.8671880604
2024-10-03,LAB_EQ_EUR_B,290.4830441010
2024-10-04,LAB_EQ_EUR_B,287.6760254963
2024-10-07,LAB_EQ_EUR_B,290.7587748434
2024-10-08,LAB_EQ_EUR_B,294.3177044972
2024-10-09,LAB_EQ_EUR_B,291.3090192233
2024-10-10,LAB_EQ_EUR_B,292.6342405465
2024-10-11,LAB_EQ_EUR_B,289.7686123867
2024-10-14,LAB_EQ_EUR_B,289.7422007566
2024-10-15,LAB_EQ_EUR_B,286.7728432174
2024-10-16,LAB_EQ_EUR_B,287.3289054293
2024-10-17,LAB_EQ_EUR_B,288.5783922964
2024-10-18,LAB_EQ_EUR_B,287.9744700181
2024-10-21,LAB_EQ_EUR_B,286.2348248790
2024-10-22,LAB_EQ_EUR_B,289.1511955749
2024-10-23,LAB_EQ_EUR_B,286.8786440225
2024-10-24,LAB_EQ_EUR_B,286.3751428855
2024-10-25,LAB_EQ_EUR_B,288.7636985929
2024-10-28,LAB_EQ_EUR_B,290.9578952434
2024-10-29,LAB_EQ_EUR_B,286.4000046402
2024-10-30,LAB_EQ_EUR_B,284.0110149496
2024-10-31,LAB_EQ_EUR_B,283.4655361488
2024-11-01,LAB_EQ_EUR_B,283.5013628688
2024-11-04,LAB_EQ_EUR_B,281.1508802994
2024-11-05,LAB_EQ_EUR_B,286.4665762587
2024-11-06,LAB_EQ_EUR_B,284.4028546605
2024-11-07,LAB_EQ_EUR_B,286.5835185125
2024-11-08,LAB_EQ_EUR_B,284.1356359588
2024-11-11,LAB_EQ_EUR_B,285.4477578391
2024-11-12,LAB_EQ_EUR_B,284.7823140382
2024-11-13,LAB_EQ_EUR_B,279.4847781698
2024-11-14,LAB_EQ_EUR_B,279.3885025386
2024-11-15,LAB_EQ_EUR_B,285.9224913038
2024-11-18,LAB_EQ_EUR_B,287.7456002518
2024-11-19,LAB_EQ_EUR_B,287.9915828458
2024-11-20,LAB_EQ_EUR_B,283.8374053200
2024-11-21,LAB_EQ_EUR_B,275.8210554281
2024-11-22,LAB_EQ_EUR_B,272.9161795594
2024-11-25,LAB_EQ_EUR_B,273.5306708196
2024-11-26,LAB_EQ_EUR_B,273.2396172757
2024-11-27,LAB_EQ_EUR_B,271.2173890669
2024-11-28,LAB_EQ_EUR_B,268.3941422783
2024-11-29,LAB_EQ_EUR_B,269.7291859089
2024-12-02,LAB_EQ_EUR_B,272.9989428431
2024-12-03,LAB_EQ_EUR_B,277.4849989770
2024-12-04,LAB_EQ_EUR_B,278.9184301858
2024-12-05,LAB_EQ_EUR_B,275.5391476691
2024-12-06,LAB_EQ_EUR_B,275.0288277354
2024-12-09,LAB_EQ_EUR_B,271.8663155021
2024-12-10,LAB_EQ_EUR_B,269.1661501571
2024-12-11,LAB_EQ_EUR_B,268.0758714245
2024-12-12,LAB_EQ_EUR_B,268.9577122365
2024-12-13,LAB_EQ_EUR_B,273.0292808304
2024-12-16,LAB_EQ_EUR_B,273.9468166760
2024-12-17,LAB_EQ_EUR_B,267.3230352732
2024-12-18,LAB_EQ_EUR_B,272.6160758769
2024-12-19,LAB_EQ_EUR_B,271.1505764428
2024-12-20,LAB_EQ_EUR_B,270.1842887417
2024-12-23,LAB_EQ_EUR_B,268.5456598592
2024-12-24,LAB_EQ_EUR_B,267.5193759276
2024-12-25,LAB_EQ_EUR_B,266.5875859691
2024-12-26,LAB_EQ_EUR_B,265.3151157271
2024-12-27,LAB_EQ_EUR_B,264.7594622786
2024-12-30,LAB_EQ_EUR_B,260.3571990201
2024-12-31,LAB_EQ_EUR_B,260.2773825190
2025-01-01,LAB_EQ_EUR_B,259.7053105289
2025-01-02,LAB_EQ_EUR_B,263.0964570780
2025-01-03,LAB_EQ_EUR_B,261.3294759019
2025-01-06,LAB_EQ_EUR_B,263.1772948966
2025-01-07,LAB_EQ_EUR_B,261.6408561320
2025-01-08,LAB_EQ_EUR_B,265.0619966607
2025-01-09,LAB_EQ_EUR_B,261.7712416962
2025-01-10,LAB_EQ_EUR_B,262.1626414960
2025-01-13,LAB_EQ_EUR_B,263.5910382714
2025-01-14,LAB_EQ_EUR_B,261.7897054274
2025-01-15,LAB_EQ_EUR_B,260.0926536088
2025-01-16,LAB_EQ_EUR_B,260.5132483972
2025-01-17,LAB_EQ_EUR_B,254.0350063223
2025-01-20,LAB_EQ_EUR_B,253.6347510634
2025-01-21,LAB_EQ_EUR_B,249.2812311793
2025-01-22,LAB_EQ_EUR_B,250.3963075438
2025-01-23,LAB_EQ_EUR_B,253.7777515760
2025-01-24,LAB_EQ_EUR_B,255.3147468288
2025-01-27,LAB_EQ_EUR_B,254.2272969830
2025-01-28,LAB_EQ_EUR_B,258.9557165649
2025-01-29,LAB_EQ_EUR_B,260.7293283871
2025-01-30,LAB_EQ_EUR_B,253.9737311908
2025-01-31,LAB_EQ_EUR_B,257.7160514181
2025-02-03,LAB_EQ_EUR_B,257.4719768456
2025-02-04,LAB_EQ_EUR_B,259.2519437542
2025-02-05,LAB_EQ_EUR_B,259.8552882029
2025-02-06,LAB_EQ_EUR_B,258.4291659995
2025-02-07,LAB_EQ_EUR_B,258.5561226603
2025-02-10,LAB_EQ_EUR_B,262.4155201798
2025-02-11,LAB_EQ_EUR_B,258.1998891215
2025-02-12,LAB_EQ_EUR_B,257.5743402885
2025-02-13,LAB_EQ_EUR_B,256.8032711986
2025-02-14,LAB_EQ_EUR_B,258.8825996487
2025-02-17,LAB_EQ_EUR_B,256.5824495120
2025-02-18,LAB_EQ_EUR_B,254.9813249864
2025-02-19,LAB_EQ_EUR_B,250.6570250954
2025-02-20,LAB_EQ_EUR_B,248.4125373923
2025-02-21,LAB_EQ_EUR_B,245.4733109744
2025-02-24,LAB_EQ_EUR_B,241.8551760503
2025-02-25,LAB_EQ_EUR_B,246.2528383354
2025-02-26,LAB_EQ_EUR_B,244.4947301517
2025-02-27,LAB_EQ_EUR_B,243.2739187790
2025-02-28,LAB_EQ_EUR_B,246.9682594826
2025-03-03,LAB_EQ_EUR_B,250.2002311757
2025-03-04,LAB_EQ_EUR_B,250.6115693553
2025-03-05,LAB_EQ_EUR_B,248.8831785716
2025-03-06,LAB_EQ_EUR_B,249.8352952013
2025-03-07,LAB_EQ_EUR_B,245.8353511961
2025-03-10,LAB_EQ_EUR_B,245.9857520044
2025-03-11,LAB_EQ_EUR_B,246.3886294402
2025-03-12,LAB_EQ_EUR_B,243.1336102724
2025-03-13,LAB_EQ_EUR_B,245.9058557405
2025-03-14,LAB_EQ_EUR_B,245.5526002740
2025-03-17,LAB_EQ_EUR_B,244.8202145717
2025-03-18,LAB_EQ_EUR_B,244.1399132843
2025-03-19,LAB_EQ_EUR_B,245.5669710988
2025-03-20,LAB_EQ_EUR_B,242.8711535202
2025-03-21,LAB_EQ_EUR_B,239.9823738783
2025-03-24,LAB_EQ_EUR_B,237.2885366221
2025-03-25,LAB_EQ_EUR_B,238.6131070576
2025-03-26,LAB_EQ_EUR_B,236.3594120849
2025-03-27,LAB_EQ_EUR_B,235.9760960809
2025-03-28,LAB_EQ_EUR_B,239.5241588835
2025-03-31,LAB_EQ_EUR_B,232.2192644290
2025-04-01,LAB_EQ_EUR_B,231.4282556897
2025-04-02,LAB_EQ_EUR_B,230.0764248472
2025-04-03,LAB_EQ_EUR_B,230.6287080892
2025-04-04,LAB_EQ_EUR_B,230.1677974733
2025-04-07,LAB_EQ_EUR_B,231.5303034692
2025-04-08,LAB_EQ_EUR_B,232.7669415401
2025-04-09,LAB_EQ_EUR_B,234.1672289609
2025-04-10,LAB_EQ_EUR_B,238.3277395327
2025-04-11,LAB_EQ_EUR_B,238.0401246580
2025-04-14,LAB_EQ_EUR_B,231.0500614175
2025-04-15,LAB_EQ_EUR_B,235.0647487071
2025-04-16,LAB_EQ_EUR_B,234.3579061533
2025-04-17,LAB_EQ_EUR_B,236.7507743035
2025-04-18,LAB_EQ_EUR_B,238.3102979144
2025-04-21,LAB_EQ_EUR_B,237.8572957637
2025-04-22,LAB_EQ_EUR_B,232.8118552261
2025-04-23,LAB_EQ_EUR_B,235.0308910608
2025-04-24,LAB_EQ_EUR_B,237.8521180550
2025-04-25,LAB_EQ_EUR_B,239.3945945721
2025-04-28,LAB_EQ_EUR_B,237.0016362048
2025-04-29,LAB_EQ_EUR_B,234.1915220227
2025-04-30,LAB_EQ_EUR_B,235.1603309887
2025-05-01,LAB_EQ_EUR_B,240.1206087974
2025-05-02,LAB_EQ_EUR_B,240.4694046286
2025-05-05,LAB_EQ_EUR_B,244.2966946319
2025-05-06,LAB_EQ_EUR_B,243.6234406771
2025-05-07,LAB_EQ_EUR_B,242.1698364066
2025-05-08,LAB_EQ_EUR_B,239.0410081148
2025-05-09,LAB_EQ_EUR_B,240.7270847059
2025-05-12,LAB_EQ_EUR_B,239.6204033413
2025-05-13,LAB_EQ_EUR_B,236.5863894024
2025-05-14,LAB_EQ_EUR_B,239.3389090267
2025-05-15,LAB_EQ_EUR_B,240.0568759566
2025-05-16,LAB_EQ_EUR_B,238.0390186082
2025-05-19,LAB_EQ_EUR_B,241.3581943745
2025-05-20,LAB_EQ_EUR_B,238.6023143303
2025-05-21,LAB_EQ_EUR_B,240.6879253187
2025-05-22,LAB_EQ_EUR_B,241.3692237962
2025-05-23,LAB_EQ_EUR_B,240.4002878235
2025-05-26,LAB_EQ_EUR_B,241.5882956396
2025-05-27,LAB_EQ_EUR_B,243.3859661022
2025-05-28,LAB_EQ_EUR_B,239.9791112878
2025-05-29,LAB_EQ_EUR_B,236.3669054419
2025-05-30,LAB_EQ_EUR_B,233.1587043491
2025-06-02,LAB_EQ_EUR_B,234.1686659380
2025-06-03,LAB_EQ_EUR_B,232.0641591631
2025-06-04,LAB_EQ_EUR_B,231.0625307585
2025-06-05,LAB_EQ_EUR_B,224.6164962637
2025-06-06,LAB_EQ_EUR_B,222.9262044141
2025-06-09,LAB_EQ_EUR_B,224.6961195958
2025-06-10,LAB_EQ_EUR_B,223.7067067075
2025-06-11,LAB_EQ_EUR_B,224.4631034676
2025-06-12,LAB_EQ_EUR_B,227.4014658062
2025-06-13,LAB_EQ_EUR_B,226.1391466316
2025-06-16,LAB_EQ_EUR_B,227.2911019352
2025-06-17,LAB_EQ_EUR_B,226.0359505849
2025-06-18,LAB_EQ_EUR_B,224.9458007399
2025-06-19,LAB_EQ_EUR_B,223.9841195634
2025-06-20,LAB_EQ_EUR_B,223.8541282317
2025-06-23,LAB_EQ_EUR_B,220.1527025833
2025-06-24,LAB_EQ_EUR_B,222.9897451400
2025-06-25,LAB_EQ_EUR_B,223.4946592727
2025-06-26,LAB_EQ_EUR_B,222.6134265919
2025-06-27,LAB_EQ_EUR_B,223.3257013892
2025-06-30,LAB_EQ_EUR_B,221.6637443044
2025-07-01,LAB_EQ_EUR_B,219.8257073676
2025-07-02,LAB_EQ_EUR_B,224.4455742502
2025-07-03,LAB_EQ_EUR_B,226.4526426502
2025-07-04,LAB_EQ_EUR_B,230.5654072814
2025-07-07,LAB_EQ_EUR_B,228.8235136151
2025-07-08,LAB_EQ_EUR_B,224.1003460533
2025-07-09,LAB_EQ_EUR_B,225.6102985712
2025-07-10,LAB_EQ_EUR_B,227.0712721430
2025-07-11,LAB_EQ_EUR_B,228.7139588051
2025-07-14,LAB_EQ_EUR_B,221.8450879882
2025-07-15,LAB_EQ_EUR_B,225.4938142801
2025-07-16,LAB_EQ_EUR_B,228.1495584119
2025-07-17,LAB_EQ_EUR_B,229.4498768987
2025-07-18,LAB_EQ_EUR_B,227.6016624242
2025-07-21,LAB_EQ_EUR_B,227.3531270567
2025-07-22,LAB_EQ_EUR_B,230.0118489162
2025-07-23,LAB_EQ_EUR_B,228.8151151396
2025-07-24,LAB_EQ_EUR_B,229.1084114015
2025-07-25,LAB_EQ_EUR_B,229.7667521118
2025-07-28,LAB_EQ_EUR_B,229.0637073726
2025-07-29,LAB_EQ_EUR_B,233.4987488302
2025-07-30,LAB_EQ_EUR_B,233.6312641873
2025-07-31,LAB_EQ_EUR_B,236.5978312033
2025-08-01,LAB_EQ_EUR_B,234.5977148959
2025-08-04,LAB_EQ_EUR_B,239.5638244841
2025-08-05,LAB_EQ_EUR_B,241.8187712050
2025-08-06,LAB_EQ_EUR_B,239.7106497703
2025-08-07,LAB_EQ_EUR_B,236.9580567568
2025-08-08,LAB_EQ_EUR_B,241.1229814443
2025-08-11,LAB_EQ_EUR_B,238.9807334136
2025-08-12,LAB_EQ_EUR_B,239.2062818490
2025-08-13,LAB_EQ_EUR_B,242.8340950961
2025-08-14,LAB_EQ_EUR_B,240.8371211656
2025-08-15,LAB_EQ_EUR_B,240.8246085747
2025-08-18,LAB_EQ_EUR_B,237.8086137083
2025-08-19,LAB_EQ_EUR_B,235.5283537814
2025-08-20,LAB_EQ_EUR_B,235.4516087106
2025-08-21,LAB_EQ_EUR_B,236.3872530206
2025-08-22,LAB_EQ_EUR_B,237.5073180107
2025-08-25,LAB_EQ_EUR_B,237.2581821008
2025-08-26,LAB_EQ_EUR_B,235.4808943234
2025-08-27,LAB_EQ_EUR_B,232.0160976603
2025-08-28,LAB_EQ_EUR_B,231.6250065539
2025-08-29,LAB_EQ_EUR_B,236.7733508767
2025-09-01,LAB_EQ_EUR_B,240.5454067784
2025-09-02,LAB_EQ_EUR_B,246.0449754237
2025-09-03,LAB_EQ_EUR_B,246.7721649798
2025-09-04,LAB_EQ_EUR_B,243.0349968552
2025-09-05,LAB_EQ_EUR_B,243.4393206616
2025-09-08,LAB_EQ_EUR_B,238.3353197231
2025-09-09,LAB_EQ_EUR_B,238.1452764437
2025-09-10,LAB_EQ_EUR_B,235.7024064521
2025-09-11,LAB_EQ_EUR_B,231.2745987851
2025-09-12,LAB_EQ_EUR_B,232.7172078294
2025-09-15,LAB_EQ_EUR_B,233.3968847842
2025-09-16,LAB_EQ_EUR_B,231.9456883550
2025-09-17,LAB_EQ_EUR_B,229.3797595852
2025-09-18,LAB_EQ_EUR_B,227.4943619435
2025-09-19,LAB_EQ_EUR_B,231.6737297665
2025-09-22,LAB_EQ_EUR_B,236.5204182678
2025-09-23,LAB_EQ_EUR_B,234.8487180086
2025-09-24,LAB_EQ_EUR_B,233.4217903430
2025-09-25,LAB_EQ_EUR_B,227.6540638007
2025-09-26,LAB_EQ_EUR_B,225.6795889812
2025-09-29,LAB_EQ_EUR_B,223.4280856919
2025-09-30,LAB_EQ_EUR_B,218.9809990573
2025-10-01,LAB_EQ_EUR_B,221.5167121961
2025-10-02,LAB_EQ_EUR_B,221.7705320376
2025-10-03,LAB_EQ_EUR_B,218.0479680802
2025-10-06,LAB_EQ_EUR_B,219.0169224997
2025-10-07,LAB_EQ_EUR_B,218.9436350707
2025-10-08,LAB_EQ_EUR_B,221.0586530991
2025-10-09,LAB_EQ_EUR_B,219.7125899870
2025-10-10,LAB_EQ_EUR_B,222.5513845685
2025-10-13,LAB_EQ_EUR_B,222.7008346855
2025-10-14,LAB_EQ_EUR_B,223.1348447309
2025-10-15,LAB_EQ_EUR_B,219.6401153025
2025-10-16,LAB_EQ_EUR_B,223.1218179978
2025-10-17,LAB_EQ_EUR_B,222.5798432276
2025-10-20,LAB_EQ_EUR_B,222.6840458612
2025-10-21,LAB_EQ_EUR_B,225.2078321867
2025-10-22,LAB_EQ_EUR_B,225.9515019676
2025-10-23,LAB_EQ_EUR_B,220.3491687658
2025-10-24,LAB_EQ_EUR_B,223.9792714838
2025-10-27,LAB_EQ_EUR_B,224.3049929449
2025-10-28,LAB_EQ_EUR_B,223.5855611998
2025-10-29,LAB_EQ_EUR_B,223.2967849485
2025-10-30,LAB_EQ_EUR_B,223.8599316321
2025-10-31,LAB_EQ_EUR_B,222.8905331115
2025-11-03,LAB_EQ_EUR_B,226.5604633561
2025-11-04,LAB_EQ_EUR_B,228.8365548580
2025-11-05,LAB_EQ_EUR_B,228.7230168842
2025-11-06,LAB_EQ_EUR_B,226.8467850729
2025-11-07,LAB_EQ_EUR_B,222.8155153566
2025-11-10,LAB_EQ_EUR_B,220.2658372710
2025-11-11,LAB_EQ_EUR_B,223.6930316687
2025-11-12,LAB_EQ_EUR_B,221.1514921482
2025-11-13,LAB_EQ_EUR_B,225.9743921064
2025-11-14,LAB_EQ_EUR_B,225.3521505221
2025-11-17,LAB_EQ_EUR_B,222.8530963596
2025-11-18,LAB_EQ_EUR_B,225.4177845766
2025-11-19,LAB_EQ_EUR_B,227.2691046694
2025-11-20,LAB_EQ_EUR_B,228.5117716503
2025-11-21,LAB_EQ_EUR_B,229.8380269070
2025-11-24,LAB_EQ_EUR_B,229.8990266212
2025-11-25,LAB_EQ_EUR_B,229.8718109432
2025-11-26,LAB_EQ_EUR_B,231.3596975299
2025-11-27,LAB_EQ_EUR_B,230.3797034007
2025-11-28,LAB_EQ_EUR_B,232.9876230663
2025-12-01,LAB_EQ_EUR_B,237.5015776622
2025-12-02,LAB_EQ_EUR_B,238.3596672677
2025-12-03,LAB_EQ_EUR_B,230.8990015345
2025-12-04,LAB_EQ_EUR_B,234.2714300738
2025-12-05,LAB_EQ_EUR_B,230.9852117770
2025-12-08,LAB_EQ_EUR_B,231.8201336031
2025-12-09,LAB_EQ_EUR_B,234.1639482945
2025-12-10,LAB_EQ_EUR_B,226.3795876475
2025-12-11,LAB_EQ_EUR_B,225.2656504711
2025-12-12,LAB_EQ_EUR_B,224.9786464440
2025-12-15,LAB_EQ_EUR_B,225.2987792336
2025-12-16,LAB_EQ_EUR_B,229.8465269863
2025-12-17,LAB_EQ_EUR_B,230.8233447006
2025-12-18,LAB_EQ_EUR_B,234.1232923824
2025-12-19,LAB_EQ_EUR_B,236.2281264655
2025-12-22,LAB_EQ_EUR_B,237.3496955237
2025-12-23,LAB_EQ_EUR_B,236.7161095732
2025-12-24,LAB_EQ_EUR_B,236.9647538852
2025-12-25,LAB_EQ_EUR_B,236.7759668735
2025-12-26,LAB_EQ_EUR_B,239.6827118375
2025-12-29,LAB_EQ_EUR_B,236.0565083578
2025-12-30,LAB_EQ_EUR_B,237.4898369035
2025-12-31,LAB_EQ_EUR_B,234.7074745596
2021-01-04,LAB_EQ_GBP,57.0000000000
2021-01-05,LAB_EQ_GBP,57.6515359613
2021-01-06,LAB_EQ_GBP,57.8098327526
2021-01-07,LAB_EQ_GBP,58.1079309872
2021-01-08,LAB_EQ_GBP,57.5036219501
2021-01-11,LAB_EQ_GBP,57.8777094159
2021-01-12,LAB_EQ_GBP,57.7680485764
2021-01-13,LAB_EQ_GBP,58.1653126308
2021-01-14,LAB_EQ_GBP,58.8867293949
2021-01-15,LAB_EQ_GBP,59.1430246391
2021-01-18,LAB_EQ_GBP,58.4589576044
2021-01-19,LAB_EQ_GBP,57.5560530974
2021-01-20,LAB_EQ_GBP,56.4365579819
2021-01-21,LAB_EQ_GBP,56.3528179595
2021-01-22,LAB_EQ_GBP,55.7852709762
2021-01-25,LAB_EQ_GBP,55.9950856244
2021-01-26,LAB_EQ_GBP,54.8765964387
2021-01-27,LAB_EQ_GBP,55.1698668417
2021-01-28,LAB_EQ_GBP,55.9445704839
2021-01-29,LAB_EQ_GBP,56.9976283790
2021-02-01,LAB_EQ_GBP,57.7224698367
2021-02-02,LAB_EQ_GBP,57.1413960569
2021-02-03,LAB_EQ_GBP,57.3401235785
2021-02-04,LAB_EQ_GBP,56.5874301533
2021-02-05,LAB_EQ_GBP,57.9537116702
2021-02-08,LAB_EQ_GBP,57.3577925162
2021-02-09,LAB_EQ_GBP,57.4736835263
2021-02-10,LAB_EQ_GBP,58.3807989425
2021-02-11,LAB_EQ_GBP,60.0234689656
2021-02-12,LAB_EQ_GBP,59.9058218204
2021-02-15,LAB_EQ_GBP,58.8671070825
2021-02-16,LAB_EQ_GBP,58.4866799358
2021-02-17,LAB_EQ_GBP,58.4725438767
2021-02-18,LAB_EQ_GBP,58.9713432137
2021-02-19,LAB_EQ_GBP,58.9796154461
2021-02-22,LAB_EQ_GBP,58.2710544920
2021-02-23,LAB_EQ_GBP,58.8192898937
2021-02-24,LAB_EQ_GBP,59.5692751597
2021-02-25,LAB_EQ_GBP,60.8412107183
2021-02-26,LAB_EQ_GBP,61.1189841094
2021-03-01,LAB_EQ_GBP,60.1826437520
2021-03-02,LAB_EQ_GBP,59.5640121899
2021-03-03,LAB_EQ_GBP,59.1035879808
2021-03-04,LAB_EQ_GBP,57.8398795521
2021-03-05,LAB_EQ_GBP,57.7164902912
2021-03-08,LAB_EQ_GBP,57.6206175710
2021-03-09,LAB_EQ_GBP,56.6396574928
2021-03-10,LAB_EQ_GBP,58.0303152710
2021-03-11,LAB_EQ_GBP,58.4341663478
2021-03-12,LAB_EQ_GBP,58.6708487980
2021-03-15,LAB_EQ_GBP,59.1886234194
2021-03-16,LAB_EQ_GBP,60.2316649950
2021-03-17,LAB_EQ_GBP,60.6720071791
2021-03-18,LAB_EQ_GBP,60.8983932773
2021-03-19,LAB_EQ_GBP,62.1309506358
2021-03-22,LAB_EQ_GBP,62.7456323341
2021-03-23,LAB_EQ_GBP,62.3284406471
2021-03-24,LAB_EQ_GBP,63.7426440376
2021-03-25,LAB_EQ_GBP,64.1457936662
2021-03-26,LAB_EQ_GBP,62.4881878341
2021-03-29,LAB_EQ_GBP,62.5798199528
2021-03-30,LAB_EQ_GBP,63.2262097182
2021-03-31,LAB_EQ_GBP,64.1121825315
2021-04-01,LAB_EQ_GBP,62.5795750089
2021-04-02,LAB_EQ_GBP,62.0280911797
2021-04-05,LAB_EQ_GBP,61.4742830374
2021-04-06,LAB_EQ_GBP,62.3536977622
2021-04-07,LAB_EQ_GBP,62.7974984853
2021-04-08,LAB_EQ_GBP,62.6373408707
2021-04-09,LAB_EQ_GBP,62.5615589388
2021-04-12,LAB_EQ_GBP,62.5525860620
2021-04-13,LAB_EQ_GBP,62.5560395104
2021-04-14,LAB_EQ_GBP,63.4570328637
2021-04-15,LAB_EQ_GBP,63.0593988859
2021-04-16,LAB_EQ_GBP,62.5121326542
2021-04-19,LAB_EQ_GBP,61.3795680624
2021-04-20,LAB_EQ_GBP,61.9246820017
2021-04-21,LAB_EQ_GBP,61.8485833215
2021-04-22,LAB_EQ_GBP,61.2644865516
2021-04-23,LAB_EQ_GBP,61.9781149298
2021-04-26,LAB_EQ_GBP,62.3608489066
2021-04-27,LAB_EQ_GBP,62.6148886144
2021-04-28,LAB_EQ_GBP,62.3568756279
2021-04-29,LAB_EQ_GBP,61.0480890789
2021-04-30,LAB_EQ_GBP,59.8644218684
2021-05-03,LAB_EQ_GBP,60.0432736047
2021-05-04,LAB_EQ_GBP,60.7294179503
2021-05-05,LAB_EQ_GBP,59.8873448738
2021-05-06,LAB_EQ_GBP,59.4917310817
2021-05-07,LAB_EQ_GBP,60.7918169111
2021-05-10,LAB_EQ_GBP,61.4304560807
2021-05-11,LAB_EQ_GBP,62.1437425709
2021-05-12,LAB_EQ_GBP,62.1607474654
2021-05-13,LAB_EQ_GBP,61.9075997961
2021-05-14,LAB_EQ_GBP,61.5048577849
2021-05-17,LAB_EQ_GBP,61.0506684036
2021-05-18,LAB_EQ_GBP,61.5576125673
2021-05-19,LAB_EQ_GBP,62.2075704850
2021-05-20,LAB_EQ_GBP,62.6585711202
2021-05-21,LAB_EQ_GBP,62.2101234479
2021-05-24,LAB_EQ_GBP,62.5767352217
2021-05-25,LAB_EQ_GBP,63.1464295587
2021-05-26,LAB_EQ_GBP,63.5248542305
2021-05-27,LAB_EQ_GBP,64.1163037298
2021-05-28,LAB_EQ_GBP,63.9013540528
2021-05-31,LAB_EQ_GBP,64.1381320671
2021-06-01,LAB_EQ_GBP,63.9274397396
2021-06-02,LAB_EQ_GBP,65.6480024939
2021-06-03,LAB_EQ_GBP,65.9175249784
2021-06-04,LAB_EQ_GBP,66.1552011906
2021-06-07,LAB_EQ_GBP,65.3175648436
2021-06-08,LAB_EQ_GBP,67.0952089332
2021-06-09,LAB_EQ_GBP,67.9719854976
2021-06-10,LAB_EQ_GBP,69.8212691970
2021-06-11,LAB_EQ_GBP,70.5434676996
2021-06-14,LAB_EQ_GBP,72.5850508875
2021-06-15,LAB_EQ_GBP,71.6757246243
2021-06-16,LAB_EQ_GBP,71.5351521940
2021-06-17,LAB_EQ_GBP,71.7314066197
2021-06-18,LAB_EQ_GBP,71.4924766122
2021-06-21,LAB_EQ_GBP,71.7911376999
2021-06-22,LAB_EQ_GBP,71.6587995494
2021-06-23,LAB_EQ_GBP,72.3645479600
2021-06-24,LAB_EQ_GBP,72.1420547663
2021-06-25,LAB_EQ_GBP,71.7472756015
2021-06-28,LAB_EQ_GBP,72.4011175483
2021-06-29,LAB_EQ_GBP,70.6012171792
2021-06-30,LAB_EQ_GBP,69.8674759781
2021-07-01,LAB_EQ_GBP,70.7009517414
2021-07-02,LAB_EQ_GBP,70.4484069634
2021-07-05,LAB_EQ_GBP,69.8003731406
2021-07-06,LAB_EQ_GBP,70.2087814211
2021-07-07,LAB_EQ_GBP,70.4234473987
2021-07-08,LAB_EQ_GBP,71.1832421441
2021-07-09,LAB_EQ_GBP,72.5760997985
2021-07-12,LAB_EQ_GBP,74.0348309044
2021-07-13,LAB_EQ_GBP,75.1637923450
2021-07-14,LAB_EQ_GBP,75.6001810864
2021-07-15,LAB_EQ_GBP,75.6407880592
2021-07-16,LAB_EQ_GBP,76.8408503752
2021-07-19,LAB_EQ_GBP,76.8529602261
2021-07-20,LAB_EQ_GBP,76.9592281396
2021-07-21,LAB_EQ_GBP,76.8787356060
2021-07-22,LAB_EQ_GBP,76.7867800915
2021-07-23,LAB_EQ_GBP,76.8306222216
2021-07-26,LAB_EQ_GBP,77.5735259696
2021-07-27,LAB_EQ_GBP,77.5941594420
2021-07-28,LAB_EQ_GBP,77.9697919549
2021-07-29,LAB_EQ_GBP,77.8429497507
2021-07-30,LAB_EQ_GBP,77.2590704385
2021-08-02,LAB_EQ_GBP,77.7077208735
2021-08-03,LAB_EQ_GBP,77.3650597201
2021-08-04,LAB_EQ_GBP,75.5230547141
2021-08-05,LAB_EQ_GBP,73.9419380535
2021-08-06,LAB_EQ_GBP,74.2864374125
2021-08-09,LAB_EQ_GBP,75.7436481119
2021-08-10,LAB_EQ_GBP,76.0940647469
2021-08-11,LAB_EQ_GBP,76.7115895809
2021-08-12,LAB_EQ_GBP,76.4278218798
2021-08-13,LAB_EQ_GBP,75.7123571735
2021-08-16,LAB_EQ_GBP,76.8050070948
2021-08-17,LAB_EQ_GBP,77.6714435142
2021-08-18,LAB_EQ_GBP,77.8304162127
2021-08-19,LAB_EQ_GBP,77.4271581264
2021-08-20,LAB_EQ_GBP,77.4298456841
2021-08-23,LAB_EQ_GBP,77.1554074843
2021-08-24,LAB_EQ_GBP,77.6694065454
2021-08-25,LAB_EQ_GBP,78.5828927695
2021-08-26,LAB_EQ_GBP,77.1461137021
2021-08-27,LAB_EQ_GBP,77.2528896145
2021-08-30,LAB_EQ_GBP,76.8625334098
2021-08-31,LAB_EQ_GBP,77.6182421414
2021-09-01,LAB_EQ_GBP,76.5552202711
2021-09-02,LAB_EQ_GBP,75.1684926659
2021-09-03,LAB_EQ_GBP,74.3185216960
2021-09-06,LAB_EQ_GBP,74.4224060100
2021-09-07,LAB_EQ_GBP,75.2480790424
2021-09-08,LAB_EQ_GBP,75.2722695516
2021-09-09,LAB_EQ_GBP,75.6448410572
2021-09-10,LAB_EQ_GBP,74.4020039446
2021-09-13,LAB_EQ_GBP,73.8745288798
2021-09-14,LAB_EQ_GBP,73.4071986417
2021-09-15,LAB_EQ_GBP,73.5019740851
2021-09-16,LAB_EQ_GBP,75.2952273531
2021-09-17,LAB_EQ_GBP,74.8010961823
2021-09-20,LAB_EQ_GBP,73.1805012926
2021-09-21,LAB_EQ_GBP,73.9168982813
2021-09-22,LAB_EQ_GBP,73.8948431709
2021-09-23,LAB_EQ_GBP,74.0418217695
2021-09-24,LAB_EQ_GBP,74.4839737926
2021-09-27,LAB_EQ_GBP,75.4971628866
2021-09-28,LAB_EQ_GBP,76.0797929646
2021-09-29,LAB_EQ_GBP,76.6187279146
2021-09-30,LAB_EQ_GBP,77.1151138904
2021-10-01,LAB_EQ_GBP,75.3085268231
2021-10-04,LAB_EQ_GBP,76.5502086971
2021-10-05,LAB_EQ_GBP,76.4854837971
2021-10-06,LAB_EQ_GBP,77.0255570379
2021-10-07,LAB_EQ_GBP,77.6730080508
2021-10-08,LAB_EQ_GBP,78.7046502120
2021-10-11,LAB_EQ_GBP,79.8467679887
2021-10-12,LAB_EQ_GBP,79.5358684884
2021-10-13,LAB_EQ_GBP,80.8420604310
2021-10-14,LAB_EQ_GBP,80.5722887981
2021-10-15,LAB_EQ_GBP,81.0592822973
2021-10-18,LAB_EQ_GBP,80.2888874442
2021-10-19,LAB_EQ_GBP,80.7166841189
2021-10-20,LAB_EQ_GBP,80.9016918368
2021-10-21,LAB_EQ_GBP,81.2167533703
2021-10-22,LAB_EQ_GBP,82.0349853668
2021-10-25,LAB_EQ_GBP,81.5747713844
2021-10-26,LAB_EQ_GBP,82.9752030867
2021-10-27,LAB_EQ_GBP,82.8807675658
2021-10-28,LAB_EQ_GBP,83.4711071876
2021-10-29,LAB_EQ_GBP,84.2756959230
2021-11-01,LAB_EQ_GBP,84.6168032682
2021-11-02,LAB_EQ_GBP,84.2065478931
2021-11-03,LAB_EQ_GBP,85.4197854390
2021-11-04,LAB_EQ_GBP,86.5661337149
2021-11-05,LAB_EQ_GBP,88.0461652588
2021-11-08,LAB_EQ_GBP,89.1351293822
2021-11-09,LAB_EQ_GBP,89.2445151913
2021-11-10,LAB_EQ_GBP,88.8551134393
2021-11-11,LAB_EQ_GBP,87.4113134421
2021-11-12,LAB_EQ_GBP,88.5499745789
2021-11-15,LAB_EQ_GBP,88.6349311407
2021-11-16,LAB_EQ_GBP,89.9943641516
2021-11-17,LAB_EQ_GBP,89.4200337594
2021-11-18,LAB_EQ_GBP,89.3991679249
2021-11-19,LAB_EQ_GBP,90.6688796597
2021-11-22,LAB_EQ_GBP,90.1698931115
2021-11-23,LAB_EQ_GBP,90.6530597838
2021-11-24,LAB_EQ_GBP,89.0219555489
2021-11-25,LAB_EQ_GBP,89.3891067696
2021-11-26,LAB_EQ_GBP,89.7037048927
2021-11-29,LAB_EQ_GBP,89.5707571852
2021-11-30,LAB_EQ_GBP,90.1014338371
2021-12-01,LAB_EQ_GBP,90.9780854733
2021-12-02,LAB_EQ_GBP,90.8523178853
2021-12-03,LAB_EQ_GBP,92.0047521442
2021-12-06,LAB_EQ_GBP,93.5182527051
2021-12-07,LAB_EQ_GBP,92.7327831963
2021-12-08,LAB_EQ_GBP,92.5665565976
2021-12-09,LAB_EQ_GBP,91.4934669045
2021-12-10,LAB_EQ_GBP,92.2128550023
2021-12-13,LAB_EQ_GBP,92.1376247034
2021-12-14,LAB_EQ_GBP,92.6542228648
2021-12-15,LAB_EQ_GBP,93.3910884585
2021-12-16,LAB_EQ_GBP,93.8819747714
2021-12-17,LAB_EQ_GBP,93.7669051061
2021-12-20,LAB_EQ_GBP,94.2607774867
2021-12-21,LAB_EQ_GBP,95.6929164334
2021-12-22,LAB_EQ_GBP,97.6415935092
2021-12-23,LAB_EQ_GBP,98.0353354892
2021-12-24,LAB_EQ_GBP,98.3654201775
2021-12-27,LAB_EQ_GBP,98.3473847722
2021-12-28,LAB_EQ_GBP,98.8127748753
2021-12-29,LAB_EQ_GBP,99.3378350976
2021-12-30,LAB_EQ_GBP,99.9677607570
2021-12-31,LAB_EQ_GBP,100.5172073722
2022-01-03,LAB_EQ_GBP,100.5667531945
2022-01-04,LAB_EQ_GBP,100.7530871463
2022-01-05,LAB_EQ_GBP,100.9458522413
2022-01-06,LAB_EQ_GBP,101.4458098411
2022-01-07,LAB_EQ_GBP,102.4910552419
2022-01-10,LAB_EQ_GBP,103.1180973587
2022-01-11,LAB_EQ_GBP,103.2256169821
2022-01-12,LAB_EQ_GBP,104.6248785546
2022-01-13,LAB_EQ_GBP,104.9965246903
2022-01-14,LAB_EQ_GBP,103.6320756733
2022-01-17,LAB_EQ_GBP,103.2305084916
2022-01-18,LAB_EQ_GBP,102.0335101532
2022-01-19,LAB_EQ_GBP,101.8008630173
2022-01-20,LAB_EQ_GBP,103.2600663312
2022-01-21,LAB_EQ_GBP,103.9076092786
2022-01-24,LAB_EQ_GBP,103.9616265132
2022-01-25,LAB_EQ_GBP,104.6618953864
2022-01-26,LAB_EQ_GBP,104.8335705081
2022-01-27,LAB_EQ_GBP,102.8932422114
2022-01-28,LAB_EQ_GBP,103.4675206718
2022-01-31,LAB_EQ_GBP,101.5291658161
2022-02-01,LAB_EQ_GBP,102.1833918936
2022-02-02,LAB_EQ_GBP,100.5227686074
2022-02-03,LAB_EQ_GBP,101.2041364622
2022-02-04,LAB_EQ_GBP,101.4885100428
2022-02-07,LAB_EQ_GBP,102.3264463170
2022-02-08,LAB_EQ_GBP,104.4457356062
2022-02-09,LAB_EQ_GBP,104.2507832204
2022-02-10,LAB_EQ_GBP,104.9671538816
2022-02-11,LAB_EQ_GBP,106.1753051419
2022-02-14,LAB_EQ_GBP,107.3964639156
2022-02-15,LAB_EQ_GBP,108.2472488484
2022-02-16,LAB_EQ_GBP,108.0432310472
2022-02-17,LAB_EQ_GBP,109.1497821335
2022-02-18,LAB_EQ_GBP,108.8298301254
2022-02-21,LAB_EQ_GBP,106.7692407545
2022-02-22,LAB_EQ_GBP,103.9576024638
2022-02-23,LAB_EQ_GBP,102.8293653730
2022-02-24,LAB_EQ_GBP,102.5384218421
2022-02-25,LAB_EQ_GBP,102.6969678079
2022-02-28,LAB_EQ_GBP,102.0301657291
2022-03-01,LAB_EQ_GBP,103.1770486821
2022-03-02,LAB_EQ_GBP,103.9262542146
2022-03-03,LAB_EQ_GBP,104.5637641385
2022-03-04,LAB_EQ_GBP,102.7267319730
2022-03-07,LAB_EQ_GBP,102.7440939677
2022-03-08,LAB_EQ_GBP,103.2729896104
2022-03-09,LAB_EQ_GBP,104.1159296208
2022-03-10,LAB_EQ_GBP,104.4840859162
2022-03-11,LAB_EQ_GBP,104.3268496981
2022-03-14,LAB_EQ_GBP,103.8517348383
2022-03-15,LAB_EQ_GBP,103.1858532288
2022-03-16,LAB_EQ_GBP,103.8114084109
2022-03-17,LAB_EQ_GBP,103.6712628778
2022-03-18,LAB_EQ_GBP,102.5903267758
2022-03-21,LAB_EQ_GBP,103.5691914515
2022-03-22,LAB_EQ_GBP,105.0895369748
2022-03-23,LAB_EQ_GBP,106.6705757025
2022-03-24,LAB_EQ_GBP,110.1374786434
2022-03-25,LAB_EQ_GBP,109.9910795345
2022-03-28,LAB_EQ_GBP,111.0101861957
2022-03-29,LAB_EQ_GBP,111.8753161532
2022-03-30,LAB_EQ_GBP,111.2374238115
2022-03-31,LAB_EQ_GBP,110.6547654171
2022-04-01,LAB_EQ_GBP,111.1850927003
2022-04-04,LAB_EQ_GBP,111.1556166641
2022-04-05,LAB_EQ_GBP,111.1133576526
2022-04-06,LAB_EQ_GBP,113.4182472565
2022-04-07,LAB_EQ_GBP,112.5049017440
2022-04-08,LAB_EQ_GBP,112.3737299521
2022-04-11,LAB_EQ_GBP,111.0055991869
2022-04-12,LAB_EQ_GBP,111.1320270040
2022-04-13,LAB_EQ_GBP,111.4701650247
2022-04-14,LAB_EQ_GBP,111.0658982301
2022-04-15,LAB_EQ_GBP,111.6933339816
2022-04-18,LAB_EQ_GBP,111.4393373521
2022-04-19,LAB_EQ_GBP,110.7466701504
2022-04-20,LAB_EQ_GBP,112.4966999010
2022-04-21,LAB_EQ_GBP,113.0682717820
2022-04-22,LAB_EQ_GBP,116.2329265403
2022-04-25,LAB_EQ_GBP,115.6540656964
2022-04-26,LAB_EQ_GBP,115.1699150023
2022-04-27,LAB_EQ_GBP,112.5382797800
2022-04-28,LAB_EQ_GBP,115.3105381660
2022-04-29,LAB_EQ_GBP,115.7506823384
2022-05-02,LAB_EQ_GBP,114.9401581562
2022-05-03,LAB_EQ_GBP,115.9204150174
2022-05-04,LAB_EQ_GBP,117.9593502531
2022-05-05,LAB_EQ_GBP,118.2877204972
2022-05-06,LAB_EQ_GBP,117.5037830434
2022-05-09,LAB_EQ_GBP,117.0565663147
2022-05-10,LAB_EQ_GBP,114.3725005097
2022-05-11,LAB_EQ_GBP,112.6758146589
2022-05-12,LAB_EQ_GBP,114.2615277205
2022-05-13,LAB_EQ_GBP,115.2257472487
2022-05-16,LAB_EQ_GBP,114.1801586809
2022-05-17,LAB_EQ_GBP,113.6338923657
2022-05-18,LAB_EQ_GBP,112.7358552408
2022-05-19,LAB_EQ_GBP,114.9915413070
2022-05-20,LAB_EQ_GBP,113.8647174038
2022-05-23,LAB_EQ_GBP,114.9799822581
2022-05-24,LAB_EQ_GBP,113.6993307811
2022-05-25,LAB_EQ_GBP,115.3156055313
2022-05-26,LAB_EQ_GBP,116.8521971125
2022-05-27,LAB_EQ_GBP,117.1430907735
2022-05-30,LAB_EQ_GBP,115.6683464465
2022-05-31,LAB_EQ_GBP,117.6613151003
2022-06-01,LAB_EQ_GBP,117.5720969611
2022-06-02,LAB_EQ_GBP,115.2306205582
2022-06-03,LAB_EQ_GBP,116.8469026727
2022-06-06,LAB_EQ_GBP,116.6795325901
2022-06-07,LAB_EQ_GBP,118.2837536415
2022-06-08,LAB_EQ_GBP,117.8937767756
2022-06-09,LAB_EQ_GBP,115.4033269160
2022-06-10,LAB_EQ_GBP,115.2791877575
2022-06-13,LAB_EQ_GBP,115.0692491965
2022-06-14,LAB_EQ_GBP,113.3072407482
2022-06-15,LAB_EQ_GBP,115.2492059032
2022-06-16,LAB_EQ_GBP,116.1445027271
2022-06-17,LAB_EQ_GBP,115.4460829134
2022-06-20,LAB_EQ_GBP,114.9488309206
2022-06-21,LAB_EQ_GBP,113.7800035210
2022-06-22,LAB_EQ_GBP,110.4683629371
2022-06-23,LAB_EQ_GBP,109.3949322501
2022-06-24,LAB_EQ_GBP,111.1812414109
2022-06-27,LAB_EQ_GBP,111.7193706048
2022-06-28,LAB_EQ_GBP,113.5661533045
2022-06-29,LAB_EQ_GBP,113.4470486435
2022-06-30,LAB_EQ_GBP,112.3264347761
2022-07-01,LAB_EQ_GBP,111.7669890819
2022-07-04,LAB_EQ_GBP,113.1421183155
2022-07-05,LAB_EQ_GBP,112.7934781411
2022-07-06,LAB_EQ_GBP,114.8058597751
2022-07-07,LAB_EQ_GBP,112.8659488797
2022-07-08,LAB_EQ_GBP,111.9671749618
2022-07-11,LAB_EQ_GBP,111.9018403430
2022-07-12,LAB_EQ_GBP,112.6031278806
2022-07-13,LAB_EQ_GBP,113.8991773648
2022-07-14,LAB_EQ_GBP,114.2487765201
2022-07-15,LAB_EQ_GBP,116.0999119046
2022-07-18,LAB_EQ_GBP,118.5190045461
2022-07-19,LAB_EQ_GBP,118.5177706618
2022-07-20,LAB_EQ_GBP,116.6482105354
2022-07-21,LAB_EQ_GBP,114.9071232784
2022-07-22,LAB_EQ_GBP,111.9501786474
2022-07-25,LAB_EQ_GBP,110.6156834597
2022-07-26,LAB_EQ_GBP,110.3178238544
2022-07-27,LAB_EQ_GBP,108.3252802341
2022-07-28,LAB_EQ_GBP,107.1589263645
2022-07-29,LAB_EQ_GBP,109.5594958481
2022-08-01,LAB_EQ_GBP,108.9415506543
2022-08-02,LAB_EQ_GBP,109.2487752907
2022-08-03,LAB_EQ_GBP,110.1058198064
2022-08-04,LAB_EQ_GBP,109.3739901053
2022-08-05,LAB_EQ_GBP,109.6643944524
2022-08-08,LAB_EQ_GBP,109.8145201602
2022-08-09,LAB_EQ_GBP,109.7128577165
2022-08-10,LAB_EQ_GBP,109.7515693969
2022-08-11,LAB_EQ_GBP,110.3996964026
2022-08-12,LAB_EQ_GBP,110.1833986669
2022-08-15,LAB_EQ_GBP,108.9483762136
2022-08-16,LAB_EQ_GBP,106.7239313377
2022-08-17,LAB_EQ_GBP,110.3899655628
2022-08-18,LAB_EQ_GBP,110.4735555296
2022-08-19,LAB_EQ_GBP,109.9790352485
2022-08-22,LAB_EQ_GBP,110.7917078299
2022-08-23,LAB_EQ_GBP,112.9206462845
2022-08-24,LAB_EQ_GBP,112.8707622934
2022-08-25,LAB_EQ_GBP,113.7474367533
2022-08-26,LAB_EQ_GBP,111.6574057329
2022-08-29,LAB_EQ_GBP,110.5623601148
2022-08-30,LAB_EQ_GBP,109.8845186395
2022-08-31,LAB_EQ_GBP,109.3124120236
2022-09-01,LAB_EQ_GBP,108.9235698205
2022-09-02,LAB_EQ_GBP,110.3332124585
2022-09-05,LAB_EQ_GBP,111.6609760531
2022-09-06,LAB_EQ_GBP,110.3755648380
2022-09-07,LAB_EQ_GBP,111.2876902020
2022-09-08,LAB_EQ_GBP,111.5154012455
2022-09-09,LAB_EQ_GBP,113.6517501895
2022-09-12,LAB_EQ_GBP,115.0336486814
2022-09-13,LAB_EQ_GBP,116.3023668237
2022-09-14,LAB_EQ_GBP,118.6144257177
2022-09-15,LAB_EQ_GBP,117.3826911651
2022-09-16,LAB_EQ_GBP,118.7809313746
2022-09-19,LAB_EQ_GBP,119.6839771726
2022-09-20,LAB_EQ_GBP,118.5167983678
2022-09-21,LAB_EQ_GBP,118.5329970665
2022-09-22,LAB_EQ_GBP,119.4797455816
2022-09-23,LAB_EQ_GBP,118.8425723540
2022-09-26,LAB_EQ_GBP,118.1500650400
2022-09-27,LAB_EQ_GBP,118.9901030330
2022-09-28,LAB_EQ_GBP,118.7605956576
2022-09-29,LAB_EQ_GBP,117.6101992967
2022-09-30,LAB_EQ_GBP,117.9375658897
2022-10-03,LAB_EQ_GBP,115.7735731649
2022-10-04,LAB_EQ_GBP,117.9553332261
2022-10-05,LAB_EQ_GBP,118.0906031306
2022-10-06,LAB_EQ_GBP,118.8432015100
2022-10-07,LAB_EQ_GBP,119.1409087958
2022-10-10,LAB_EQ_GBP,118.8527054156
2022-10-11,LAB_EQ_GBP,118.6808102331
2022-10-12,LAB_EQ_GBP,117.3885603927
2022-10-13,LAB_EQ_GBP,119.9628519851
2022-10-14,LAB_EQ_GBP,119.9373599674
2022-10-17,LAB_EQ_GBP,118.1901838417
2022-10-18,LAB_EQ_GBP,118.1345087889
2022-10-19,LAB_EQ_GBP,118.0827043774
2022-10-20,LAB_EQ_GBP,118.7543224505
2022-10-21,LAB_EQ_GBP,116.2857346915
2022-10-24,LAB_EQ_GBP,117.4825276340
2022-10-25,LAB_EQ_GBP,116.5444605265
2022-10-26,LAB_EQ_GBP,120.1099911565
2022-10-27,LAB_EQ_GBP,121.1048525304
2022-10-28,LAB_EQ_GBP,120.5847063817
2022-10-31,LAB_EQ_GBP,121.3557462838
2022-11-01,LAB_EQ_GBP,122.2673400241
2022-11-02,LAB_EQ_GBP,121.7365759160
2022-11-03,LAB_EQ_GBP,120.1176237600
2022-11-04,LAB_EQ_GBP,122.2483212501
2022-11-07,LAB_EQ_GBP,122.5582391366
2022-11-08,LAB_EQ_GBP,122.4926073058
2022-11-09,LAB_EQ_GBP,121.5811129621
2022-11-10,LAB_EQ_GBP,120.9955710629
2022-11-11,LAB_EQ_GBP,119.8003067164
2022-11-14,LAB_EQ_GBP,120.4048315497
2022-11-15,LAB_EQ_GBP,120.2166443755
2022-11-16,LAB_EQ_GBP,119.8007482957
2022-11-17,LAB_EQ_GBP,119.9903964008
2022-11-18,LAB_EQ_GBP,121.1540925144
2022-11-21,LAB_EQ_GBP,119.2770212399
2022-11-22,LAB_EQ_GBP,119.8673730347
2022-11-23,LAB_EQ_GBP,118.8398080392
2022-11-24,LAB_EQ_GBP,120.0375479428
2022-11-25,LAB_EQ_GBP,117.9918889881
2022-11-28,LAB_EQ_GBP,117.0518756125
2022-11-29,LAB_EQ_GBP,116.5194999376
2022-11-30,LAB_EQ_GBP,115.5773174609
2022-12-01,LAB_EQ_GBP,116.5078922897
2022-12-02,LAB_EQ_GBP,115.1338276374
2022-12-05,LAB_EQ_GBP,117.4718592971
2022-12-06,LAB_EQ_GBP,117.8108830057
2022-12-07,LAB_EQ_GBP,118.5881975960
2022-12-08,LAB_EQ_GBP,118.2300472201
2022-12-09,LAB_EQ_GBP,118.4378683092
2022-12-12,LAB_EQ_GBP,117.1052008255
2022-12-13,LAB_EQ_GBP,116.6443727201
2022-12-14,LAB_EQ_GBP,116.7815692032
2022-12-15,LAB_EQ_GBP,117.3414762802
2022-12-16,LAB_EQ_GBP,116.9634040656
2022-12-19,LAB_EQ_GBP,117.0029258893
2022-12-20,LAB_EQ_GBP,116.1550466656
2022-12-21,LAB_EQ_GBP,118.7709469163
2022-12-22,LAB_EQ_GBP,119.2574819355
2022-12-23,LAB_EQ_GBP,118.3029299882
2022-12-26,LAB_EQ_GBP,117.9910804547
2022-12-27,LAB_EQ_GBP,118.6840608258
2022-12-28,LAB_EQ_GBP,117.5260046869
2022-12-29,LAB_EQ_GBP,117.1579796441
2022-12-30,LAB_EQ_GBP,116.2613438180
2023-01-02,LAB_EQ_GBP,116.6520618420
2023-01-03,LAB_EQ_GBP,117.0839199467
2023-01-04,LAB_EQ_GBP,119.0230382129
2023-01-05,LAB_EQ_GBP,119.3281635495
2023-01-06,LAB_EQ_GBP,119.2063754233
2023-01-09,LAB_EQ_GBP,117.9147275996
2023-01-10,LAB_EQ_GBP,119.3744943535
2023-01-11,LAB_EQ_GBP,118.0958418785
2023-01-12,LAB_EQ_GBP,119.9230713154
2023-01-13,LAB_EQ_GBP,121.9063275055
2023-01-16,LAB_EQ_GBP,119.9176688789
2023-01-17,LAB_EQ_GBP,119.8745664534
2023-01-18,LAB_EQ_GBP,119.0188062843
2023-01-19,LAB_EQ_GBP,118.2596686473
2023-01-20,LAB_EQ_GBP,118.1431449123
2023-01-23,LAB_EQ_GBP,117.5644328630
2023-01-24,LAB_EQ_GBP,116.3908018576
2023-01-25,LAB_EQ_GBP,117.0640048880
2023-01-26,LAB_EQ_GBP,118.2938598310
2023-01-27,LAB_EQ_GBP,120.3454781873
2023-01-30,LAB_EQ_GBP,121.3519460200
2023-01-31,LAB_EQ_GBP,118.0415410505
2023-02-01,LAB_EQ_GBP,119.0924893457
2023-02-02,LAB_EQ_GBP,119.7284128149
2023-02-03,LAB_EQ_GBP,119.3874377342
2023-02-06,LAB_EQ_GBP,118.5638051830
2023-02-07,LAB_EQ_GBP,119.0446769292
2023-02-08,LAB_EQ_GBP,119.1486131633
2023-02-09,LAB_EQ_GBP,120.4213226730
2023-02-10,LAB_EQ_GBP,118.8273729473
2023-02-13,LAB_EQ_GBP,119.2980131019
2023-02-14,LAB_EQ_GBP,118.9013297095
2023-02-15,LAB_EQ_GBP,120.0880860046
2023-02-16,LAB_EQ_GBP,118.8538669450
2023-02-17,LAB_EQ_GBP,116.8611322010
2023-02-20,LAB_EQ_GBP,119.1911566321
2023-02-21,LAB_EQ_GBP,120.4151007834
2023-02-22,LAB_EQ_GBP,120.1297869986
2023-02-23,LAB_EQ_GBP,118.5704787539
2023-02-24,LAB_EQ_GBP,121.0080601708
2023-02-27,LAB_EQ_GBP,122.2995935070
2023-02-28,LAB_EQ_GBP,121.4611236341
2023-03-01,LAB_EQ_GBP,120.1242457477
2023-03-02,LAB_EQ_GBP,120.7745150971
2023-03-03,LAB_EQ_GBP,119.3488993941
2023-03-06,LAB_EQ_GBP,120.9371255636
2023-03-07,LAB_EQ_GBP,122.1713253480
2023-03-08,LAB_EQ_GBP,121.9614059299
2023-03-09,LAB_EQ_GBP,122.3317941800
2023-03-10,LAB_EQ_GBP,123.4376921103
2023-03-13,LAB_EQ_GBP,121.4468923782
2023-03-14,LAB_EQ_GBP,125.0941790322
2023-03-15,LAB_EQ_GBP,126.1487012779
2023-03-16,LAB_EQ_GBP,125.0166596268
2023-03-17,LAB_EQ_GBP,123.6024888163
2023-03-20,LAB_EQ_GBP,122.9036447398
2023-03-21,LAB_EQ_GBP,122.4002295723
2023-03-22,LAB_EQ_GBP,121.3396044586
2023-03-23,LAB_EQ_GBP,119.3907860604
2023-03-24,LAB_EQ_GBP,118.1437227030
2023-03-27,LAB_EQ_GBP,118.8268113424
2023-03-28,LAB_EQ_GBP,117.6304262090
2023-03-29,LAB_EQ_GBP,119.3699798849
2023-03-30,LAB_EQ_GBP,118.1645845482
2023-03-31,LAB_EQ_GBP,118.7136758695
2023-04-03,LAB_EQ_GBP,117.1251415445
2023-04-04,LAB_EQ_GBP,115.4696582407
2023-04-05,LAB_EQ_GBP,116.0857082476
2023-04-06,LAB_EQ_GBP,113.3331083397
2023-04-07,LAB_EQ_GBP,112.3516312210
2023-04-10,LAB_EQ_GBP,110.1803614282
2023-04-11,LAB_EQ_GBP,110.2408284135
2023-04-12,LAB_EQ_GBP,108.8238502571
2023-04-13,LAB_EQ_GBP,107.4112420697
2023-04-14,LAB_EQ_GBP,106.7333852509
2023-04-17,LAB_EQ_GBP,106.9744514544
2023-04-18,LAB_EQ_GBP,107.6930300075
2023-04-19,LAB_EQ_GBP,106.6805978666
2023-04-20,LAB_EQ_GBP,106.5866742202
2023-04-21,LAB_EQ_GBP,106.2110358810
2023-04-24,LAB_EQ_GBP,105.0390898558
2023-04-25,LAB_EQ_GBP,105.1850313897
2023-04-26,LAB_EQ_GBP,103.4178760086
2023-04-27,LAB_EQ_GBP,102.1131196551
2023-04-28,LAB_EQ_GBP,104.2186834645
2023-05-01,LAB_EQ_GBP,102.9413883252
2023-05-02,LAB_EQ_GBP,102.3741509360
2023-05-03,LAB_EQ_GBP,101.7890915460
2023-05-04,LAB_EQ_GBP,101.3107476472
2023-05-05,LAB_EQ_GBP,101.3549378047
2023-05-08,LAB_EQ_GBP,99.9214346219
2023-05-09,LAB_EQ_GBP,99.0948550219
2023-05-10,LAB_EQ_GBP,98.1724250433
2023-05-11,LAB_EQ_GBP,98.6809124677
2023-05-12,LAB_EQ_GBP,98.6259951114
2023-05-15,LAB_EQ_GBP,98.0462624892
2023-05-16,LAB_EQ_GBP,98.7359140887
2023-05-17,LAB_EQ_GBP,97.4178790080
2023-05-18,LAB_EQ_GBP,96.3776279839
2023-05-19,LAB_EQ_GBP,97.0758266231
2023-05-22,LAB_EQ_GBP,97.8735739308
2023-05-23,LAB_EQ_GBP,97.5297656939
2023-05-24,LAB_EQ_GBP,97.7554025006
2023-05-25,LAB_EQ_GBP,99.4714595169
2023-05-26,LAB_EQ_GBP,98.4494568669
2023-05-29,LAB_EQ_GBP,97.6858706573
2023-05-30,LAB_EQ_GBP,97.2377465472
2023-05-31,LAB_EQ_GBP,98.1217392798
2023-06-01,LAB_EQ_GBP,98.9408387202
2023-06-02,LAB_EQ_GBP,100.5177446367
2023-06-05,LAB_EQ_GBP,99.8088681624
2023-06-06,LAB_EQ_GBP,99.6178662283
2023-06-07,LAB_EQ_GBP,99.0971028848
2023-06-08,LAB_EQ_GBP,99.9024071440
2023-06-09,LAB_EQ_GBP,101.0481756963
2023-06-12,LAB_EQ_GBP,100.5419677687
2023-06-13,LAB_EQ_GBP,100.3830182717
2023-06-14,LAB_EQ_GBP,101.6959143772
2023-06-15,LAB_EQ_GBP,100.9090163912
2023-06-16,LAB_EQ_GBP,100.8646178268
2023-06-19,LAB_EQ_GBP,100.7500763835
2023-06-20,LAB_EQ_GBP,100.5300581681
2023-06-21,LAB_EQ_GBP,100.3335713404
2023-06-22,LAB_EQ_GBP,99.5458096473
2023-06-23,LAB_EQ_GBP,99.4797329081
2023-06-26,LAB_EQ_GBP,102.1724302150
2023-06-27,LAB_EQ_GBP,102.0848005917
2023-06-28,LAB_EQ_GBP,101.4582582371
2023-06-29,LAB_EQ_GBP,102.0016254096
2023-06-30,LAB_EQ_GBP,101.8666795528
2023-07-03,LAB_EQ_GBP,103.2598338669
2023-07-04,LAB_EQ_GBP,103.2940903879
2023-07-05,LAB_EQ_GBP,103.3520814377
2023-07-06,LAB_EQ_GBP,103.2558128806
2023-07-07,LAB_EQ_GBP,101.6812407104
2023-07-10,LAB_EQ_GBP,101.0559556195
2023-07-11,LAB_EQ_GBP,104.4793632195
2023-07-12,LAB_EQ_GBP,104.1825073197
2023-07-13,LAB_EQ_GBP,104.3973447086
2023-07-14,LAB_EQ_GBP,102.5944581662
2023-07-17,LAB_EQ_GBP,101.9585745661
2023-07-18,LAB_EQ_GBP,102.2684626268
2023-07-19,LAB_EQ_GBP,101.7630965904
2023-07-20,LAB_EQ_GBP,100.7716490825
2023-07-21,LAB_EQ_GBP,101.9503855087
2023-07-24,LAB_EQ_GBP,101.8120397986
2023-07-25,LAB_EQ_GBP,102.6914858689
2023-07-26,LAB_EQ_GBP,103.4348740769
2023-07-27,LAB_EQ_GBP,101.7746749505
2023-07-28,LAB_EQ_GBP,101.8250196249
2023-07-31,LAB_EQ_GBP,100.7222168379
2023-08-01,LAB_EQ_GBP,98.8623514894
2023-08-02,LAB_EQ_GBP,99.7616127907
2023-08-03,LAB_EQ_GBP,100.7156876823
2023-08-04,LAB_EQ_GBP,103.3439706232
2023-08-07,LAB_EQ_GBP,101.5798713301
2023-08-08,LAB_EQ_GBP,102.7829670437
2023-08-09,LAB_EQ_GBP,104.7180215267
2023-08-10,LAB_EQ_GBP,105.7779007602
2023-08-11,LAB_EQ_GBP,105.9765257278
2023-08-14,LAB_EQ_GBP,104.9839072740
2023-08-15,LAB_EQ_GBP,104.1672766486
2023-08-16,LAB_EQ_GBP,105.3666706876
2023-08-17,LAB_EQ_GBP,106.9438895870
2023-08-18,LAB_EQ_GBP,106.3854412141
2023-08-21,LAB_EQ_GBP,108.3096321581
2023-08-22,LAB_EQ_GBP,107.5387155473
2023-08-23,LAB_EQ_GBP,106.9014668905
2023-08-24,LAB_EQ_GBP,107.1965942977
2023-08-25,LAB_EQ_GBP,106.1757878813
2023-08-28,LAB_EQ_GBP,105.7903466944
2023-08-29,LAB_EQ_GBP,106.2611542598
2023-08-30,LAB_EQ_GBP,106.0026530295
2023-08-31,LAB_EQ_GBP,106.6704121338
2023-09-01,LAB_EQ_GBP,106.1662456223
2023-09-04,LAB_EQ_GBP,105.9146899515
2023-09-05,LAB_EQ_GBP,107.6907381981
2023-09-06,LAB_EQ_GBP,108.1401485061
2023-09-07,LAB_EQ_GBP,107.1843547731
2023-09-08,LAB_EQ_GBP,107.8456273250
2023-09-11,LAB_EQ_GBP,108.5215925188
2023-09-12,LAB_EQ_GBP,109.2121191610
2023-09-13,LAB_EQ_GBP,110.1402030664
2023-09-14,LAB_EQ_GBP,109.7300353951
2023-09-15,LAB_EQ_GBP,109.1510370282
2023-09-18,LAB_EQ_GBP,108.1844605510
2023-09-19,LAB_EQ_GBP,107.3212766380
2023-09-20,LAB_EQ_GBP,108.2519114494
2023-09-21,LAB_EQ_GBP,110.0118509073
2023-09-22,LAB_EQ_GBP,111.3896040396
2023-09-25,LAB_EQ_GBP,111.1115641434
2023-09-26,LAB_EQ_GBP,109.8400212022
2023-09-27,LAB_EQ_GBP,108.6178128857
2023-09-28,LAB_EQ_GBP,108.7900859040
2023-09-29,LAB_EQ_GBP,109.0120210758
2023-10-02,LAB_EQ_GBP,107.0822726767
2023-10-03,LAB_EQ_GBP,107.7113207995
2023-10-04,LAB_EQ_GBP,109.1153761269
2023-10-05,LAB_EQ_GBP,108.9956731263
2023-10-06,LAB_EQ_GBP,108.4279746543
2023-10-09,LAB_EQ_GBP,107.6556427277
2023-10-10,LAB_EQ_GBP,108.0646337708
2023-10-11,LAB_EQ_GBP,106.7494960371
2023-10-12,LAB_EQ_GBP,109.2877987065
2023-10-13,LAB_EQ_GBP,108.6750920131
2023-10-16,LAB_EQ_GBP,108.7793474597
2023-10-17,LAB_EQ_GBP,106.0865877965
2023-10-18,LAB_EQ_GBP,106.8032396849
2023-10-19,LAB_EQ_GBP,107.0340357125
2023-10-20,LAB_EQ_GBP,108.0133050068
2023-10-23,LAB_EQ_GBP,106.3376087011
2023-10-24,LAB_EQ_GBP,105.9863665452
2023-10-25,LAB_EQ_GBP,105.8526290004
2023-10-26,LAB_EQ_GBP,105.3749493071
2023-10-27,LAB_EQ_GBP,107.2264017170
2023-10-30,LAB_EQ_GBP,107.3093681334
2023-10-31,LAB_EQ_GBP,107.0254641889
2023-11-01,LAB_EQ_GBP,106.2728062035
2023-11-02,LAB_EQ_GBP,106.1705220848
2023-11-03,LAB_EQ_GBP,106.3710900546
2023-11-06,LAB_EQ_GBP,106.9283470593
2023-11-07,LAB_EQ_GBP,107.7815774577
2023-11-08,LAB_EQ_GBP,106.6419476316
2023-11-09,LAB_EQ_GBP,107.1102647775
2023-11-10,LAB_EQ_GBP,109.2134835728
2023-11-13,LAB_EQ_GBP,108.5297810265
2023-11-14,LAB_EQ_GBP,108.8228191483
2023-11-15,LAB_EQ_GBP,107.9404450521
2023-11-16,LAB_EQ_GBP,109.5468030769
2023-11-17,LAB_EQ_GBP,110.4496785056
2023-11-20,LAB_EQ_GBP,110.1958942249
2023-11-21,LAB_EQ_GBP,108.9015633173
2023-11-22,LAB_EQ_GBP,109.8075994849
2023-11-23,LAB_EQ_GBP,107.3907716241
2023-11-24,LAB_EQ_GBP,107.4866205284
2023-11-27,LAB_EQ_GBP,104.6738650580
2023-11-28,LAB_EQ_GBP,104.4861437734
2023-11-29,LAB_EQ_GBP,106.6686137944
2023-11-30,LAB_EQ_GBP,105.6598442355
2023-12-01,LAB_EQ_GBP,106.1548009214
2023-12-04,LAB_EQ_GBP,106.0272633321
2023-12-05,LAB_EQ_GBP,107.5309611740
2023-12-06,LAB_EQ_GBP,106.3128352197
2023-12-07,LAB_EQ_GBP,105.2031156335
2023-12-08,LAB_EQ_GBP,104.7190147618
2023-12-11,LAB_EQ_GBP,102.9666087672
2023-12-12,LAB_EQ_GBP,103.6325704648
2023-12-13,LAB_EQ_GBP,104.5893588012
2023-12-14,LAB_EQ_GBP,101.9218856536
2023-12-15,LAB_EQ_GBP,102.4965071764
2023-12-18,LAB_EQ_GBP,102.7172905735
2023-12-19,LAB_EQ_GBP,103.4057369834
2023-12-20,LAB_EQ_GBP,102.3982323571
2023-12-21,LAB_EQ_GBP,102.3046048633
2023-12-22,LAB_EQ_GBP,103.1907906915
2023-12-25,LAB_EQ_GBP,103.4128380148
2023-12-26,LAB_EQ_GBP,102.7047040147
2023-12-27,LAB_EQ_GBP,102.7453653762
2023-12-28,LAB_EQ_GBP,102.9704392166
2023-12-29,LAB_EQ_GBP,105.6738026610
2024-01-01,LAB_EQ_GBP,105.6833503660
2024-01-02,LAB_EQ_GBP,106.0674254165
2024-01-03,LAB_EQ_GBP,105.9770393186
2024-01-04,LAB_EQ_GBP,106.1262930067
2024-01-05,LAB_EQ_GBP,107.8038295601
2024-01-08,LAB_EQ_GBP,106.7017642468
2024-01-09,LAB_EQ_GBP,108.5425548260
2024-01-10,LAB_EQ_GBP,107.9891081833
2024-01-11,LAB_EQ_GBP,108.5019077537
2024-01-12,LAB_EQ_GBP,109.1140561422
2024-01-15,LAB_EQ_GBP,109.8496699896
2024-01-16,LAB_EQ_GBP,109.1650073783
2024-01-17,LAB_EQ_GBP,110.4949793086
2024-01-18,LAB_EQ_GBP,110.3937329123
2024-01-19,LAB_EQ_GBP,109.9539570144
2024-01-22,LAB_EQ_GBP,111.2854416404
2024-01-23,LAB_EQ_GBP,110.7349779982
2024-01-24,LAB_EQ_GBP,109.9250544431
2024-01-25,LAB_EQ_GBP,111.7735315392
2024-01-26,LAB_EQ_GBP,112.7051458362
2024-01-29,LAB_EQ_GBP,111.1355437249
2024-01-30,LAB_EQ_GBP,110.8056599008
2024-01-31,LAB_EQ_GBP,113.2524728792
2024-02-01,LAB_EQ_GBP,112.7439681793
2024-02-02,LAB_EQ_GBP,113.3094479565
2024-02-05,LAB_EQ_GBP,114.3102073149
2024-02-06,LAB_EQ_GBP,112.9476922718
2024-02-07,LAB_EQ_GBP,112.8300599390
2024-02-08,LAB_EQ_GBP,113.6370798871
2024-02-09,LAB_EQ_GBP,113.7589128546
2024-02-12,LAB_EQ_GBP,113.8912181847
2024-02-13,LAB_EQ_GBP,112.7421951563
2024-02-14,LAB_EQ_GBP,111.1722707022
2024-02-15,LAB_EQ_GBP,110.2793348357
2024-02-16,LAB_EQ_GBP,109.4925729758
2024-02-19,LAB_EQ_GBP,109.9132035519
2024-02-20,LAB_EQ_GBP,109.7173669850
2024-02-21,LAB_EQ_GBP,111.6781764418
2024-02-22,LAB_EQ_GBP,114.1488201792
2024-02-23,LAB_EQ_GBP,115.5174290604
2024-02-26,LAB_EQ_GBP,114.4804717039
2024-02-27,LAB_EQ_GBP,117.4063262613
2024-02-28,LAB_EQ_GBP,119.2346276212
2024-02-29,LAB_EQ_GBP,119.9619195413
2024-03-01,LAB_EQ_GBP,120.6641240719
2024-03-04,LAB_EQ_GBP,122.5084258146
2024-03-05,LAB_EQ_GBP,123.1894658916
2024-03-06,LAB_EQ_GBP,124.0393583973
2024-03-07,LAB_EQ_GBP,124.9423019401
2024-03-08,LAB_EQ_GBP,123.2359096698
2024-03-11,LAB_EQ_GBP,122.5487923985
2024-03-12,LAB_EQ_GBP,123.5803846875
2024-03-13,LAB_EQ_GBP,123.1116341689
2024-03-14,LAB_EQ_GBP,122.3561316694
2024-03-15,LAB_EQ_GBP,124.8647948383
2024-03-18,LAB_EQ_GBP,125.0927114437
2024-03-19,LAB_EQ_GBP,124.6390266787
2024-03-20,LAB_EQ_GBP,127.1000525210
2024-03-21,LAB_EQ_GBP,129.4351411365
2024-03-22,LAB_EQ_GBP,129.5959252458
2024-03-25,LAB_EQ_GBP,131.9212425176
2024-03-26,LAB_EQ_GBP,129.0150344882
2024-03-27,LAB_EQ_GBP,130.4710710276
2024-03-28,LAB_EQ_GBP,131.2288799687
2024-03-29,LAB_EQ_GBP,130.6663790973
2024-04-01,LAB_EQ_GBP,131.1375921362
2024-04-02,LAB_EQ_GBP,131.0022138030
2024-04-03,LAB_EQ_GBP,130.1773767342
2024-04-04,LAB_EQ_GBP,133.8414529211
2024-04-05,LAB_EQ_GBP,134.3102479159
2024-04-08,LAB_EQ_GBP,132.6537804535
2024-04-09,LAB_EQ_GBP,132.2815005504
2024-04-10,LAB_EQ_GBP,135.4993384453
2024-04-11,LAB_EQ_GBP,133.9644692879
2024-04-12,LAB_EQ_GBP,135.0735285918
2024-04-15,LAB_EQ_GBP,132.9893110484
2024-04-16,LAB_EQ_GBP,133.5151927839
2024-04-17,LAB_EQ_GBP,134.3386677965
2024-04-18,LAB_EQ_GBP,136.5001894583
2024-04-19,LAB_EQ_GBP,140.2218387035
2024-04-22,LAB_EQ_GBP,142.8196042188
2024-04-23,LAB_EQ_GBP,141.3342157972
2024-04-24,LAB_EQ_GBP,143.3082736309
2024-04-25,LAB_EQ_GBP,141.2989185758
2024-04-26,LAB_EQ_GBP,142.3000161741
2024-04-29,LAB_EQ_GBP,142.2559341192
2024-04-30,LAB_EQ_GBP,139.2606714550
2024-05-01,LAB_EQ_GBP,139.0836811195
2024-05-02,LAB_EQ_GBP,142.5068554888
2024-05-03,LAB_EQ_GBP,141.2708926208
2024-05-06,LAB_EQ_GBP,142.1697567457
2024-05-07,LAB_EQ_GBP,142.4521750834
2024-05-08,LAB_EQ_GBP,143.6177553852
2024-05-09,LAB_EQ_GBP,142.3181108950
2024-05-10,LAB_EQ_GBP,143.8693920472
2024-05-13,LAB_EQ_GBP,145.2253562065
2024-05-14,LAB_EQ_GBP,142.9405099938
2024-05-15,LAB_EQ_GBP,144.6729555133
2024-05-16,LAB_EQ_GBP,143.1882965353
2024-05-17,LAB_EQ_GBP,143.6664881457
2024-05-20,LAB_EQ_GBP,141.4541859810
2024-05-21,LAB_EQ_GBP,141.0518256556
2024-05-22,LAB_EQ_GBP,143.5864959897
2024-05-23,LAB_EQ_GBP,145.3978534314
2024-05-24,LAB_EQ_GBP,142.8688499204
2024-05-27,LAB_EQ_GBP,143.3501223469
2024-05-28,LAB_EQ_GBP,143.9233304028
2024-05-29,LAB_EQ_GBP,144.8718757306
2024-05-30,LAB_EQ_GBP,142.4546815052
2024-05-31,LAB_EQ_GBP,142.6392903732
2024-06-03,LAB_EQ_GBP,143.1110144287
2024-06-04,LAB_EQ_GBP,141.1999565778
2024-06-05,LAB_EQ_GBP,143.5312356307
2024-06-06,LAB_EQ_GBP,144.7460121978
2024-06-07,LAB_EQ_GBP,145.0622408021
2024-06-10,LAB_EQ_GBP,145.5968363205
2024-06-11,LAB_EQ_GBP,148.1898851212
2024-06-12,LAB_EQ_GBP,145.6472586910
2024-06-13,LAB_EQ_GBP,147.1305724928
2024-06-14,LAB_EQ_GBP,147.2349278755
2024-06-17,LAB_EQ_GBP,144.9009127600
2024-06-18,LAB_EQ_GBP,145.3838122372
2024-06-19,LAB_EQ_GBP,143.5089707213
2024-06-20,LAB_EQ_GBP,148.9803418688
2024-06-21,LAB_EQ_GBP,150.0735850876
2024-06-24,LAB_EQ_GBP,151.9108966118
2024-06-25,LAB_EQ_GBP,151.9681754778
2024-06-26,LAB_EQ_GBP,148.1745965012
2024-06-27,LAB_EQ_GBP,150.0082545401
2024-06-28,LAB_EQ_GBP,151.3973382037
2024-07-01,LAB_EQ_GBP,151.0190836428
2024-07-02,LAB_EQ_GBP,153.0442458285
2024-07-03,LAB_EQ_GBP,154.0155690539
2024-07-04,LAB_EQ_GBP,152.8788853451
2024-07-05,LAB_EQ_GBP,153.0838379791
2024-07-08,LAB_EQ_GBP,154.4292514002
2024-07-09,LAB_EQ_GBP,156.0902186051
2024-07-10,LAB_EQ_GBP,156.4505268445
2024-07-11,LAB_EQ_GBP,158.4342269626
2024-07-12,LAB_EQ_GBP,159.1531141184
2024-07-15,LAB_EQ_GBP,160.0343165185
2024-07-16,LAB_EQ_GBP,163.5236677795
2024-07-17,LAB_EQ_GBP,164.0283876113
2024-07-18,LAB_EQ_GBP,164.8251484459
2024-07-19,LAB_EQ_GBP,163.9415677285
2024-07-22,LAB_EQ_GBP,163.3882796501
2024-07-23,LAB_EQ_GBP,161.4576774793
2024-07-24,LAB_EQ_GBP,160.5275397268
2024-07-25,LAB_EQ_GBP,160.9227388448
2024-07-26,LAB_EQ_GBP,159.0213129230
2024-07-29,LAB_EQ_GBP,161.6650602689
2024-07-30,LAB_EQ_GBP,162.4057479154
2024-07-31,LAB_EQ_GBP,163.7727241071
2024-08-01,LAB_EQ_GBP,166.0269594364
2024-08-02,LAB_EQ_GBP,164.4932369633
2024-08-05,LAB_EQ_GBP,164.7190242999
2024-08-06,LAB_EQ_GBP,163.0648318524
2024-08-07,LAB_EQ_GBP,166.9854303139
2024-08-08,LAB_EQ_GBP,169.2522953026
2024-08-09,LAB_EQ_GBP,169.8503560755
2024-08-12,LAB_EQ_GBP,170.0773093254
2024-08-13,LAB_EQ_GBP,165.6645708527
2024-08-14,LAB_EQ_GBP,165.1109716929
2024-08-15,LAB_EQ_GBP,167.4319900072
2024-08-16,LAB_EQ_GBP,165.4180142858
2024-08-19,LAB_EQ_GBP,163.8387087226
2024-08-20,LAB_EQ_GBP,162.8781228140
2024-08-21,LAB_EQ_GBP,160.7719793248
2024-08-22,LAB_EQ_GBP,156.2252039392
2024-08-23,LAB_EQ_GBP,156.7265603255
2024-08-26,LAB_EQ_GBP,156.8182946406
2024-08-27,LAB_EQ_GBP,156.2733485003
2024-08-28,LAB_EQ_GBP,154.7690556794
2024-08-29,LAB_EQ_GBP,154.1150840236
2024-08-30,LAB_EQ_GBP,150.2220394303
2024-09-02,LAB_EQ_GBP,148.6678454681
2024-09-03,LAB_EQ_GBP,147.3611223058
2024-09-04,LAB_EQ_GBP,149.7516851803
2024-09-05,LAB_EQ_GBP,146.6052822065
2024-09-06,LAB_EQ_GBP,144.4678973068
2024-09-09,LAB_EQ_GBP,143.5474481895
2024-09-10,LAB_EQ_GBP,142.5030458853
2024-09-11,LAB_EQ_GBP,143.0396582875
2024-09-12,LAB_EQ_GBP,143.6438730540
2024-09-13,LAB_EQ_GBP,144.0755547109
2024-09-16,LAB_EQ_GBP,143.6800892938
2024-09-17,LAB_EQ_GBP,146.9588957536
2024-09-18,LAB_EQ_GBP,145.1218361548
2024-09-19,LAB_EQ_GBP,144.7777110244
2024-09-20,LAB_EQ_GBP,143.3219133982
2024-09-23,LAB_EQ_GBP,142.4847122257
2024-09-24,LAB_EQ_GBP,143.5512354006
2024-09-25,LAB_EQ_GBP,143.5014674483
2024-09-26,LAB_EQ_GBP,141.8220313039
2024-09-27,LAB_EQ_GBP,141.3202294845
2024-09-30,LAB_EQ_GBP,141.4390647156
2024-10-01,LAB_EQ_GBP,142.9232031339
2024-10-02,LAB_EQ_GBP,144.5416553171
2024-10-03,LAB_EQ_GBP,142.4687071621
2024-10-04,LAB_EQ_GBP,142.3033465854
2024-10-07,LAB_EQ_GBP,144.0425750833
2024-10-08,LAB_EQ_GBP,147.0419157992
2024-10-09,LAB_EQ_GBP,145.1674379542
2024-10-10,LAB_EQ_GBP,147.1773712135
2024-10-11,LAB_EQ_GBP,148.8690696181
2024-10-14,LAB_EQ_GBP,148.2366226193
2024-10-15,LAB_EQ_GBP,147.8441641300
2024-10-16,LAB_EQ_GBP,148.3994324917
2024-10-17,LAB_EQ_GBP,147.8913686167
2024-10-18,LAB_EQ_GBP,148.6656556950
2024-10-21,LAB_EQ_GBP,149.3147949009
2024-10-22,LAB_EQ_GBP,146.8132146849
2024-10-23,LAB_EQ_GBP,143.6305977328
2024-10-24,LAB_EQ_GBP,142.3180601800
2024-10-25,LAB_EQ_GBP,142.5472458145
2024-10-28,LAB_EQ_GBP,143.8847206104
2024-10-29,LAB_EQ_GBP,144.1886312765
2024-10-30,LAB_EQ_GBP,144.1141047320
2024-10-31,LAB_EQ_GBP,145.5536952875
2024-11-01,LAB_EQ_GBP,144.2289410188
2024-11-04,LAB_EQ_GBP,144.8812200483
2024-11-05,LAB_EQ_GBP,146.0400932279
2024-11-06,LAB_EQ_GBP,143.5500155000
2024-11-07,LAB_EQ_GBP,145.5671019956
2024-11-08,LAB_EQ_GBP,142.9617775726
2024-11-11,LAB_EQ_GBP,143.2892233437
2024-11-12,LAB_EQ_GBP,145.2157038188
2024-11-13,LAB_EQ_GBP,144.1381651426
2024-11-14,LAB_EQ_GBP,145.5509079453
2024-11-15,LAB_EQ_GBP,143.2301377269
2024-11-18,LAB_EQ_GBP,142.5909677353
2024-11-19,LAB_EQ_GBP,143.5139715640
2024-11-20,LAB_EQ_GBP,139.4909857182
2024-11-21,LAB_EQ_GBP,137.3425787027
2024-11-22,LAB_EQ_GBP,138.0203818876
2024-11-25,LAB_EQ_GBP,137.6687098646
2024-11-26,LAB_EQ_GBP,136.7538275041
2024-11-27,LAB_EQ_GBP,135.6746411391
2024-11-28,LAB_EQ_GBP,135.1967070313
2024-11-29,LAB_EQ_GBP,135.5320611597
2024-12-02,LAB_EQ_GBP,139.0930339994
2024-12-03,LAB_EQ_GBP,139.8950689348
2024-12-04,LAB_EQ_GBP,140.7468400844
2024-12-05,LAB_EQ_GBP,138.3991944427
2024-12-06,LAB_EQ_GBP,137.4743072691
2024-12-09,LAB_EQ_GBP,135.7642428909
2024-12-10,LAB_EQ_GBP,136.8074219949
2024-12-11,LAB_EQ_GBP,136.9987077804
2024-12-12,LAB_EQ_GBP,135.0985899569
2024-12-13,LAB_EQ_GBP,137.0945119897
2024-12-16,LAB_EQ_GBP,139.0162438718
2024-12-17,LAB_EQ_GBP,138.5995018231
2024-12-18,LAB_EQ_GBP,140.8182265813
2024-12-19,LAB_EQ_GBP,141.7473261628
2024-12-20,LAB_EQ_GBP,138.0903914257
2024-12-23,LAB_EQ_GBP,137.6102836920
2024-12-24,LAB_EQ_GBP,137.7534912758
2024-12-25,LAB_EQ_GBP,135.9505392692
2024-12-26,LAB_EQ_GBP,134.5731856941
2024-12-27,LAB_EQ_GBP,132.5614130420
2024-12-30,LAB_EQ_GBP,132.9544252227
2024-12-31,LAB_EQ_GBP,133.0824375763
2025-01-01,LAB_EQ_GBP,134.5503729429
2025-01-02,LAB_EQ_GBP,133.5048457568
2025-01-03,LAB_EQ_GBP,131.6103593544
2025-01-06,LAB_EQ_GBP,132.4290509027
2025-01-07,LAB_EQ_GBP,132.5515083346
2025-01-08,LAB_EQ_GBP,134.5450950573
2025-01-09,LAB_EQ_GBP,135.3731228613
2025-01-10,LAB_EQ_GBP,136.0056300270
2025-01-13,LAB_EQ_GBP,135.5274534237
2025-01-14,LAB_EQ_GBP,137.6358766918
2025-01-15,LAB_EQ_GBP,135.2573554656
2025-01-16,LAB_EQ_GBP,135.8431729703
2025-01-17,LAB_EQ_GBP,135.2836820076
2025-01-20,LAB_EQ_GBP,136.1127985496
2025-01-21,LAB_EQ_GBP,137.1256914788
2025-01-22,LAB_EQ_GBP,137.2075127824
2025-01-23,LAB_EQ_GBP,139.0915669534
2025-01-24,LAB_EQ_GBP,139.1575587284
2025-01-27,LAB_EQ_GBP,138.6124864872
2025-01-28,LAB_EQ_GBP,140.9750015411
2025-01-29,LAB_EQ_GBP,142.4139771800
2025-01-30,LAB_EQ_GBP,140.0193844186
2025-01-31,LAB_EQ_GBP,141.6954944719
2025-02-03,LAB_EQ_GBP,143.2839048011
2025-02-04,LAB_EQ_GBP,145.0070528743
2025-02-05,LAB_EQ_GBP,145.2237740798
2025-02-06,LAB_EQ_GBP,144.4332636993
2025-02-07,LAB_EQ_GBP,142.1769986646
2025-02-10,LAB_EQ_GBP,142.3533319697
2025-02-11,LAB_EQ_GBP,141.8974981355
2025-02-12,LAB_EQ_GBP,141.3213024294
2025-02-13,LAB_EQ_GBP,142.5223420625
2025-02-14,LAB_EQ_GBP,143.9873761621
2025-02-17,LAB_EQ_GBP,142.7417415568
2025-02-18,LAB_EQ_GBP,142.4659495106
2025-02-19,LAB_EQ_GBP,143.2864317870
2025-02-20,LAB_EQ_GBP,141.5209850430
2025-02-21,LAB_EQ_GBP,141.2795232754
2025-02-24,LAB_EQ_GBP,139.9834040498
2025-02-25,LAB_EQ_GBP,141.9126300313
2025-02-26,LAB_EQ_GBP,138.5281587019
2025-02-27,LAB_EQ_GBP,138.7776283008
2025-02-28,LAB_EQ_GBP,139.2076941016
2025-03-03,LAB_EQ_GBP,139.9488338045
2025-03-04,LAB_EQ_GBP,138.0076114669
2025-03-05,LAB_EQ_GBP,136.8946083043
2025-03-06,LAB_EQ_GBP,139.2706664941
2025-03-07,LAB_EQ_GBP,137.7597311553
2025-03-10,LAB_EQ_GBP,138.1244783409
2025-03-11,LAB_EQ_GBP,136.9966769288
2025-03-12,LAB_EQ_GBP,137.0527535364
2025-03-13,LAB_EQ_GBP,136.2737713031
2025-03-14,LAB_EQ_GBP,135.0713793619
2025-03-17,LAB_EQ_GBP,133.9056150527
2025-03-18,LAB_EQ_GBP,132.3545896051
2025-03-19,LAB_EQ_GBP,135.7708577664
2025-03-20,LAB_EQ_GBP,133.9198791481
2025-03-21,LAB_EQ_GBP,134.9557267738
2025-03-24,LAB_EQ_GBP,134.8755516986
2025-03-25,LAB_EQ_GBP,135.9078454864
2025-03-26,LAB_EQ_GBP,135.3943722280
2025-03-27,LAB_EQ_GBP,136.5002484379
2025-03-28,LAB_EQ_GBP,138.2942060610
2025-03-31,LAB_EQ_GBP,136.9048511706
2025-04-01,LAB_EQ_GBP,137.2423013215
2025-04-02,LAB_EQ_GBP,135.8210209132
2025-04-03,LAB_EQ_GBP,135.6820248292
2025-04-04,LAB_EQ_GBP,136.1125308305
2025-04-07,LAB_EQ_GBP,135.4204581982
2025-04-08,LAB_EQ_GBP,134.7522491052
2025-04-09,LAB_EQ_GBP,136.4304123080
2025-04-10,LAB_EQ_GBP,135.7122372535
2025-04-11,LAB_EQ_GBP,137.8460513445
2025-04-14,LAB_EQ_GBP,135.7621188267
2025-04-15,LAB_EQ_GBP,136.6467793711
2025-04-16,LAB_EQ_GBP,136.2845828842
2025-04-17,LAB_EQ_GBP,134.1958982795
2025-04-18,LAB_EQ_GBP,134.1484042842
2025-04-21,LAB_EQ_GBP,133.1022393511
2025-04-22,LAB_EQ_GBP,130.2071974003
2025-04-23,LAB_EQ_GBP,130.2654237373
2025-04-24,LAB_EQ_GBP,131.1493378744
2025-04-25,LAB_EQ_GBP,132.9701734881
2025-04-28,LAB_EQ_GBP,133.0209317259
2025-04-29,LAB_EQ_GBP,131.7580798901
2025-04-30,LAB_EQ_GBP,131.9741426649
2025-05-01,LAB_EQ_GBP,134.7534716622
2025-05-02,LAB_EQ_GBP,134.7188071319
2025-05-05,LAB_EQ_GBP,135.2278647752
2025-05-06,LAB_EQ_GBP,133.8658829470
2025-05-07,LAB_EQ_GBP,133.7770381315
2025-05-08,LAB_EQ_GBP,132.5949370673
2025-05-09,LAB_EQ_GBP,132.1023866231
2025-05-12,LAB_EQ_GBP,134.0600025309
2025-05-13,LAB_EQ_GBP,132.1512608627
2025-05-14,LAB_EQ_GBP,132.1366510336
2025-05-15,LAB_EQ_GBP,132.0668396644
2025-05-16,LAB_EQ_GBP,130.9424484275
2025-05-19,LAB_EQ_GBP,132.3718079129
2025-05-20,LAB_EQ_GBP,130.6289212622
2025-05-21,LAB_EQ_GBP,133.6472875428
2025-05-22,LAB_EQ_GBP,134.6372153673
2025-05-23,LAB_EQ_GBP,134.1909720354
2025-05-26,LAB_EQ_GBP,133.7653626208
2025-05-27,LAB_EQ_GBP,131.5219175706
2025-05-28,LAB_EQ_GBP,131.5964724029
2025-05-29,LAB_EQ_GBP,132.2900523472
2025-05-30,LAB_EQ_GBP,134.4352458552
2025-06-02,LAB_EQ_GBP,136.1836866789
2025-06-03,LAB_EQ_GBP,136.1504076881
2025-06-04,LAB_EQ_GBP,134.6767422563
2025-06-05,LAB_EQ_GBP,132.4678685788
2025-06-06,LAB_EQ_GBP,130.9472096080
2025-06-09,LAB_EQ_GBP,130.4214015735
2025-06-10,LAB_EQ_GBP,129.8909070063
2025-06-11,LAB_EQ_GBP,132.2613637699
2025-06-12,LAB_EQ_GBP,134.7458441547
2025-06-13,LAB_EQ_GBP,131.5469738262
2025-06-16,LAB_EQ_GBP,131.1609279821
2025-06-17,LAB_EQ_GBP,132.3347698138
2025-06-18,LAB_EQ_GBP,131.6035963475
2025-06-19,LAB_EQ_GBP,130.3659501871
2025-06-20,LAB_EQ_GBP,130.0239612373
2025-06-23,LAB_EQ_GBP,129.1657985996
2025-06-24,LAB_EQ_GBP,131.6276280007
2025-06-25,LAB_EQ_GBP,131.7122293871
2025-06-26,LAB_EQ_GBP,131.4246993815
2025-06-27,LAB_EQ_GBP,131.6974199343
2025-06-30,LAB_EQ_GBP,132.7133254448
2025-07-01,LAB_EQ_GBP,131.9651829822
2025-07-02,LAB_EQ_GBP,130.0659688091
2025-07-03,LAB_EQ_GBP,130.2968328533
2025-07-04,LAB_EQ_GBP,133.5371031599
2025-07-07,LAB_EQ_GBP,130.4152289306
2025-07-08,LAB_EQ_GBP,129.3815230636
2025-07-09,LAB_EQ_GBP,131.8313975912
2025-07-10,LAB_EQ_GBP,131.1288034830
2025-07-11,LAB_EQ_GBP,132.4759415334
2025-07-14,LAB_EQ_GBP,128.8999875099
2025-07-15,LAB_EQ_GBP,131.6550852533
2025-07-16,LAB_EQ_GBP,132.7500359159
2025-07-17,LAB_EQ_GBP,131.5502887337
2025-07-18,LAB_EQ_GBP,129.4549483637
2025-07-21,LAB_EQ_GBP,126.8320695788
2025-07-22,LAB_EQ_GBP,127.7642080287
2025-07-23,LAB_EQ_GBP,126.5857815862
2025-07-24,LAB_EQ_GBP,125.7843278932
2025-07-25,LAB_EQ_GBP,126.7613408615
2025-07-28,LAB_EQ_GBP,125.9774094960
2025-07-29,LAB_EQ_GBP,126.0255873243
2025-07-30,LAB_EQ_GBP,125.2071403468
2025-07-31,LAB_EQ_GBP,125.7476063921
2025-08-01,LAB_EQ_GBP,123.8087552227
2025-08-04,LAB_EQ_GBP,126.6372555582
2025-08-05,LAB_EQ_GBP,127.3703786847
2025-08-06,LAB_EQ_GBP,124.3401869662
2025-08-07,LAB_EQ_GBP,123.1337008447
2025-08-08,LAB_EQ_GBP,124.7593637684
2025-08-11,LAB_EQ_GBP,125.1636277186
2025-08-12,LAB_EQ_GBP,124.0578187584
2025-08-13,LAB_EQ_GBP,125.7765474327
2025-08-14,LAB_EQ_GBP,125.1488957807
2025-08-15,LAB_EQ_GBP,125.6383731290
2025-08-18,LAB_EQ_GBP,125.9619363114
2025-08-19,LAB_EQ_GBP,124.0401877974
2025-08-20,LAB_EQ_GBP,123.9432825634
2025-08-21,LAB_EQ_GBP,123.5625055581
2025-08-22,LAB_EQ_GBP,121.6592970369
2025-08-25,LAB_EQ_GBP,123.1342757223
2025-08-26,LAB_EQ_GBP,122.7956623494
2025-08-27,LAB_EQ_GBP,120.2586548853
2025-08-28,LAB_EQ_GBP,118.2017971319
2025-08-29,LAB_EQ_GBP,117.6940039506
2025-09-01,LAB_EQ_GBP,118.5730080321
2025-09-02,LAB_EQ_GBP,120.6591011690
2025-09-03,LAB_EQ_GBP,122.9774557869
2025-09-04,LAB_EQ_GBP,121.1563372453
2025-09-05,LAB_EQ_GBP,121.9484168482
2025-09-08,LAB_EQ_GBP,118.1922494016
2025-09-09,LAB_EQ_GBP,116.7150189145
2025-09-10,LAB_EQ_GBP,116.6193414444
2025-09-11,LAB_EQ_GBP,114.4896429617
2025-09-12,LAB_EQ_GBP,116.9717271770
2025-09-15,LAB_EQ_GBP,119.2366037077
2025-09-16,LAB_EQ_GBP,116.0800576263
2025-09-17,LAB_EQ_GBP,115.8907529556
2025-09-18,LAB_EQ_GBP,115.4108067645
2025-09-19,LAB_EQ_GBP,117.5550028316
2025-09-22,LAB_EQ_GBP,119.1209637934
2025-09-23,LAB_EQ_GBP,119.4701701200
2025-09-24,LAB_EQ_GBP,118.4301234877
2025-09-25,LAB_EQ_GBP,116.9153793547
2025-09-26,LAB_EQ_GBP,115.6397904783
2025-09-29,LAB_EQ_GBP,114.8902031131
2025-09-30,LAB_EQ_GBP,114.2229717281
2025-10-01,LAB_EQ_GBP,115.1896842041
2025-10-02,LAB_EQ_GBP,114.4516310914
2025-10-03,LAB_EQ_GBP,112.4460682831
2025-10-06,LAB_EQ_GBP,111.1974908098
2025-10-07,LAB_EQ_GBP,109.1952472885
2025-10-08,LAB_EQ_GBP,109.9903984399
2025-10-09,LAB_EQ_GBP,110.1882833181
2025-10-10,LAB_EQ_GBP,110.6952973084
2025-10-13,LAB_EQ_GBP,110.7877458717
2025-10-14,LAB_EQ_GBP,109.5658372479
2025-10-15,LAB_EQ_GBP,110.0348738188
2025-10-16,LAB_EQ_GBP,108.6988164022
2025-10-17,LAB_EQ_GBP,108.0362064540
2025-10-20,LAB_EQ_GBP,108.7060855412
2025-10-21,LAB_EQ_GBP,110.7818251182
2025-10-22,LAB_EQ_GBP,110.3538224343
2025-10-23,LAB_EQ_GBP,106.9929166271
2025-10-24,LAB_EQ_GBP,108.5249330682
2025-10-27,LAB_EQ_GBP,108.6732374563
2025-10-28,LAB_EQ_GBP,108.7740782625
2025-10-29,LAB_EQ_GBP,107.3996285943
2025-10-30,LAB_EQ_GBP,105.9480068374
2025-10-31,LAB_EQ_GBP,106.8216748475
2025-11-03,LAB_EQ_GBP,110.2667623243
2025-11-04,LAB_EQ_GBP,111.5602547429
2025-11-05,LAB_EQ_GBP,111.3715566282
2025-11-06,LAB_EQ_GBP,111.2105137017
2025-11-07,LAB_EQ_GBP,110.9433111746
2025-11-10,LAB_EQ_GBP,110.0743292388
2025-11-11,LAB_EQ_GBP,112.0417111953
2025-11-12,LAB_EQ_GBP,113.0842559552
2025-11-13,LAB_EQ_GBP,113.9271119914
2025-11-14,LAB_EQ_GBP,115.4586610502
2025-11-17,LAB_EQ_GBP,114.1484784609
2025-11-18,LAB_EQ_GBP,114.7688449355
2025-11-19,LAB_EQ_GBP,114.6887996285
2025-11-20,LAB_EQ_GBP,116.3012949804
2025-11-21,LAB_EQ_GBP,116.4323709114
2025-11-24,LAB_EQ_GBP,115.3329313706
2025-11-25,LAB_EQ_GBP,115.0520445196
2025-11-26,LAB_EQ_GBP,113.9704831985
2025-11-27,LAB_EQ_GBP,114.3315123937
2025-11-28,LAB_EQ_GBP,115.1882716143
2025-12-01,LAB_EQ_GBP,115.7428596472
2025-12-02,LAB_EQ_GBP,115.9405967423
2025-12-03,LAB_EQ_GBP,111.1564580571
2025-12-04,LAB_EQ_GBP,113.8226533013
2025-12-05,LAB_EQ_GBP,111.0367916166
2025-12-08,LAB_EQ_GBP,111.2755658547
2025-12-09,LAB_EQ_GBP,111.1031061127
2025-12-10,LAB_EQ_GBP,109.5459020879
2025-12-11,LAB_EQ_GBP,110.2786423459
2025-12-12,LAB_EQ_GBP,111.2696397861
2025-12-15,LAB_EQ_GBP,112.1085149232
2025-12-16,LAB_EQ_GBP,113.8785253867
2025-12-17,LAB_EQ_GBP,112.3135770364
2025-12-18,LAB_EQ_GBP,113.8267492361
2025-12-19,LAB_EQ_GBP,114.4983372134
2025-12-22,LAB_EQ_GBP,114.6920692269
2025-12-23,LAB_EQ_GBP,115.1540653104
2025-12-24,LAB_EQ_GBP,116.4207762006
2025-12-25,LAB_EQ_GBP,118.5924834811
2025-12-26,LAB_EQ_GBP,120.4352292519
2025-12-29,LAB_EQ_GBP,120.2413559203
2025-12-30,LAB_EQ_GBP,120.8828988245
2025-12-31,LAB_EQ_GBP,121.3753489850
2021-01-04,LAB_EQ_USD_A,146.0000000000
2021-01-05,LAB_EQ_USD_A,146.5353317955
2021-01-06,LAB_EQ_USD_A,144.5169368531
2021-01-07,LAB_EQ_USD_A,145.3158673319
2021-01-08,LAB_EQ_USD_A,144.1165632959
2021-01-11,LAB_EQ_USD_A,146.8167698949
2021-01-12,LAB_EQ_USD_A,147.4745561751
2021-01-13,LAB_EQ_USD_A,147.8838017039
2021-01-14,LAB_EQ_USD_A,145.9736842965
2021-01-15,LAB_EQ_USD_A,147.1504005943
2021-01-18,LAB_EQ_USD_A,146.6536933912
2021-01-19,LAB_EQ_USD_A,146.0002424763
2021-01-20,LAB_EQ_USD_A,145.7325012434
2021-01-21,LAB_EQ_USD_A,144.8564391632
2021-01-22,LAB_EQ_USD_A,142.3014204694
2021-01-25,LAB_EQ_USD_A,143.1940604393
2021-01-26,LAB_EQ_USD_A,143.3329355664
2021-01-27,LAB_EQ_USD_A,145.3222818547
2021-01-28,LAB_EQ_USD_A,146.8610846656
2021-01-29,LAB_EQ_USD_A,147.6145965203
2021-02-01,LAB_EQ_USD_A,148.8125265750
2021-02-02,LAB_EQ_USD_A,148.1939826580
2021-02-03,LAB_EQ_USD_A,148.9947489406
2021-02-04,LAB_EQ_USD_A,147.1829891293
2021-02-05,LAB_EQ_USD_A,150.1189579173
2021-02-08,LAB_EQ_USD_A,149.8827335792
2021-02-09,LAB_EQ_USD_A,149.1133073452
2021-02-10,LAB_EQ_USD_A,150.6066316046
2021-02-11,LAB_EQ_USD_A,151.1637910057
2021-02-12,LAB_EQ_USD_A,149.3155145532
2021-02-15,LAB_EQ_USD_A,148.9908158247
2021-02-16,LAB_EQ_USD_A,148.0207045578
2021-02-17,LAB_EQ_USD_A,147.5984684986
2021-02-18,LAB_EQ_USD_A,145.2901380104
2021-02-19,LAB_EQ_USD_A,144.3102725080
2021-02-22,LAB_EQ_USD_A,141.1052384088
2021-02-23,LAB_EQ_USD_A,141.4479200457
2021-02-24,LAB_EQ_USD_A,142.6257432396
2021-02-25,LAB_EQ_USD_A,142.5065904533
2021-02-26,LAB_EQ_USD_A,141.0443896348
2021-03-01,LAB_EQ_USD_A,136.6609087002
2021-03-02,LAB_EQ_USD_A,133.9112838143
2021-03-03,LAB_EQ_USD_A,133.7357099027
2021-03-04,LAB_EQ_USD_A,132.9365391968
2021-03-05,LAB_EQ_USD_A,132.0442147168
2021-03-08,LAB_EQ_USD_A,134.1134499131
2021-03-09,LAB_EQ_USD_A,131.6618074805
2021-03-10,LAB_EQ_USD_A,132.5048770696
2021-03-11,LAB_EQ_USD_A,134.5366614702
2021-03-12,LAB_EQ_USD_A,135.5554158448
2021-03-15,LAB_EQ_USD_A,135.2812688298
2021-03-16,LAB_EQ_USD_A,136.1044251940
2021-03-17,LAB_EQ_USD_A,137.0884247604
2021-03-18,LAB_EQ_USD_A,136.5186331663
2021-03-19,LAB_EQ_USD_A,138.1155398774
2021-03-22,LAB_EQ_USD_A,139.1869201301
2021-03-23,LAB_EQ_USD_A,137.0704268470
2021-03-24,LAB_EQ_USD_A,137.1936035491
2021-03-25,LAB_EQ_USD_A,138.1985298850
2021-03-26,LAB_EQ_USD_A,138.0339603294
2021-03-29,LAB_EQ_USD_A,139.2919235739
2021-03-30,LAB_EQ_USD_A,139.9313765646
2021-03-31,LAB_EQ_USD_A,138.9631605779
2021-04-01,LAB_EQ_USD_A,135.0609198724
2021-04-02,LAB_EQ_USD_A,133.0134985873
2021-04-05,LAB_EQ_USD_A,134.3190416819
2021-04-06,LAB_EQ_USD_A,132.7578001866
2021-04-07,LAB_EQ_USD_A,131.0563066725
2021-04-08,LAB_EQ_USD_A,129.8187878509
2021-04-09,LAB_EQ_USD_A,130.3958447666
2021-04-12,LAB_EQ_USD_A,128.9435155209
2021-04-13,LAB_EQ_USD_A,127.1662068980
2021-04-14,LAB_EQ_USD_A,126.3911763597
2021-04-15,LAB_EQ_USD_A,124.9593828873
2021-04-16,LAB_EQ_USD_A,123.7520673538
2021-04-19,LAB_EQ_USD_A,121.8129472122
2021-04-20,LAB_EQ_USD_A,125.2257093048
2021-04-21,LAB_EQ_USD_A,124.6375884084
2021-04-22,LAB_EQ_USD_A,124.2594986284
2021-04-23,LAB_EQ_USD_A,123.7260592977
2021-04-26,LAB_EQ_USD_A,123.6116346413
2021-04-27,LAB_EQ_USD_A,124.5464371324
2021-04-28,LAB_EQ_USD_A,123.2657366603
2021-04-29,LAB_EQ_USD_A,122.0703832216
2021-04-30,LAB_EQ_USD_A,122.2920804396
2021-05-03,LAB_EQ_USD_A,124.1544613224
2021-05-04,LAB_EQ_USD_A,125.0250715931
2021-05-05,LAB_EQ_USD_A,121.9604779091
2021-05-06,LAB_EQ_USD_A,121.5919675176
2021-05-07,LAB_EQ_USD_A,124.6194767053
2021-05-10,LAB_EQ_USD_A,125.6348883231
2021-05-11,LAB_EQ_USD_A,127.6120521214
2021-05-12,LAB_EQ_USD_A,127.2868593793
2021-05-13,LAB_EQ_USD_A,125.2287954998
2021-05-14,LAB_EQ_USD_A,123.7532774132
2021-05-17,LAB_EQ_USD_A,123.0816225954
2021-05-18,LAB_EQ_USD_A,124.0467331435
2021-05-19,LAB_EQ_USD_A,125.0797765576
2021-05-20,LAB_EQ_USD_A,126.5689147397
2021-05-21,LAB_EQ_USD_A,124.9054180622
2021-05-24,LAB_EQ_USD_A,125.3833966000
2021-05-25,LAB_EQ_USD_A,124.7825775042
2021-05-26,LAB_EQ_USD_A,126.2422318408
2021-05-27,LAB_EQ_USD_A,128.0327173347
2021-05-28,LAB_EQ_USD_A,128.0334069931
2021-05-31,LAB_EQ_USD_A,126.9436463428
2021-06-01,LAB_EQ_USD_A,126.6370626128
2021-06-02,LAB_EQ_USD_A,128.8819056434
2021-06-03,LAB_EQ_USD_A,129.3251088745
2021-06-04,LAB_EQ_USD_A,130.3764265943
2021-06-07,LAB_EQ_USD_A,131.8749987065
2021-06-08,LAB_EQ_USD_A,136.2114008913
2021-06-09,LAB_EQ_USD_A,137.0734723488
2021-06-10,LAB_EQ_USD_A,141.7572161790
2021-06-11,LAB_EQ_USD_A,141.4988099667
2021-06-14,LAB_EQ_USD_A,142.7249257781
2021-06-15,LAB_EQ_USD_A,139.9654085398
2021-06-16,LAB_EQ_USD_A,138.9806913846
2021-06-17,LAB_EQ_USD_A,141.6499554220
2021-06-18,LAB_EQ_USD_A,144.6714015842
2021-06-21,LAB_EQ_USD_A,143.4004976950
2021-06-22,LAB_EQ_USD_A,144.7259054086
2021-06-23,LAB_EQ_USD_A,146.2973837924
2021-06-24,LAB_EQ_USD_A,146.5698017232
2021-06-25,LAB_EQ_USD_A,144.5775294524
2021-06-28,LAB_EQ_USD_A,148.0119551761
2021-06-29,LAB_EQ_USD_A,145.7703295310
2021-06-30,LAB_EQ_USD_A,142.6169708038
2021-07-01,LAB_EQ_USD_A,144.1581953252
2021-07-02,LAB_EQ_USD_A,143.2631207877
2021-07-05,LAB_EQ_USD_A,140.8019000667
2021-07-06,LAB_EQ_USD_A,141.0373882175
2021-07-07,LAB_EQ_USD_A,139.8175795588
2021-07-08,LAB_EQ_USD_A,142.5669809925
2021-07-09,LAB_EQ_USD_A,144.9708060207
2021-07-12,LAB_EQ_USD_A,145.7990194597
2021-07-13,LAB_EQ_USD_A,146.5222426285
2021-07-14,LAB_EQ_USD_A,150.1948608468
2021-07-15,LAB_EQ_USD_A,149.2848749589
2021-07-16,LAB_EQ_USD_A,152.0369966739
2021-07-19,LAB_EQ_USD_A,152.7745654768
2021-07-20,LAB_EQ_USD_A,152.5779023026
2021-07-21,LAB_EQ_USD_A,152.5397490945
2021-07-22,LAB_EQ_USD_A,150.7927509827
2021-07-23,LAB_EQ_USD_A,151.0712364302
2021-07-26,LAB_EQ_USD_A,152.7539028776
2021-07-27,LAB_EQ_USD_A,151.5711379881
2021-07-28,LAB_EQ_USD_A,154.7837201265
2021-07-29,LAB_EQ_USD_A,153.4826559704
2021-07-30,LAB_EQ_USD_A,151.5494424711
2021-08-02,LAB_EQ_USD_A,152.1741275075
2021-08-03,LAB_EQ_USD_A,152.7463184698
2021-08-04,LAB_EQ_USD_A,148.8181784754
2021-08-05,LAB_EQ_USD_A,148.9023476632
2021-08-06,LAB_EQ_USD_A,149.2739865398
2021-08-09,LAB_EQ_USD_A,149.0442482255
2021-08-10,LAB_EQ_USD_A,151.0081115414
2021-08-11,LAB_EQ_USD_A,154.3316663337
2021-08-12,LAB_EQ_USD_A,156.3046731437
2021-08-13,LAB_EQ_USD_A,157.8180751462
2021-08-16,LAB_EQ_USD_A,160.9077388332
2021-08-17,LAB_EQ_USD_A,161.5671450893
2021-08-18,LAB_EQ_USD_A,161.5971492548
2021-08-19,LAB_EQ_USD_A,163.5257582824
2021-08-20,LAB_EQ_USD_A,167.4459169571
2021-08-23,LAB_EQ_USD_A,167.4084430191
2021-08-24,LAB_EQ_USD_A,168.8902926376
2021-08-25,LAB_EQ_USD_A,173.1867032971
2021-08-26,LAB_EQ_USD_A,171.9454378234
2021-08-27,LAB_EQ_USD_A,174.0523879122
2021-08-30,LAB_EQ_USD_A,173.3705874964
2021-08-31,LAB_EQ_USD_A,174.8893251790
2021-09-01,LAB_EQ_USD_A,173.7795398836
2021-09-02,LAB_EQ_USD_A,171.0891678470
2021-09-03,LAB_EQ_USD_A,171.4123246666
2021-09-06,LAB_EQ_USD_A,172.0219214639
2021-09-07,LAB_EQ_USD_A,172.6472918581
2021-09-08,LAB_EQ_USD_A,175.2342662613
2021-09-09,LAB_EQ_USD_A,172.1856428429
2021-09-10,LAB_EQ_USD_A,172.2070735687
2021-09-13,LAB_EQ_USD_A,171.1218683530
2021-09-14,LAB_EQ_USD_A,168.6403210144
2021-09-15,LAB_EQ_USD_A,167.2465559598
2021-09-16,LAB_EQ_USD_A,170.6255421382
2021-09-17,LAB_EQ_USD_A,168.4767801302
2021-09-20,LAB_EQ_USD_A,167.2669869880
2021-09-21,LAB_EQ_USD_A,167.8053327267
2021-09-22,LAB_EQ_USD_A,168.7207982759
2021-09-23,LAB_EQ_USD_A,168.2117328727
2021-09-24,LAB_EQ_USD_A,168.5347742673
2021-09-27,LAB_EQ_USD_A,166.8141083649
2021-09-28,LAB_EQ_USD_A,168.5216172691
2021-09-29,LAB_EQ_USD_A,169.1836754900
2021-09-30,LAB_EQ_USD_A,169.8216979056
2021-10-01,LAB_EQ_USD_A,166.7644710766
2021-10-04,LAB_EQ_USD_A,170.0491381761
2021-10-05,LAB_EQ_USD_A,167.8720056724
2021-10-06,LAB_EQ_USD_A,169.8348382872
2021-10-07,LAB_EQ_USD_A,171.8593025397
2021-10-08,LAB_EQ_USD_A,175.8952640144
2021-10-11,LAB_EQ_USD_A,177.8954445677
2021-10-12,LAB_EQ_USD_A,176.7697280505
2021-10-13,LAB_EQ_USD_A,179.0310022870
2021-10-14,LAB_EQ_USD_A,177.0098548852
2021-10-15,LAB_EQ_USD_A,175.2805275779
2021-10-18,LAB_EQ_USD_A,175.6749327075
2021-10-19,LAB_EQ_USD_A,174.3085729995
2021-10-20,LAB_EQ_USD_A,174.5196431894
2021-10-21,LAB_EQ_USD_A,174.1637690526
2021-10-22,LAB_EQ_USD_A,173.7824629727
2021-10-25,LAB_EQ_USD_A,174.6128386004
2021-10-26,LAB_EQ_USD_A,177.8564978981
2021-10-27,LAB_EQ_USD_A,177.1919015860
2021-10-28,LAB_EQ_USD_A,181.2372674638
2021-10-29,LAB_EQ_USD_A,177.6367328413
2021-11-01,LAB_EQ_USD_A,179.2886283981
2021-11-02,LAB_EQ_USD_A,179.3584533265
2021-11-03,LAB_EQ_USD_A,179.0759085248
2021-11-04,LAB_EQ_USD_A,180.1186371917
2021-11-05,LAB_EQ_USD_A,182.3298428449
2021-11-08,LAB_EQ_USD_A,186.1780709123
2021-11-09,LAB_EQ_USD_A,184.7351753641
2021-11-10,LAB_EQ_USD_A,184.1887284827
2021-11-11,LAB_EQ_USD_A,180.6023053568
2021-11-12,LAB_EQ_USD_A,184.3337041246
2021-11-15,LAB_EQ_USD_A,184.7290965496
2021-11-16,LAB_EQ_USD_A,186.2764923602
2021-11-17,LAB_EQ_USD_A,185.5687117910
2021-11-18,LAB_EQ_USD_A,185.7256592361
2021-11-19,LAB_EQ_USD_A,189.0682619245
2021-11-22,LAB_EQ_USD_A,188.7114414276
2021-11-23,LAB_EQ_USD_A,190.7723663354
2021-11-24,LAB_EQ_USD_A,186.5552394105
2021-11-25,LAB_EQ_USD_A,188.5458889016
2021-11-26,LAB_EQ_USD_A,190.1118120741
2021-11-29,LAB_EQ_USD_A,186.1135018245
2021-11-30,LAB_EQ_USD_A,183.6765843323
2021-12-01,LAB_EQ_USD_A,185.0880048323
2021-12-02,LAB_EQ_USD_A,186.1828607253
2021-12-03,LAB_EQ_USD_A,189.7284373914
2021-12-06,LAB_EQ_USD_A,188.9347846480
2021-12-07,LAB_EQ_USD_A,188.0414707129
2021-12-08,LAB_EQ_USD_A,187.3037389856
2021-12-09,LAB_EQ_USD_A,186.9942606024
2021-12-10,LAB_EQ_USD_A,188.9459052588
2021-12-13,LAB_EQ_USD_A,186.4778013819
2021-12-14,LAB_EQ_USD_A,191.5693143760
2021-12-15,LAB_EQ_USD_A,194.3406914139
2021-12-16,LAB_EQ_USD_A,198.9947979827
2021-12-17,LAB_EQ_USD_A,199.9797685619
2021-12-20,LAB_EQ_USD_A,194.6487752127
2021-12-21,LAB_EQ_USD_A,195.4622056984
2021-12-22,LAB_EQ_USD_A,199.5539553835
2021-12-23,LAB_EQ_USD_A,201.2536301468
2021-12-24,LAB_EQ_USD_A,200.8740357412
2021-12-27,LAB_EQ_USD_A,200.9655618124
2021-12-28,LAB_EQ_USD_A,198.9343776618
2021-12-29,LAB_EQ_USD_A,196.0150812350
2021-12-30,LAB_EQ_USD_A,201.4057445619
2021-12-31,LAB_EQ_USD_A,202.5606505383
2022-01-03,LAB_EQ_USD_A,202.0519989331
2022-01-04,LAB_EQ_USD_A,202.2420254967
2022-01-05,LAB_EQ_USD_A,200.3004017384
2022-01-06,LAB_EQ_USD_A,201.3054158776
2022-01-07,LAB_EQ_USD_A,203.1049240162
2022-01-10,LAB_EQ_USD_A,200.8419280606
2022-01-11,LAB_EQ_USD_A,199.7134255782
2022-01-12,LAB_EQ_USD_A,202.0643810541
2022-01-13,LAB_EQ_USD_A,206.5495065918
2022-01-14,LAB_EQ_USD_A,204.9962667858
2022-01-17,LAB_EQ_USD_A,207.2819450291
2022-01-18,LAB_EQ_USD_A,205.9702863216
2022-01-19,LAB_EQ_USD_A,206.7066140923
2022-01-20,LAB_EQ_USD_A,210.5379120798
2022-01-21,LAB_EQ_USD_A,210.6235938827
2022-01-24,LAB_EQ_USD_A,210.2367331696
2022-01-25,LAB_EQ_USD_A,212.9226784780
2022-01-26,LAB_EQ_USD_A,215.0500879311
2022-01-27,LAB_EQ_USD_A,211.8210029364
2022-01-28,LAB_EQ_USD_A,212.3218474313
2022-01-31,LAB_EQ_USD_A,209.2976852086
2022-02-01,LAB_EQ_USD_A,210.9397111744
2022-02-02,LAB_EQ_USD_A,208.2450872508
2022-02-03,LAB_EQ_USD_A,206.8213382433
2022-02-04,LAB_EQ_USD_A,210.2036959437
2022-02-07,LAB_EQ_USD_A,209.8046708790
2022-02-08,LAB_EQ_USD_A,216.2707516073
2022-02-09,LAB_EQ_USD_A,211.8997488914
2022-02-10,LAB_EQ_USD_A,212.3794639661
2022-02-11,LAB_EQ_USD_A,213.8610714464
2022-02-14,LAB_EQ_USD_A,216.9807164126
2022-02-15,LAB_EQ_USD_A,217.0980260679
2022-02-16,LAB_EQ_USD_A,215.0023911687
2022-02-17,LAB_EQ_USD_A,213.2362258945
2022-02-18,LAB_EQ_USD_A,212.0119688774
2022-02-21,LAB_EQ_USD_A,208.9004862557
2022-02-22,LAB_EQ_USD_A,205.1677476627
2022-02-23,LAB_EQ_USD_A,203.1452481394
2022-02-24,LAB_EQ_USD_A,204.1915867525
2022-02-25,LAB_EQ_USD_A,206.8206293778
2022-02-28,LAB_EQ_USD_A,205.0009050924
2022-03-01,LAB_EQ_USD_A,204.6719066842
2022-03-02,LAB_EQ_USD_A,202.9343690969
2022-03-03,LAB_EQ_USD_A,205.1891422901
2022-03-04,LAB_EQ_USD_A,204.7947352563
2022-03-07,LAB_EQ_USD_A,200.7432871039
2022-03-08,LAB_EQ_USD_A,200.1939444632
2022-03-09,LAB_EQ_USD_A,204.3272175958
2022-03-10,LAB_EQ_USD_A,208.3884863469
2022-03-11,LAB_EQ_USD_A,207.2001357934
2022-03-14,LAB_EQ_USD_A,208.1575402164
2022-03-15,LAB_EQ_USD_A,204.7308742020
2022-03-16,LAB_EQ_USD_A,206.9588929429
2022-03-17,LAB_EQ_USD_A,207.8471066999
2022-03-18,LAB_EQ_USD_A,203.7789898947
2022-03-21,LAB_EQ_USD_A,206.3609711063
2022-03-22,LAB_EQ_USD_A,212.2877088130
2022-03-23,LAB_EQ_USD_A,214.0972097048
2022-03-24,LAB_EQ_USD_A,223.4649991630
2022-03-25,LAB_EQ_USD_A,226.0598510744
2022-03-28,LAB_EQ_USD_A,228.5148001193
2022-03-29,LAB_EQ_USD_A,228.0204735701
2022-03-30,LAB_EQ_USD_A,232.4769891730
2022-03-31,LAB_EQ_USD_A,231.5176597488
2022-04-01,LAB_EQ_USD_A,230.0942700977
2022-04-04,LAB_EQ_USD_A,230.0180190447
2022-04-05,LAB_EQ_USD_A,226.6559917189
2022-04-06,LAB_EQ_USD_A,232.2678957822
2022-04-07,LAB_EQ_USD_A,229.6840778305
2022-04-08,LAB_EQ_USD_A,231.7112729786
2022-04-11,LAB_EQ_USD_A,230.3761569971
2022-04-12,LAB_EQ_USD_A,230.9823805704
2022-04-13,LAB_EQ_USD_A,229.6563810343
2022-04-14,LAB_EQ_USD_A,229.1814372532
2022-04-15,LAB_EQ_USD_A,233.1896526703
2022-04-18,LAB_EQ_USD_A,234.7414915233
2022-04-19,LAB_EQ_USD_A,234.3651303727
2022-04-20,LAB_EQ_USD_A,232.5487848075
2022-04-21,LAB_EQ_USD_A,234.0519462503
2022-04-22,LAB_EQ_USD_A,240.7762247635
2022-04-25,LAB_EQ_USD_A,244.3174125921
2022-04-26,LAB_EQ_USD_A,238.6456647240
2022-04-27,LAB_EQ_USD_A,235.2213408240
2022-04-28,LAB_EQ_USD_A,238.8077838952
2022-04-29,LAB_EQ_USD_A,239.5112712153
2022-05-02,LAB_EQ_USD_A,240.1775446699
2022-05-03,LAB_EQ_USD_A,241.0511800238
2022-05-04,LAB_EQ_USD_A,247.2618408304
2022-05-05,LAB_EQ_USD_A,250.2591394360
2022-05-06,LAB_EQ_USD_A,253.3275702162
2022-05-09,LAB_EQ_USD_A,255.9953732005
2022-05-10,LAB_EQ_USD_A,251.3839105462
2022-05-11,LAB_EQ_USD_A,245.8668756442
2022-05-12,LAB_EQ_USD_A,248.8100207799
2022-05-13,LAB_EQ_USD_A,253.5484211717
2022-05-16,LAB_EQ_USD_A,249.6598739913
2022-05-17,LAB_EQ_USD_A,241.5510176434
2022-05-18,LAB_EQ_USD_A,237.0044864127
2022-05-19,LAB_EQ_USD_A,241.9588461249
2022-05-20,LAB_EQ_USD_A,238.7547599549
2022-05-23,LAB_EQ_USD_A,240.7715723952
2022-05-24,LAB_EQ_USD_A,243.8200303359
2022-05-25,LAB_EQ_USD_A,246.3364519925
2022-05-26,LAB_EQ_USD_A,245.0361082028
2022-05-27,LAB_EQ_USD_A,243.6402555704
2022-05-30,LAB_EQ_USD_A,240.2862199267
2022-05-31,LAB_EQ_USD_A,243.6722729466
2022-06-01,LAB_EQ_USD_A,243.7075272748
2022-06-02,LAB_EQ_USD_A,236.4392284587
2022-06-03,LAB_EQ_USD_A,240.8932957685
2022-06-06,LAB_EQ_USD_A,239.3263982266
2022-06-07,LAB_EQ_USD_A,243.4560990192
2022-06-08,LAB_EQ_USD_A,238.7672217001
2022-06-09,LAB_EQ_USD_A,233.6999451665
2022-06-10,LAB_EQ_USD_A,234.4761978952
2022-06-13,LAB_EQ_USD_A,234.1066772832
2022-06-14,LAB_EQ_USD_A,230.4728577191
2022-06-15,LAB_EQ_USD_A,235.9672455435
2022-06-16,LAB_EQ_USD_A,237.9072337802
2022-06-17,LAB_EQ_USD_A,234.7821230420
2022-06-20,LAB_EQ_USD_A,233.5927155457
2022-06-21,LAB_EQ_USD_A,232.3206384608
2022-06-22,LAB_EQ_USD_A,226.1004591987
2022-06-23,LAB_EQ_USD_A,227.5852615492
2022-06-24,LAB_EQ_USD_A,230.2965994697
2022-06-27,LAB_EQ_USD_A,233.5576370235
2022-06-28,LAB_EQ_USD_A,236.5456942136
2022-06-29,LAB_EQ_USD_A,236.2065496589
2022-06-30,LAB_EQ_USD_A,236.0304946694
2022-07-01,LAB_EQ_USD_A,236.4885004421
2022-07-04,LAB_EQ_USD_A,238.8270494911
2022-07-05,LAB_EQ_USD_A,239.4555584193
2022-07-06,LAB_EQ_USD_A,242.5461254691
2022-07-07,LAB_EQ_USD_A,235.0911837880
2022-07-08,LAB_EQ_USD_A,232.0394906534
2022-07-11,LAB_EQ_USD_A,235.4241591056
2022-07-12,LAB_EQ_USD_A,238.1300366962
2022-07-13,LAB_EQ_USD_A,240.8313497266
2022-07-14,LAB_EQ_USD_A,246.9955067765
2022-07-15,LAB_EQ_USD_A,256.0985677031
2022-07-18,LAB_EQ_USD_A,260.6664984868
2022-07-19,LAB_EQ_USD_A,264.0933628190
2022-07-20,LAB_EQ_USD_A,256.8098907555
2022-07-21,LAB_EQ_USD_A,254.7608726821
2022-07-22,LAB_EQ_USD_A,249.1328738119
2022-07-25,LAB_EQ_USD_A,249.3643026979
2022-07-26,LAB_EQ_USD_A,248.7858829099
2022-07-27,LAB_EQ_USD_A,243.8597748010
2022-07-28,LAB_EQ_USD_A,243.5919805157
2022-07-29,LAB_EQ_USD_A,247.7426374400
2022-08-01,LAB_EQ_USD_A,244.7573718874
2022-08-02,LAB_EQ_USD_A,246.9478192490
2022-08-03,LAB_EQ_USD_A,247.6543722608
2022-08-04,LAB_EQ_USD_A,250.6146596051
2022-08-05,LAB_EQ_USD_A,252.0562851151
2022-08-08,LAB_EQ_USD_A,255.5784760592
2022-08-09,LAB_EQ_USD_A,253.7264142878
2022-08-10,LAB_EQ_USD_A,259.9962955959
2022-08-11,LAB_EQ_USD_A,262.9695130461
2022-08-12,LAB_EQ_USD_A,266.6927365371
2022-08-15,LAB_EQ_USD_A,267.5191599939
2022-08-16,LAB_EQ_USD_A,260.2026162742
2022-08-17,LAB_EQ_USD_A,268.3916835763
2022-08-18,LAB_EQ_USD_A,264.7628555336
2022-08-19,LAB_EQ_USD_A,263.9869103416
2022-08-22,LAB_EQ_USD_A,266.1087201337
2022-08-23,LAB_EQ_USD_A,270.5658411748
2022-08-24,LAB_EQ_USD_A,278.0922285035
2022-08-25,LAB_EQ_USD_A,279.8062394771
2022-08-26,LAB_EQ_USD_A,273.3191141416
2022-08-29,LAB_EQ_USD_A,268.2227408101
2022-08-30,LAB_EQ_USD_A,271.0993221303
2022-08-31,LAB_EQ_USD_A,265.6888761648
2022-09-01,LAB_EQ_USD_A,268.0493708982
2022-09-02,LAB_EQ_USD_A,271.4436808101
2022-09-05,LAB_EQ_USD_A,277.4771662621
2022-09-06,LAB_EQ_USD_A,274.5549083446
2022-09-07,LAB_EQ_USD_A,276.1154690046
2022-09-08,LAB_EQ_USD_A,272.3059221280
2022-09-09,LAB_EQ_USD_A,278.4125992399
2022-09-12,LAB_EQ_USD_A,282.9325517318
2022-09-13,LAB_EQ_USD_A,285.7877240604
2022-09-14,LAB_EQ_USD_A,288.4764786486
2022-09-15,LAB_EQ_USD_A,290.8977375602
2022-09-16,LAB_EQ_USD_A,294.1724920577
2022-09-19,LAB_EQ_USD_A,301.6477999360
2022-09-20,LAB_EQ_USD_A,298.0634973040
2022-09-21,LAB_EQ_USD_A,303.7614786638
2022-09-22,LAB_EQ_USD_A,311.7463431285
2022-09-23,LAB_EQ_USD_A,308.8905693240
2022-09-26,LAB_EQ_USD_A,309.2565050976
2022-09-27,LAB_EQ_USD_A,308.2286191945
2022-09-28,LAB_EQ_USD_A,306.7510406324
2022-09-29,LAB_EQ_USD_A,304.4675155123
2022-09-30,LAB_EQ_USD_A,305.6087051920
2022-10-03,LAB_EQ_USD_A,303.0673550893
2022-10-04,LAB_EQ_USD_A,306.3704512103
2022-10-05,LAB_EQ_USD_A,300.8567543989
2022-10-06,LAB_EQ_USD_A,302.8895796012
2022-10-07,LAB_EQ_USD_A,306.6077969176
2022-10-10,LAB_EQ_USD_A,304.2817453044
2022-10-11,LAB_EQ_USD_A,307.7267269063
2022-10-12,LAB_EQ_USD_A,306.4914397659
2022-10-13,LAB_EQ_USD_A,316.7325486857
2022-10-14,LAB_EQ_USD_A,314.0162133299
2022-10-17,LAB_EQ_USD_A,311.0575733371
2022-10-18,LAB_EQ_USD_A,316.6497567175
2022-10-19,LAB_EQ_USD_A,318.2948139738
2022-10-20,LAB_EQ_USD_A,322.7543382868
2022-10-21,LAB_EQ_USD_A,317.8129050810
2022-10-24,LAB_EQ_USD_A,326.4667300625
2022-10-25,LAB_EQ_USD_A,325.4291111543
2022-10-26,LAB_EQ_USD_A,330.9643836919
2022-10-27,LAB_EQ_USD_A,332.3815487892
2022-10-28,LAB_EQ_USD_A,334.9809867988
2022-10-31,LAB_EQ_USD_A,337.2909451102
2022-11-01,LAB_EQ_USD_A,338.4846057146
2022-11-02,LAB_EQ_USD_A,329.6275023477
2022-11-03,LAB_EQ_USD_A,324.4990129728
2022-11-04,LAB_EQ_USD_A,327.7836089561
2022-11-07,LAB_EQ_USD_A,332.5322306967
2022-11-08,LAB_EQ_USD_A,336.6795247199
2022-11-09,LAB_EQ_USD_A,338.0980787739
2022-11-10,LAB_EQ_USD_A,342.2403033786
2022-11-11,LAB_EQ_USD_A,335.4138166385
2022-11-14,LAB_EQ_USD_A,337.6584663655
2022-11-15,LAB_EQ_USD_A,342.3030743042
2022-11-16,LAB_EQ_USD_A,341.3138770160
2022-11-17,LAB_EQ_USD_A,345.0253404829
2022-11-18,LAB_EQ_USD_A,343.6325178595
2022-11-21,LAB_EQ_USD_A,334.5764323439
2022-11-22,LAB_EQ_USD_A,334.8087060967
2022-11-23,LAB_EQ_USD_A,331.0495288117
2022-11-24,LAB_EQ_USD_A,334.6171536892
2022-11-25,LAB_EQ_USD_A,331.8328732092
2022-11-28,LAB_EQ_USD_A,328.5308424875
2022-11-29,LAB_EQ_USD_A,329.8642971974
2022-11-30,LAB_EQ_USD_A,327.9253983704
2022-12-01,LAB_EQ_USD_A,332.6884102341
2022-12-02,LAB_EQ_USD_A,329.3624684072
2022-12-05,LAB_EQ_USD_A,328.7566559393
2022-12-06,LAB_EQ_USD_A,326.4566730994
2022-12-07,LAB_EQ_USD_A,324.2505937931
2022-12-08,LAB_EQ_USD_A,319.2388248171
2022-12-09,LAB_EQ_USD_A,318.4190578345
2022-12-12,LAB_EQ_USD_A,320.1021197126
2022-12-13,LAB_EQ_USD_A,323.8274162416
2022-12-14,LAB_EQ_USD_A,322.2073800306
2022-12-15,LAB_EQ_USD_A,324.0737540667
2022-12-16,LAB_EQ_USD_A,320.1288505289
2022-12-19,LAB_EQ_USD_A,320.2315217077
2022-12-20,LAB_EQ_USD_A,318.3775687338
2022-12-21,LAB_EQ_USD_A,325.4039009216
2022-12-22,LAB_EQ_USD_A,323.0038186750
2022-12-23,LAB_EQ_USD_A,318.8823669965
2022-12-26,LAB_EQ_USD_A,312.0291221785
2022-12-27,LAB_EQ_USD_A,313.5740568755
2022-12-28,LAB_EQ_USD_A,316.0418742146
2022-12-29,LAB_EQ_USD_A,312.3199781699
2022-12-30,LAB_EQ_USD_A,313.6659365737
2023-01-02,LAB_EQ_USD_A,320.7272768369
2023-01-03,LAB_EQ_USD_A,320.1639820309
2023-01-04,LAB_EQ_USD_A,320.4410364351
2023-01-05,LAB_EQ_USD_A,325.6502924235
2023-01-06,LAB_EQ_USD_A,333.7713884748
2023-01-09,LAB_EQ_USD_A,332.5413342643
2023-01-10,LAB_EQ_USD_A,337.8750053273
2023-01-11,LAB_EQ_USD_A,335.6341700927
2023-01-12,LAB_EQ_USD_A,337.9177994951
2023-01-13,LAB_EQ_USD_A,342.5385979558
2023-01-16,LAB_EQ_USD_A,333.5106757930
2023-01-17,LAB_EQ_USD_A,335.2238474605
2023-01-18,LAB_EQ_USD_A,334.7836405939
2023-01-19,LAB_EQ_USD_A,325.1942809879
2023-01-20,LAB_EQ_USD_A,321.0440873235
2023-01-23,LAB_EQ_USD_A,325.0216373248
2023-01-24,LAB_EQ_USD_A,321.3311356594
2023-01-25,LAB_EQ_USD_A,324.3187632304
2023-01-26,LAB_EQ_USD_A,322.5407809711
2023-01-27,LAB_EQ_USD_A,331.5880903836
2023-01-30,LAB_EQ_USD_A,336.8611971964
2023-01-31,LAB_EQ_USD_A,327.8674568520
2023-02-01,LAB_EQ_USD_A,331.1885734354
2023-02-02,LAB_EQ_USD_A,341.6973993155
2023-02-03,LAB_EQ_USD_A,341.1803570481
2023-02-06,LAB_EQ_USD_A,342.4695343876
2023-02-07,LAB_EQ_USD_A,338.8382134201
2023-02-08,LAB_EQ_USD_A,337.5547624651
2023-02-09,LAB_EQ_USD_A,339.4539139497
2023-02-10,LAB_EQ_USD_A,332.7452239152
2023-02-13,LAB_EQ_USD_A,335.4585053472
2023-02-14,LAB_EQ_USD_A,336.1483014726
2023-02-15,LAB_EQ_USD_A,338.1985761858
2023-02-16,LAB_EQ_USD_A,334.8791783971
2023-02-17,LAB_EQ_USD_A,339.9195067347
2023-02-20,LAB_EQ_USD_A,342.0950371396
2023-02-21,LAB_EQ_USD_A,352.3648446968
2023-02-22,LAB_EQ_USD_A,358.2339570381
2023-02-23,LAB_EQ_USD_A,356.4812796130
2023-02-24,LAB_EQ_USD_A,358.1317113983
2023-02-27,LAB_EQ_USD_A,362.6841549717
2023-02-28,LAB_EQ_USD_A,361.7022816504
2023-03-01,LAB_EQ_USD_A,358.7893993907
2023-03-02,LAB_EQ_USD_A,353.0726123063
2023-03-03,LAB_EQ_USD_A,355.5979240394
2023-03-06,LAB_EQ_USD_A,365.8714659128
2023-03-07,LAB_EQ_USD_A,368.7021818522
2023-03-08,LAB_EQ_USD_A,373.0552751908
2023-03-09,LAB_EQ_USD_A,370.3908855947
2023-03-10,LAB_EQ_USD_A,375.6476591162
2023-03-13,LAB_EQ_USD_A,370.3388823312
2023-03-14,LAB_EQ_USD_A,379.2751757354
2023-03-15,LAB_EQ_USD_A,389.5550935097
2023-03-16,LAB_EQ_USD_A,387.7724187805
2023-03-17,LAB_EQ_USD_A,379.7362436824
2023-03-20,LAB_EQ_USD_A,377.5848848154
2023-03-21,LAB_EQ_USD_A,377.8749450828
2023-03-22,LAB_EQ_USD_A,373.8870162798
2023-03-23,LAB_EQ_USD_A,369.9881361875
2023-03-24,LAB_EQ_USD_A,370.3663510734
2023-03-27,LAB_EQ_USD_A,368.2797626007
2023-03-28,LAB_EQ_USD_A,361.1813133848
2023-03-29,LAB_EQ_USD_A,362.7454828083
2023-03-30,LAB_EQ_USD_A,365.0175142163
2023-03-31,LAB_EQ_USD_A,364.5825503140
2023-04-03,LAB_EQ_USD_A,357.7982556992
2023-04-04,LAB_EQ_USD_A,344.1378735684
2023-04-05,LAB_EQ_USD_A,345.2522207004
2023-04-06,LAB_EQ_USD_A,338.0327087387
2023-04-07,LAB_EQ_USD_A,336.4087538267
2023-04-10,LAB_EQ_USD_A,325.8205912843
2023-04-11,LAB_EQ_USD_A,328.9273272500
2023-04-12,LAB_EQ_USD_A,326.3960866262
2023-04-13,LAB_EQ_USD_A,323.8767855230
2023-04-14,LAB_EQ_USD_A,319.0538314051
2023-04-17,LAB_EQ_USD_A,320.5247052271
2023-04-18,LAB_EQ_USD_A,318.7595828232
2023-04-19,LAB_EQ_USD_A,319.5855900481
2023-04-20,LAB_EQ_USD_A,322.8845626976
2023-04-21,LAB_EQ_USD_A,320.5927195918
2023-04-24,LAB_EQ_USD_A,319.4428866931
2023-04-25,LAB_EQ_USD_A,316.4780109665
2023-04-26,LAB_EQ_USD_A,315.5412158406
2023-04-27,LAB_EQ_USD_A,311.2724380872
2023-04-28,LAB_EQ_USD_A,308.0988155862
2023-05-01,LAB_EQ_USD_A,302.8057306750
2023-05-02,LAB_EQ_USD_A,301.2644969399
2023-05-03,LAB_EQ_USD_A,297.8479209172
2023-05-04,LAB_EQ_USD_A,296.9691683396
2023-05-05,LAB_EQ_USD_A,298.6619874556
2023-05-08,LAB_EQ_USD_A,292.5020685472
2023-05-09,LAB_EQ_USD_A,286.3025646370
2023-05-10,LAB_EQ_USD_A,287.7085929452
2023-05-11,LAB_EQ_USD_A,285.3798983335
2023-05-12,LAB_EQ_USD_A,284.8230740742
2023-05-15,LAB_EQ_USD_A,282.2751739802
2023-05-16,LAB_EQ_USD_A,285.2041052054
2023-05-17,LAB_EQ_USD_A,282.8241966375
2023-05-18,LAB_EQ_USD_A,281.8387870616
2023-05-19,LAB_EQ_USD_A,282.6688963053
2023-05-22,LAB_EQ_USD_A,287.0267869169
2023-05-23,LAB_EQ_USD_A,284.7855900809
2023-05-24,LAB_EQ_USD_A,282.3936171283
2023-05-25,LAB_EQ_USD_A,284.6859935845
2023-05-26,LAB_EQ_USD_A,283.5103934681
2023-05-29,LAB_EQ_USD_A,277.2570854758
2023-05-30,LAB_EQ_USD_A,276.0852368982
2023-05-31,LAB_EQ_USD_A,278.6027706617
2023-06-01,LAB_EQ_USD_A,276.9283426934
2023-06-02,LAB_EQ_USD_A,282.4621937861
2023-06-05,LAB_EQ_USD_A,283.9781724649
2023-06-06,LAB_EQ_USD_A,285.6080177150
2023-06-07,LAB_EQ_USD_A,289.1730470467
2023-06-08,LAB_EQ_USD_A,290.4192486885
2023-06-09,LAB_EQ_USD_A,301.6207165775
2023-06-12,LAB_EQ_USD_A,304.7153265845
2023-06-13,LAB_EQ_USD_A,303.4391345707
2023-06-14,LAB_EQ_USD_A,309.8320461142
2023-06-15,LAB_EQ_USD_A,319.0528344220
2023-06-16,LAB_EQ_USD_A,316.5056205971
2023-06-19,LAB_EQ_USD_A,312.4355120823
2023-06-20,LAB_EQ_USD_A,312.9755800960
2023-06-21,LAB_EQ_USD_A,308.9941909543
2023-06-22,LAB_EQ_USD_A,306.3160018946
2023-06-23,LAB_EQ_USD_A,302.5599408962
2023-06-26,LAB_EQ_USD_A,311.8208776243
2023-06-27,LAB_EQ_USD_A,314.0533871953
2023-06-28,LAB_EQ_USD_A,309.3039234471
2023-06-29,LAB_EQ_USD_A,311.6915664644
2023-06-30,LAB_EQ_USD_A,308.5773556702
2023-07-03,LAB_EQ_USD_A,313.4332703342
2023-07-04,LAB_EQ_USD_A,316.9494609459
2023-07-05,LAB_EQ_USD_A,318.8302678660
2023-07-06,LAB_EQ_USD_A,318.6312150807
2023-07-07,LAB_EQ_USD_A,312.0010309438
2023-07-10,LAB_EQ_USD_A,304.4964480939
2023-07-11,LAB_EQ_USD_A,312.9761279869
2023-07-12,LAB_EQ_USD_A,317.0048710149
2023-07-13,LAB_EQ_USD_A,316.3566389819
2023-07-14,LAB_EQ_USD_A,307.5958556295
2023-07-17,LAB_EQ_USD_A,301.1469672530
2023-07-18,LAB_EQ_USD_A,307.3565046105
2023-07-19,LAB_EQ_USD_A,306.3457153808
2023-07-20,LAB_EQ_USD_A,301.7545149150
2023-07-21,LAB_EQ_USD_A,304.1062669152
2023-07-24,LAB_EQ_USD_A,304.7009979305
2023-07-25,LAB_EQ_USD_A,307.0383886455
2023-07-26,LAB_EQ_USD_A,311.6064997532
2023-07-27,LAB_EQ_USD_A,309.0513494474
2023-07-28,LAB_EQ_USD_A,305.7515323959
2023-07-31,LAB_EQ_USD_A,304.3878691285
2023-08-01,LAB_EQ_USD_A,300.9033290823
2023-08-02,LAB_EQ_USD_A,309.0374178543
2023-08-03,LAB_EQ_USD_A,309.7151985634
2023-08-04,LAB_EQ_USD_A,313.6366830294
2023-08-07,LAB_EQ_USD_A,311.7376371933
2023-08-08,LAB_EQ_USD_A,317.9739693186
2023-08-09,LAB_EQ_USD_A,325.8114630701
2023-08-10,LAB_EQ_USD_A,329.5836572105
2023-08-11,LAB_EQ_USD_A,328.4563808324
2023-08-14,LAB_EQ_USD_A,321.3188371827
2023-08-15,LAB_EQ_USD_A,317.9145952758
2023-08-16,LAB_EQ_USD_A,318.2004993055
2023-08-17,LAB_EQ_USD_A,324.7646269296
2023-08-18,LAB_EQ_USD_A,328.3847387795
2023-08-21,LAB_EQ_USD_A,329.4660781548
2023-08-22,LAB_EQ_USD_A,332.2158121489
2023-08-23,LAB_EQ_USD_A,332.0155548900
2023-08-24,LAB_EQ_USD_A,334.3259581751
2023-08-25,LAB_EQ_USD_A,332.8386076640
2023-08-28,LAB_EQ_USD_A,334.6385325211
2023-08-29,LAB_EQ_USD_A,335.7463793515
2023-08-30,LAB_EQ_USD_A,331.4323054499
2023-08-31,LAB_EQ_USD_A,330.4064971724
2023-09-01,LAB_EQ_USD_A,326.6886938015
2023-09-04,LAB_EQ_USD_A,323.6992411499
2023-09-05,LAB_EQ_USD_A,325.1863311018
2023-09-06,LAB_EQ_USD_A,327.2683916974
2023-09-07,LAB_EQ_USD_A,327.6077858854
2023-09-08,LAB_EQ_USD_A,332.2955882387
2023-09-11,LAB_EQ_USD_A,327.9777783032
2023-09-12,LAB_EQ_USD_A,328.4975411369
2023-09-13,LAB_EQ_USD_A,334.5147511398
2023-09-14,LAB_EQ_USD_A,332.2067498617
2023-09-15,LAB_EQ_USD_A,325.4907313088
2023-09-18,LAB_EQ_USD_A,324.4567821857
2023-09-19,LAB_EQ_USD_A,317.4768336849
2023-09-20,LAB_EQ_USD_A,318.7310306461
2023-09-21,LAB_EQ_USD_A,327.2972171320
2023-09-22,LAB_EQ_USD_A,331.6779838992
2023-09-25,LAB_EQ_USD_A,336.7197688214
2023-09-26,LAB_EQ_USD_A,332.6610919975
2023-09-27,LAB_EQ_USD_A,330.6884414256
2023-09-28,LAB_EQ_USD_A,330.7696433362
2023-09-29,LAB_EQ_USD_A,334.4012377231
2023-10-02,LAB_EQ_USD_A,327.9019872164
2023-10-03,LAB_EQ_USD_A,330.3980302722
2023-10-04,LAB_EQ_USD_A,329.1727537909
2023-10-05,LAB_EQ_USD_A,335.0326673169
2023-10-06,LAB_EQ_USD_A,331.2872152958
2023-10-09,LAB_EQ_USD_A,329.2840891940
2023-10-10,LAB_EQ_USD_A,336.3755696684
2023-10-11,LAB_EQ_USD_A,335.9482673343
2023-10-12,LAB_EQ_USD_A,349.4238426167
2023-10-13,LAB_EQ_USD_A,357.3863528759
2023-10-16,LAB_EQ_USD_A,355.2702720327
2023-10-17,LAB_EQ_USD_A,342.5102003575
2023-10-18,LAB_EQ_USD_A,341.6093444845
2023-10-19,LAB_EQ_USD_A,344.8417412813
2023-10-20,LAB_EQ_USD_A,348.9053498106
2023-10-23,LAB_EQ_USD_A,345.6905596864
2023-10-24,LAB_EQ_USD_A,348.4131208910
2023-10-25,LAB_EQ_USD_A,346.0321846403
2023-10-26,LAB_EQ_USD_A,340.4881078149
2023-10-27,LAB_EQ_USD_A,348.6209208247
2023-10-30,LAB_EQ_USD_A,346.1327838853
2023-10-31,LAB_EQ_USD_A,345.9083649621
2023-11-01,LAB_EQ_USD_A,343.0215729206
2023-11-02,LAB_EQ_USD_A,343.3292329335
2023-11-03,LAB_EQ_USD_A,348.2534022561
2023-11-06,LAB_EQ_USD_A,344.2032277516
2023-11-07,LAB_EQ_USD_A,351.5024521400
2023-11-08,LAB_EQ_USD_A,350.4737891134
2023-11-09,LAB_EQ_USD_A,359.9016764634
2023-11-10,LAB_EQ_USD_A,364.3095441240
2023-11-13,LAB_EQ_USD_A,358.4392979105
2023-11-14,LAB_EQ_USD_A,356.1909580061
2023-11-15,LAB_EQ_USD_A,350.4121279579
2023-11-16,LAB_EQ_USD_A,342.2657641553
2023-11-17,LAB_EQ_USD_A,340.6858734419
2023-11-20,LAB_EQ_USD_A,343.9940271050
2023-11-21,LAB_EQ_USD_A,338.6194835735
2023-11-22,LAB_EQ_USD_A,336.1578677382
2023-11-23,LAB_EQ_USD_A,322.5311770230
2023-11-24,LAB_EQ_USD_A,317.1114767430
2023-11-27,LAB_EQ_USD_A,310.9027796200
2023-11-28,LAB_EQ_USD_A,307.1004768767
2023-11-29,LAB_EQ_USD_A,310.8222527059
2023-11-30,LAB_EQ_USD_A,315.0529058182
2023-12-01,LAB_EQ_USD_A,312.7203095941
2023-12-04,LAB_EQ_USD_A,310.2367881377
2023-12-05,LAB_EQ_USD_A,315.2226911044
2023-12-06,LAB_EQ_USD_A,312.2461965426
2023-12-07,LAB_EQ_USD_A,311.9524468301
2023-12-08,LAB_EQ_USD_A,318.8110926246
2023-12-11,LAB_EQ_USD_A,316.7034034834
2023-12-12,LAB_EQ_USD_A,315.9371144934
2023-12-13,LAB_EQ_USD_A,318.3430671254
2023-12-14,LAB_EQ_USD_A,311.9324732328
2023-12-15,LAB_EQ_USD_A,315.2529400780
2023-12-18,LAB_EQ_USD_A,318.5111485747
2023-12-19,LAB_EQ_USD_A,322.9727811787
2023-12-20,LAB_EQ_USD_A,324.9746151466
2023-12-21,LAB_EQ_USD_A,326.5107247248
2023-12-22,LAB_EQ_USD_A,330.5824110667
2023-12-25,LAB_EQ_USD_A,331.9635262735
2023-12-26,LAB_EQ_USD_A,334.4303678174
2023-12-27,LAB_EQ_USD_A,336.8778762287
2023-12-28,LAB_EQ_USD_A,336.1478010744
2023-12-29,LAB_EQ_USD_A,336.7140782711
2024-01-01,LAB_EQ_USD_A,331.7268875426
2024-01-02,LAB_EQ_USD_A,334.0672188392
2024-01-03,LAB_EQ_USD_A,334.0728550418
2024-01-04,LAB_EQ_USD_A,329.3467851444
2024-01-05,LAB_EQ_USD_A,329.5611835643
2024-01-08,LAB_EQ_USD_A,323.1608742770
2024-01-09,LAB_EQ_USD_A,329.1680768392
2024-01-10,LAB_EQ_USD_A,330.1735344545
2024-01-11,LAB_EQ_USD_A,333.7138870956
2024-01-12,LAB_EQ_USD_A,331.9550105075
2024-01-15,LAB_EQ_USD_A,336.5146224980
2024-01-16,LAB_EQ_USD_A,341.3476518459
2024-01-17,LAB_EQ_USD_A,344.3189345073
2024-01-18,LAB_EQ_USD_A,339.7638951573
2024-01-19,LAB_EQ_USD_A,338.2707580839
2024-01-22,LAB_EQ_USD_A,341.5787428932
2024-01-23,LAB_EQ_USD_A,341.4437142167
2024-01-24,LAB_EQ_USD_A,342.1102752980
2024-01-25,LAB_EQ_USD_A,344.6487337231
2024-01-26,LAB_EQ_USD_A,350.9373066834
2024-01-29,LAB_EQ_USD_A,342.4648858784
2024-01-30,LAB_EQ_USD_A,345.2916382838
2024-01-31,LAB_EQ_USD_A,346.0022266375
2024-02-01,LAB_EQ_USD_A,343.3338284042
2024-02-02,LAB_EQ_USD_A,344.2791955300
2024-02-05,LAB_EQ_USD_A,344.3848546160
2024-02-06,LAB_EQ_USD_A,339.6409602162
2024-02-07,LAB_EQ_USD_A,338.8327807486
2024-02-08,LAB_EQ_USD_A,341.2599357321
2024-02-09,LAB_EQ_USD_A,345.7235811009
2024-02-12,LAB_EQ_USD_A,345.4068592206
2024-02-13,LAB_EQ_USD_A,342.3632346234
2024-02-14,LAB_EQ_USD_A,336.5191717378
2024-02-15,LAB_EQ_USD_A,335.6977942211
2024-02-16,LAB_EQ_USD_A,333.8207872698
2024-02-19,LAB_EQ_USD_A,334.6815689932
2024-02-20,LAB_EQ_USD_A,336.7113478540
2024-02-21,LAB_EQ_USD_A,339.1301645911
2024-02-22,LAB_EQ_USD_A,347.1485055048
2024-02-23,LAB_EQ_USD_A,352.6892120858
2024-02-26,LAB_EQ_USD_A,351.9402023978
2024-02-27,LAB_EQ_USD_A,357.8099069724
2024-02-28,LAB_EQ_USD_A,361.9527307701
2024-02-29,LAB_EQ_USD_A,365.1232138662
2024-03-01,LAB_EQ_USD_A,361.0752726154
2024-03-04,LAB_EQ_USD_A,361.5644507462
2024-03-05,LAB_EQ_USD_A,364.8682537210
2024-03-06,LAB_EQ_USD_A,368.3886759851
2024-03-07,LAB_EQ_USD_A,377.6346080407
2024-03-08,LAB_EQ_USD_A,375.4006619864
2024-03-11,LAB_EQ_USD_A,370.3230574138
2024-03-12,LAB_EQ_USD_A,381.1886082927
2024-03-13,LAB_EQ_USD_A,380.2275409092
2024-03-14,LAB_EQ_USD_A,386.6333245309
2024-03-15,LAB_EQ_USD_A,389.0371533076
2024-03-18,LAB_EQ_USD_A,382.0402527084
2024-03-19,LAB_EQ_USD_A,373.4880235412
2024-03-20,LAB_EQ_USD_A,375.8989039430
2024-03-21,LAB_EQ_USD_A,374.8248078240
2024-03-22,LAB_EQ_USD_A,383.5047561163
2024-03-25,LAB_EQ_USD_A,388.5142753502
2024-03-26,LAB_EQ_USD_A,382.8496064725
2024-03-27,LAB_EQ_USD_A,387.3309160380
2024-03-28,LAB_EQ_USD_A,391.4993244828
2024-03-29,LAB_EQ_USD_A,393.4337424308
2024-04-01,LAB_EQ_USD_A,382.7367764474
2024-04-02,LAB_EQ_USD_A,382.7539025758
2024-04-03,LAB_EQ_USD_A,379.5936583025
2024-04-04,LAB_EQ_USD_A,383.2803145705
2024-04-05,LAB_EQ_USD_A,384.4848698941
2024-04-08,LAB_EQ_USD_A,381.1370789269
2024-04-09,LAB_EQ_USD_A,376.7841992978
2024-04-10,LAB_EQ_USD_A,391.0034587891
2024-04-11,LAB_EQ_USD_A,388.6514786745
2024-04-12,LAB_EQ_USD_A,393.1505880516
2024-04-15,LAB_EQ_USD_A,389.6399680738
2024-04-16,LAB_EQ_USD_A,390.1023045319
2024-04-17,LAB_EQ_USD_A,393.4649706636
2024-04-18,LAB_EQ_USD_A,394.3910322674
2024-04-19,LAB_EQ_USD_A,403.7817235868
2024-04-22,LAB_EQ_USD_A,410.4330733643
2024-04-23,LAB_EQ_USD_A,409.3999032623
2024-04-24,LAB_EQ_USD_A,410.6801297233
2024-04-25,LAB_EQ_USD_A,412.0109962954
2024-04-26,LAB_EQ_USD_A,411.1382725093
2024-04-29,LAB_EQ_USD_A,409.9783986480
2024-04-30,LAB_EQ_USD_A,408.2327657753
2024-05-01,LAB_EQ_USD_A,416.1267509564
2024-05-02,LAB_EQ_USD_A,426.1406178049
2024-05-03,LAB_EQ_USD_A,423.6861067157
2024-05-06,LAB_EQ_USD_A,423.1822537645
2024-05-07,LAB_EQ_USD_A,422.3870094738
2024-05-08,LAB_EQ_USD_A,425.6073637479
2024-05-09,LAB_EQ_USD_A,421.8792410870
2024-05-10,LAB_EQ_USD_A,424.4740242118
2024-05-13,LAB_EQ_USD_A,427.0323038847
2024-05-14,LAB_EQ_USD_A,414.5483218701
2024-05-15,LAB_EQ_USD_A,417.5119904892
2024-05-16,LAB_EQ_USD_A,417.0896947219
2024-05-17,LAB_EQ_USD_A,413.9148500083
2024-05-20,LAB_EQ_USD_A,408.9570451353
2024-05-21,LAB_EQ_USD_A,409.3252766829
2024-05-22,LAB_EQ_USD_A,414.8412625899
2024-05-23,LAB_EQ_USD_A,423.2852808204
2024-05-24,LAB_EQ_USD_A,416.7201254861
2024-05-27,LAB_EQ_USD_A,413.9081718384
2024-05-28,LAB_EQ_USD_A,414.3154650682
2024-05-29,LAB_EQ_USD_A,417.4183825939
2024-05-30,LAB_EQ_USD_A,409.5694532336
2024-05-31,LAB_EQ_USD_A,405.3839221517
2024-06-03,LAB_EQ_USD_A,412.3980259306
2024-06-04,LAB_EQ_USD_A,411.6356239234
2024-06-05,LAB_EQ_USD_A,416.8496068102
2024-06-06,LAB_EQ_USD_A,418.6361674088
2024-06-07,LAB_EQ_USD_A,415.6440180212
2024-06-10,LAB_EQ_USD_A,411.4021903633
2024-06-11,LAB_EQ_USD_A,411.9072613196
2024-06-12,LAB_EQ_USD_A,402.4271587932
2024-06-13,LAB_EQ_USD_A,401.7743911642
2024-06-14,LAB_EQ_USD_A,404.6655109959
2024-06-17,LAB_EQ_USD_A,397.3092119366
2024-06-18,LAB_EQ_USD_A,400.0560249330
2024-06-19,LAB_EQ_USD_A,392.9798716072
2024-06-20,LAB_EQ_USD_A,404.8826718566
2024-06-21,LAB_EQ_USD_A,413.3832002410
2024-06-24,LAB_EQ_USD_A,416.0298584635
2024-06-25,LAB_EQ_USD_A,412.0530681062
2024-06-26,LAB_EQ_USD_A,404.7168851301
2024-06-27,LAB_EQ_USD_A,406.8392839623
2024-06-28,LAB_EQ_USD_A,412.2583589110
2024-07-01,LAB_EQ_USD_A,414.0705018679
2024-07-02,LAB_EQ_USD_A,419.3997257723
2024-07-03,LAB_EQ_USD_A,422.0329077740
2024-07-04,LAB_EQ_USD_A,420.2016542378
2024-07-05,LAB_EQ_USD_A,415.6334402270
2024-07-08,LAB_EQ_USD_A,420.9559840892
2024-07-09,LAB_EQ_USD_A,423.5678624827
2024-07-10,LAB_EQ_USD_A,433.0856735035
2024-07-11,LAB_EQ_USD_A,437.0860898306
2024-07-12,LAB_EQ_USD_A,438.0893785825
2024-07-15,LAB_EQ_USD_A,434.3292631856
2024-07-16,LAB_EQ_USD_A,453.6429984815
2024-07-17,LAB_EQ_USD_A,451.1179938765
2024-07-18,LAB_EQ_USD_A,453.1650266432
2024-07-19,LAB_EQ_USD_A,448.3650357666
2024-07-22,LAB_EQ_USD_A,449.2747106102
2024-07-23,LAB_EQ_USD_A,448.4276334031
2024-07-24,LAB_EQ_USD_A,443.9952081354
2024-07-25,LAB_EQ_USD_A,444.8315588713
2024-07-26,LAB_EQ_USD_A,449.2049980499
2024-07-29,LAB_EQ_USD_A,450.5582812684
2024-07-30,LAB_EQ_USD_A,459.1292401927
2024-07-31,LAB_EQ_USD_A,450.9801319729
2024-08-01,LAB_EQ_USD_A,454.2560961591
2024-08-02,LAB_EQ_USD_A,458.8760595145
2024-08-05,LAB_EQ_USD_A,451.4934005609
2024-08-06,LAB_EQ_USD_A,444.0072408430
2024-08-07,LAB_EQ_USD_A,460.8711003598
2024-08-08,LAB_EQ_USD_A,467.3314110444
2024-08-09,LAB_EQ_USD_A,464.9640059591
2024-08-12,LAB_EQ_USD_A,464.2820420535
2024-08-13,LAB_EQ_USD_A,462.2289013458
2024-08-14,LAB_EQ_USD_A,462.4391999368
2024-08-15,LAB_EQ_USD_A,464.6252678436
2024-08-16,LAB_EQ_USD_A,459.1823516379
2024-08-19,LAB_EQ_USD_A,447.6046982308
2024-08-20,LAB_EQ_USD_A,449.2299133071
2024-08-21,LAB_EQ_USD_A,433.4103134313
2024-08-22,LAB_EQ_USD_A,424.0591951994
2024-08-23,LAB_EQ_USD_A,435.7546699371
2024-08-26,LAB_EQ_USD_A,431.1772557834
2024-08-27,LAB_EQ_USD_A,435.1042398611
2024-08-28,LAB_EQ_USD_A,438.1607443365
2024-08-29,LAB_EQ_USD_A,436.5614161775
2024-08-30,LAB_EQ_USD_A,427.7557809307
2024-09-02,LAB_EQ_USD_A,421.1006350504
2024-09-03,LAB_EQ_USD_A,410.0629235758
2024-09-04,LAB_EQ_USD_A,403.0379550454
2024-09-05,LAB_EQ_USD_A,398.9521544244
2024-09-06,LAB_EQ_USD_A,383.0921304771
2024-09-09,LAB_EQ_USD_A,383.0078796189
2024-09-10,LAB_EQ_USD_A,382.0905092990
2024-09-11,LAB_EQ_USD_A,386.0857295934
2024-09-12,LAB_EQ_USD_A,391.8010432142
2024-09-13,LAB_EQ_USD_A,396.2417604905
2024-09-16,LAB_EQ_USD_A,398.0609190761
2024-09-17,LAB_EQ_USD_A,409.8159006746
2024-09-18,LAB_EQ_USD_A,409.1161047730
2024-09-19,LAB_EQ_USD_A,407.7763329826
2024-09-20,LAB_EQ_USD_A,398.9459550436
2024-09-23,LAB_EQ_USD_A,394.8514388447
2024-09-24,LAB_EQ_USD_A,396.1612626626
2024-09-25,LAB_EQ_USD_A,395.0778965448
2024-09-26,LAB_EQ_USD_A,397.5883078269
2024-09-27,LAB_EQ_USD_A,396.8060536675
2024-09-30,LAB_EQ_USD_A,401.5342841566
2024-10-01,LAB_EQ_USD_A,399.9411299871
2024-10-02,LAB_EQ_USD_A,407.3479953253
2024-10-03,LAB_EQ_USD_A,398.0952486116
2024-10-04,LAB_EQ_USD_A,399.7963071127
2024-10-07,LAB_EQ_USD_A,398.3942483497
2024-10-08,LAB_EQ_USD_A,405.1031807455
2024-10-09,LAB_EQ_USD_A,397.9446086443
2024-10-10,LAB_EQ_USD_A,400.1876729183
2024-10-11,LAB_EQ_USD_A,391.8945235185
2024-10-14,LAB_EQ_USD_A,384.9804202379
2024-10-15,LAB_EQ_USD_A,379.1194301085
2024-10-16,LAB_EQ_USD_A,387.6992711601
2024-10-17,LAB_EQ_USD_A,381.1594671850
2024-10-18,LAB_EQ_USD_A,389.4687961466
2024-10-21,LAB_EQ_USD_A,382.5926486999
2024-10-22,LAB_EQ_USD_A,385.7809267525
2024-10-23,LAB_EQ_USD_A,378.5117806368
2024-10-24,LAB_EQ_USD_A,377.9771365421
2024-10-25,LAB_EQ_USD_A,374.8211209096
2024-10-28,LAB_EQ_USD_A,376.0512950798
2024-10-29,LAB_EQ_USD_A,376.8918602779
2024-10-30,LAB_EQ_USD_A,376.3004104721
2024-10-31,LAB_EQ_USD_A,380.0260220908
2024-11-01,LAB_EQ_USD_A,378.9794858159
2024-11-04,LAB_EQ_USD_A,376.3944456099
2024-11-05,LAB_EQ_USD_A,384.1288887455
2024-11-06,LAB_EQ_USD_A,376.5731364612
2024-11-07,LAB_EQ_USD_A,379.6541964088
2024-11-08,LAB_EQ_USD_A,367.6632503592
2024-11-11,LAB_EQ_USD_A,369.8548306880
2024-11-12,LAB_EQ_USD_A,372.2288646325
2024-11-13,LAB_EQ_USD_A,372.7700699572
2024-11-14,LAB_EQ_USD_A,369.9141381277
2024-11-15,LAB_EQ_USD_A,373.3555414224
2024-11-18,LAB_EQ_USD_A,376.3562982271
2024-11-19,LAB_EQ_USD_A,377.5257072216
2024-11-20,LAB_EQ_USD_A,367.1598105026
2024-11-21,LAB_EQ_USD_A,357.7542696148
2024-11-22,LAB_EQ_USD_A,358.2687197087
2024-11-25,LAB_EQ_USD_A,361.4049942482
2024-11-26,LAB_EQ_USD_A,365.5174445310
2024-11-27,LAB_EQ_USD_A,366.4937456836
2024-11-28,LAB_EQ_USD_A,361.8226449380
2024-11-29,LAB_EQ_USD_A,359.8962272654
2024-12-02,LAB_EQ_USD_A,368.7424085056
2024-12-03,LAB_EQ_USD_A,365.2122207889
2024-12-04,LAB_EQ_USD_A,362.8257638582
2024-12-05,LAB_EQ_USD_A,364.4092930436
2024-12-06,LAB_EQ_USD_A,367.3389438445
2024-12-09,LAB_EQ_USD_A,361.5313030411
2024-12-10,LAB_EQ_USD_A,358.4391420767
2024-12-11,LAB_EQ_USD_A,362.2344104294
2024-12-12,LAB_EQ_USD_A,359.8214373578
2024-12-13,LAB_EQ_USD_A,359.2493279568
2024-12-16,LAB_EQ_USD_A,359.3293142183
2024-12-17,LAB_EQ_USD_A,353.7467929508
2024-12-18,LAB_EQ_USD_A,362.4894145180
2024-12-19,LAB_EQ_USD_A,363.4831507652
2024-12-20,LAB_EQ_USD_A,354.8168756100
2024-12-23,LAB_EQ_USD_A,352.2341757511
2024-12-24,LAB_EQ_USD_A,350.2624020804
2024-12-25,LAB_EQ_USD_A,345.3211292993
2024-12-26,LAB_EQ_USD_A,340.0620339457
2024-12-27,LAB_EQ_USD_A,337.5487698969
2024-12-30,LAB_EQ_USD_A,332.4034941339
2024-12-31,LAB_EQ_USD_A,331.7130915680
2025-01-01,LAB_EQ_USD_A,329.1108768278
2025-01-02,LAB_EQ_USD_A,335.8774776104
2025-01-03,LAB_EQ_USD_A,334.8576425209
2025-01-06,LAB_EQ_USD_A,338.9861925970
2025-01-07,LAB_EQ_USD_A,332.0890145027
2025-01-08,LAB_EQ_USD_A,338.3974489598
2025-01-09,LAB_EQ_USD_A,339.1102327878
2025-01-10,LAB_EQ_USD_A,331.0661790953
2025-01-13,LAB_EQ_USD_A,324.1575970942
2025-01-14,LAB_EQ_USD_A,331.2843643229
2025-01-15,LAB_EQ_USD_A,330.9218404920
2025-01-16,LAB_EQ_USD_A,337.1303985241
2025-01-17,LAB_EQ_USD_A,333.8816397589
2025-01-20,LAB_EQ_USD_A,337.1880616600
2025-01-21,LAB_EQ_USD_A,334.6578038224
2025-01-22,LAB_EQ_USD_A,335.0120445540
2025-01-23,LAB_EQ_USD_A,339.0168905266
2025-01-24,LAB_EQ_USD_A,341.7827968693
2025-01-27,LAB_EQ_USD_A,338.6277370467
2025-01-28,LAB_EQ_USD_A,348.9360289101
2025-01-29,LAB_EQ_USD_A,353.2084865473
2025-01-30,LAB_EQ_USD_A,347.7860611022
2025-01-31,LAB_EQ_USD_A,349.2485636064
2025-02-03,LAB_EQ_USD_A,351.1483088002
2025-02-04,LAB_EQ_USD_A,361.2319324858
2025-02-05,LAB_EQ_USD_A,367.6623674957
2025-02-06,LAB_EQ_USD_A,369.0075101638
2025-02-07,LAB_EQ_USD_A,369.7038320596
2025-02-10,LAB_EQ_USD_A,369.9933246816
2025-02-11,LAB_EQ_USD_A,364.8581714196
2025-02-12,LAB_EQ_USD_A,361.9188806373
2025-02-13,LAB_EQ_USD_A,365.6832603822
2025-02-14,LAB_EQ_USD_A,367.2270796680
2025-02-17,LAB_EQ_USD_A,363.2135016804
2025-02-18,LAB_EQ_USD_A,357.1669277988
2025-02-19,LAB_EQ_USD_A,354.5641269803
2025-02-20,LAB_EQ_USD_A,348.3125188204
2025-02-21,LAB_EQ_USD_A,346.5333293581
2025-02-24,LAB_EQ_USD_A,340.7627825861
2025-02-25,LAB_EQ_USD_A,348.6879709393
2025-02-26,LAB_EQ_USD_A,347.0572102137
2025-02-27,LAB_EQ_USD_A,352.6107077611
2025-02-28,LAB_EQ_USD_A,351.3146560506
2025-03-03,LAB_EQ_USD_A,355.8518299466
2025-03-04,LAB_EQ_USD_A,356.8064888070
2025-03-05,LAB_EQ_USD_A,353.3007566230
2025-03-06,LAB_EQ_USD_A,352.2797872077
2025-03-07,LAB_EQ_USD_A,348.4309802060
2025-03-10,LAB_EQ_USD_A,354.2868502479
2025-03-11,LAB_EQ_USD_A,350.7999751762
2025-03-12,LAB_EQ_USD_A,346.9308734248
2025-03-13,LAB_EQ_USD_A,348.4933418404
2025-03-14,LAB_EQ_USD_A,342.4112596491
2025-03-17,LAB_EQ_USD_A,340.7539570496
2025-03-18,LAB_EQ_USD_A,341.7751736643
2025-03-19,LAB_EQ_USD_A,346.6504794586
2025-03-20,LAB_EQ_USD_A,341.3062667026
2025-03-21,LAB_EQ_USD_A,345.2964330697
2025-03-24,LAB_EQ_USD_A,346.8066875620
2025-03-25,LAB_EQ_USD_A,347.0168567196
2025-03-26,LAB_EQ_USD_A,347.7664082358
2025-03-27,LAB_EQ_USD_A,352.2012679398
2025-03-28,LAB_EQ_USD_A,357.8654514916
2025-03-31,LAB_EQ_USD_A,351.8395537923
2025-04-01,LAB_EQ_USD_A,349.0111768380
2025-04-02,LAB_EQ_USD_A,347.9017083888
2025-04-03,LAB_EQ_USD_A,340.6742688367
2025-04-04,LAB_EQ_USD_A,344.7762356066
2025-04-07,LAB_EQ_USD_A,338.6180619219
2025-04-08,LAB_EQ_USD_A,338.9327552380
2025-04-09,LAB_EQ_USD_A,339.8465081056
2025-04-10,LAB_EQ_USD_A,343.4125444424
2025-04-11,LAB_EQ_USD_A,346.4662698124
2025-04-14,LAB_EQ_USD_A,344.3623986516
2025-04-15,LAB_EQ_USD_A,346.6119885064
2025-04-16,LAB_EQ_USD_A,340.6032330192
2025-04-17,LAB_EQ_USD_A,334.6689619802
2025-04-18,LAB_EQ_USD_A,340.3068298704
2025-04-21,LAB_EQ_USD_A,336.3027442201
2025-04-22,LAB_EQ_USD_A,329.3882576057
2025-04-23,LAB_EQ_USD_A,327.7343043579
2025-04-24,LAB_EQ_USD_A,331.4803699685
2025-04-25,LAB_EQ_USD_A,341.5965341960
2025-04-28,LAB_EQ_USD_A,336.3998280111
2025-04-29,LAB_EQ_USD_A,334.7581198325
2025-04-30,LAB_EQ_USD_A,337.0755274682
2025-05-01,LAB_EQ_USD_A,342.5075543198
2025-05-02,LAB_EQ_USD_A,340.6619849108
2025-05-05,LAB_EQ_USD_A,345.4488333057
2025-05-06,LAB_EQ_USD_A,340.4324761135
2025-05-07,LAB_EQ_USD_A,343.2010375369
2025-05-08,LAB_EQ_USD_A,335.7431563919
2025-05-09,LAB_EQ_USD_A,339.7606776495
2025-05-12,LAB_EQ_USD_A,343.0579207695
2025-05-13,LAB_EQ_USD_A,334.4481338128
2025-05-14,LAB_EQ_USD_A,337.9355366608
2025-05-15,LAB_EQ_USD_A,341.2517900653
2025-05-16,LAB_EQ_USD_A,341.6122665126
2025-05-19,LAB_EQ_USD_A,344.5355505212
2025-05-20,LAB_EQ_USD_A,338.7894909829
2025-05-21,LAB_EQ_USD_A,347.2445039431
2025-05-22,LAB_EQ_USD_A,349.6449572778
2025-05-23,LAB_EQ_USD_A,352.1932556361
2025-05-26,LAB_EQ_USD_A,348.1075464755
2025-05-27,LAB_EQ_USD_A,346.1268303138
2025-05-28,LAB_EQ_USD_A,349.5752361355
2025-05-29,LAB_EQ_USD_A,349.5804310558
2025-05-30,LAB_EQ_USD_A,342.3607388491
2025-06-02,LAB_EQ_USD_A,349.5943710095
2025-06-03,LAB_EQ_USD_A,343.6768306210
2025-06-04,LAB_EQ_USD_A,341.3741549673
2025-06-05,LAB_EQ_USD_A,335.4474608910
2025-06-06,LAB_EQ_USD_A,334.3118544226
2025-06-09,LAB_EQ_USD_A,328.2537479069
2025-06-10,LAB_EQ_USD_A,331.4570807618
2025-06-11,LAB_EQ_USD_A,332.2436702709
2025-06-12,LAB_EQ_USD_A,342.1226986472
2025-06-13,LAB_EQ_USD_A,332.6521035180
2025-06-16,LAB_EQ_USD_A,325.6927237157
2025-06-17,LAB_EQ_USD_A,328.1920941071
2025-06-18,LAB_EQ_USD_A,331.4201705542
2025-06-19,LAB_EQ_USD_A,326.7041769377
2025-06-20,LAB_EQ_USD_A,328.4663307459
2025-06-23,LAB_EQ_USD_A,325.3634741744
2025-06-24,LAB_EQ_USD_A,330.6391215884
2025-06-25,LAB_EQ_USD_A,333.9954383398
2025-06-26,LAB_EQ_USD_A,332.4179768412
2025-06-27,LAB_EQ_USD_A,332.6654617948
2025-06-30,LAB_EQ_USD_A,334.3063181065
2025-07-01,LAB_EQ_USD_A,330.9979097888
2025-07-02,LAB_EQ_USD_A,332.5010473219
2025-07-03,LAB_EQ_USD_A,333.8212890539
2025-07-04,LAB_EQ_USD_A,337.6913793826
2025-07-07,LAB_EQ_USD_A,332.8628212416
2025-07-08,LAB_EQ_USD_A,331.5872114986
2025-07-09,LAB_EQ_USD_A,338.1817069025
2025-07-10,LAB_EQ_USD_A,338.6797871912
2025-07-11,LAB_EQ_USD_A,338.0831962747
2025-07-14,LAB_EQ_USD_A,330.4077353962
2025-07-15,LAB_EQ_USD_A,339.5631356540
2025-07-16,LAB_EQ_USD_A,340.9801042485
2025-07-17,LAB_EQ_USD_A,339.5325663186
2025-07-18,LAB_EQ_USD_A,334.9018841136
2025-07-21,LAB_EQ_USD_A,331.3015186307
2025-07-22,LAB_EQ_USD_A,336.3036530278
2025-07-23,LAB_EQ_USD_A,336.1882930206
2025-07-24,LAB_EQ_USD_A,336.6570827284
2025-07-25,LAB_EQ_USD_A,342.7951175172
2025-07-28,LAB_EQ_USD_A,339.2197170205
2025-07-29,LAB_EQ_USD_A,337.9668076713
2025-07-30,LAB_EQ_USD_A,336.7709360162
2025-07-31,LAB_EQ_USD_A,338.7376864766
2025-08-01,LAB_EQ_USD_A,332.8335126822
2025-08-04,LAB_EQ_USD_A,341.1178354255
2025-08-05,LAB_EQ_USD_A,339.0922735615
2025-08-06,LAB_EQ_USD_A,339.4835117253
2025-08-07,LAB_EQ_USD_A,336.4037092600
2025-08-08,LAB_EQ_USD_A,340.6316212814
2025-08-11,LAB_EQ_USD_A,337.6879586564
2025-08-12,LAB_EQ_USD_A,336.0240387077
2025-08-13,LAB_EQ_USD_A,339.8162418162
2025-08-14,LAB_EQ_USD_A,333.7085662172
2025-08-15,LAB_EQ_USD_A,335.3992481568
2025-08-18,LAB_EQ_USD_A,333.5753650304
2025-08-19,LAB_EQ_USD_A,330.8428597098
2025-08-20,LAB_EQ_USD_A,328.0862627896
2025-08-21,LAB_EQ_USD_A,329.8002777586
2025-08-22,LAB_EQ_USD_A,332.3091483048
2025-08-25,LAB_EQ_USD_A,336.4290831954
2025-08-26,LAB_EQ_USD_A,335.7448664133
2025-08-27,LAB_EQ_USD_A,328.9480568671
2025-08-28,LAB_EQ_USD_A,324.1087774920
2025-08-29,LAB_EQ_USD_A,322.9218328413
2025-09-01,LAB_EQ_USD_A,330.6194788389
2025-09-02,LAB_EQ_USD_A,341.5141711193
2025-09-03,LAB_EQ_USD_A,340.0135876324
2025-09-04,LAB_EQ_USD_A,334.6135720937
2025-09-05,LAB_EQ_USD_A,339.1668961692
2025-09-08,LAB_EQ_USD_A,335.0248055309
2025-09-09,LAB_EQ_USD_A,331.0227243372
2025-09-10,LAB_EQ_USD_A,332.5743111682
2025-09-11,LAB_EQ_USD_A,328.0213671570
2025-09-12,LAB_EQ_USD_A,328.3151330090
2025-09-15,LAB_EQ_USD_A,334.2128767379
2025-09-16,LAB_EQ_USD_A,329.7771886256
2025-09-17,LAB_EQ_USD_A,326.2385665404
2025-09-18,LAB_EQ_USD_A,317.6826032954
2025-09-19,LAB_EQ_USD_A,324.3326343863
2025-09-22,LAB_EQ_USD_A,329.0399150532
2025-09-23,LAB_EQ_USD_A,327.7762187564
2025-09-24,LAB_EQ_USD_A,321.7534816278
2025-09-25,LAB_EQ_USD_A,316.2156072228
2025-09-26,LAB_EQ_USD_A,312.2084998612
2025-09-29,LAB_EQ_USD_A,308.4985930785
2025-09-30,LAB_EQ_USD_A,308.5267984753
2025-10-01,LAB_EQ_USD_A,311.7800610297
2025-10-02,LAB_EQ_USD_A,309.0057068207
2025-10-03,LAB_EQ_USD_A,309.1813332970
2025-10-06,LAB_EQ_USD_A,306.1207997239
2025-10-07,LAB_EQ_USD_A,301.1525720416
2025-10-08,LAB_EQ_USD_A,301.5594467922
2025-10-09,LAB_EQ_USD_A,304.1981599013
2025-10-10,LAB_EQ_USD_A,307.7585632802
2025-10-13,LAB_EQ_USD_A,307.7172002136
2025-10-14,LAB_EQ_USD_A,300.9565463606
2025-10-15,LAB_EQ_USD_A,304.0500380199
2025-10-16,LAB_EQ_USD_A,303.2113272389
2025-10-17,LAB_EQ_USD_A,298.9794822173
2025-10-20,LAB_EQ_USD_A,300.1459853170
2025-10-21,LAB_EQ_USD_A,300.6974865651
2025-10-22,LAB_EQ_USD_A,302.3974024667
2025-10-23,LAB_EQ_USD_A,296.9197446226
2025-10-24,LAB_EQ_USD_A,302.6120108764
2025-10-27,LAB_EQ_USD_A,301.0080911382
2025-10-28,LAB_EQ_USD_A,304.8592407376
2025-10-29,LAB_EQ_USD_A,297.3730212693
2025-10-30,LAB_EQ_USD_A,293.3275532921
2025-10-31,LAB_EQ_USD_A,290.6478573669
2025-11-03,LAB_EQ_USD_A,297.1141667163
2025-11-04,LAB_EQ_USD_A,298.1080136355
2025-11-05,LAB_EQ_USD_A,299.5271425905
2025-11-06,LAB_EQ_USD_A,302.3027859719
2025-11-07,LAB_EQ_USD_A,296.6526051099
2025-11-10,LAB_EQ_USD_A,293.6632746981
2025-11-11,LAB_EQ_USD_A,297.9932313714
2025-11-12,LAB_EQ_USD_A,294.8801502279
2025-11-13,LAB_EQ_USD_A,302.4885133804
2025-11-14,LAB_EQ_USD_A,309.9535181250
2025-11-17,LAB_EQ_USD_A,311.1838667956
2025-11-18,LAB_EQ_USD_A,313.0576764903
2025-11-19,LAB_EQ_USD_A,310.7763779946
2025-11-20,LAB_EQ_USD_A,313.1691537197
2025-11-21,LAB_EQ_USD_A,311.6920338759
2025-11-24,LAB_EQ_USD_A,311.4442870437
2025-11-25,LAB_EQ_USD_A,313.2927980375
2025-11-26,LAB_EQ_USD_A,319.4948583063
2025-11-27,LAB_EQ_USD_A,315.9254350766
2025-11-28,LAB_EQ_USD_A,317.1430823181
2025-12-01,LAB_EQ_USD_A,320.7742533313
2025-12-02,LAB_EQ_USD_A,318.6305032177
2025-12-03,LAB_EQ_USD_A,306.6845066000
2025-12-04,LAB_EQ_USD_A,311.8619742273
2025-12-05,LAB_EQ_USD_A,303.5687626752
2025-12-08,LAB_EQ_USD_A,301.9552835513
2025-12-09,LAB_EQ_USD_A,300.7311934241
2025-12-10,LAB_EQ_USD_A,293.5664927663
2025-12-11,LAB_EQ_USD_A,292.8315291588
2025-12-12,LAB_EQ_USD_A,293.0860525419
2025-12-15,LAB_EQ_USD_A,297.9643516392
2025-12-16,LAB_EQ_USD_A,303.5309853710
2025-12-17,LAB_EQ_USD_A,297.1259033277
2025-12-18,LAB_EQ_USD_A,304.7536623130
2025-12-19,LAB_EQ_USD_A,311.0457520736
2025-12-22,LAB_EQ_USD_A,307.2798148270
2025-12-23,LAB_EQ_USD_A,307.0285317572
2025-12-24,LAB_EQ_USD_A,311.3178358433
2025-12-25,LAB_EQ_USD_A,318.3696889986
2025-12-26,LAB_EQ_USD_A,321.4915655711
2025-12-29,LAB_EQ_USD_A,315.5724755031
2025-12-30,LAB_EQ_USD_A,322.0937186614
2025-12-31,LAB_EQ_USD_A,320.5858130753
2021-01-04,LAB_EQ_USD_B,91.0000000000
2021-01-05,LAB_EQ_USD_B,91.2703031109
2021-01-06,LAB_EQ_USD_B,91.3805875316
2021-01-07,LAB_EQ_USD_B,90.7593994451
2021-01-08,LAB_EQ_USD_B,88.1206098693
2021-01-11,LAB_EQ_USD_B,89.1203995612
2021-01-12,LAB_EQ_USD_B,90.5653060297
2021-01-13,LAB_EQ_USD_B,91.3008002580
2021-01-14,LAB_EQ_USD_B,91.7988390833
2021-01-15,LAB_EQ_USD_B,92.0847676951
2021-01-18,LAB_EQ_USD_B,91.6844239585
2021-01-19,LAB_EQ_USD_B,90.5730424980
2021-01-20,LAB_EQ_USD_B,89.9318545879
2021-01-21,LAB_EQ_USD_B,88.1299385029
2021-01-22,LAB_EQ_USD_B,87.3932694034
2021-01-25,LAB_EQ_USD_B,88.1342141817
2021-01-26,LAB_EQ_USD_B,86.7884289125
2021-01-27,LAB_EQ_USD_B,87.2147449068
2021-01-28,LAB_EQ_USD_B,88.4172959649
2021-01-29,LAB_EQ_USD_B,90.4515596260
2021-02-01,LAB_EQ_USD_B,92.5930897620
2021-02-02,LAB_EQ_USD_B,90.6719230744
2021-02-03,LAB_EQ_USD_B,91.1097099603
2021-02-04,LAB_EQ_USD_B,90.9793398517
2021-02-05,LAB_EQ_USD_B,94.0563074209
2021-02-08,LAB_EQ_USD_B,92.3517392263
2021-02-09,LAB_EQ_USD_B,93.2929763014
2021-02-10,LAB_EQ_USD_B,93.5781156633
2021-02-11,LAB_EQ_USD_B,96.5646348322
2021-02-12,LAB_EQ_USD_B,95.4896227985
2021-02-15,LAB_EQ_USD_B,94.9825807247
2021-02-16,LAB_EQ_USD_B,93.7942243733
2021-02-17,LAB_EQ_USD_B,92.3454742803
2021-02-18,LAB_EQ_USD_B,91.9675315424
2021-02-19,LAB_EQ_USD_B,90.9768673348
2021-02-22,LAB_EQ_USD_B,88.2671281246
2021-02-23,LAB_EQ_USD_B,89.4428008956
2021-02-24,LAB_EQ_USD_B,89.6675809106
2021-02-25,LAB_EQ_USD_B,91.2866939128
2021-02-26,LAB_EQ_USD_B,91.4134531535
2021-03-01,LAB_EQ_USD_B,90.5683961463
2021-03-02,LAB_EQ_USD_B,87.6680452451
2021-03-03,LAB_EQ_USD_B,87.4881040062
2021-03-04,LAB_EQ_USD_B,87.4650920543
2021-03-05,LAB_EQ_USD_B,87.2080148651
2021-03-08,LAB_EQ_USD_B,88.4783662468
2021-03-09,LAB_EQ_USD_B,86.1994889416
2021-03-10,LAB_EQ_USD_B,87.7878830718
2021-03-11,LAB_EQ_USD_B,90.6666342107
2021-03-12,LAB_EQ_USD_B,89.3032216931
2021-03-15,LAB_EQ_USD_B,90.5658963742
2021-03-16,LAB_EQ_USD_B,91.0049105309
2021-03-17,LAB_EQ_USD_B,90.7742136153
2021-03-18,LAB_EQ_USD_B,90.4677542393
2021-03-19,LAB_EQ_USD_B,91.3535632301
2021-03-22,LAB_EQ_USD_B,92.9626631994
2021-03-23,LAB_EQ_USD_B,92.1434538856
2021-03-24,LAB_EQ_USD_B,96.4820221241
2021-03-25,LAB_EQ_USD_B,95.9504723102
2021-03-26,LAB_EQ_USD_B,93.8789608018
2021-03-29,LAB_EQ_USD_B,95.6457146542
2021-03-30,LAB_EQ_USD_B,96.7802085690
2021-03-31,LAB_EQ_USD_B,95.8514637465
2021-04-01,LAB_EQ_USD_B,92.3846181337
2021-04-02,LAB_EQ_USD_B,91.3310787239
2021-04-05,LAB_EQ_USD_B,91.2545832475
2021-04-06,LAB_EQ_USD_B,91.6179085893
2021-04-07,LAB_EQ_USD_B,92.6610508457
2021-04-08,LAB_EQ_USD_B,93.3651133795
2021-04-09,LAB_EQ_USD_B,93.5178148860
2021-04-12,LAB_EQ_USD_B,94.5013134093
2021-04-13,LAB_EQ_USD_B,94.0170502447
2021-04-14,LAB_EQ_USD_B,93.9304654604
2021-04-15,LAB_EQ_USD_B,93.1919344886
2021-04-16,LAB_EQ_USD_B,91.3523691390
2021-04-19,LAB_EQ_USD_B,90.4464991262
2021-04-20,LAB_EQ_USD_B,92.7005423335
2021-04-21,LAB_EQ_USD_B,92.9960698764
2021-04-22,LAB_EQ_USD_B,93.0880123580
2021-04-23,LAB_EQ_USD_B,94.8586753224
2021-04-26,LAB_EQ_USD_B,95.7588066059
2021-04-27,LAB_EQ_USD_B,95.3343763072
2021-04-28,LAB_EQ_USD_B,94.5968232685
2021-04-29,LAB_EQ_USD_B,92.9685895837
2021-04-30,LAB_EQ_USD_B,93.9474913585
2021-05-03,LAB_EQ_USD_B,94.6883859134
2021-05-04,LAB_EQ_USD_B,97.2357291952
2021-05-05,LAB_EQ_USD_B,95.6435279742
2021-05-06,LAB_EQ_USD_B,94.7911861690
2021-05-07,LAB_EQ_USD_B,97.6106118049
2021-05-10,LAB_EQ_USD_B,98.0468744687
2021-05-11,LAB_EQ_USD_B,98.8951870934
2021-05-12,LAB_EQ_USD_B,97.8253719356
2021-05-13,LAB_EQ_USD_B,97.6276070675
2021-05-14,LAB_EQ_USD_B,95.8890920310
2021-05-17,LAB_EQ_USD_B,94.6485334756
2021-05-18,LAB_EQ_USD_B,95.4988146787
2021-05-19,LAB_EQ_USD_B,98.3457580946
2021-05-20,LAB_EQ_USD_B,99.7941661367
2021-05-21,LAB_EQ_USD_B,97.8687075050
2021-05-24,LAB_EQ_USD_B,98.8976095960
2021-05-25,LAB_EQ_USD_B,100.3131540789
2021-05-26,LAB_EQ_USD_B,101.7682473645
2021-05-27,LAB_EQ_USD_B,102.4138310168
2021-05-28,LAB_EQ_USD_B,101.3835630438
2021-05-31,LAB_EQ_USD_B,101.7395035771
2021-06-01,LAB_EQ_USD_B,102.1794444722
2021-06-02,LAB_EQ_USD_B,104.8064025042
2021-06-03,LAB_EQ_USD_B,104.7405845072
2021-06-04,LAB_EQ_USD_B,104.8541929521
2021-06-07,LAB_EQ_USD_B,107.0376113184
2021-06-08,LAB_EQ_USD_B,107.4886538394
2021-06-09,LAB_EQ_USD_B,107.2691856001
2021-06-10,LAB_EQ_USD_B,107.4401114799
2021-06-11,LAB_EQ_USD_B,108.8275223180
2021-06-14,LAB_EQ_USD_B,110.4875546282
2021-06-15,LAB_EQ_USD_B,107.6664973907
2021-06-16,LAB_EQ_USD_B,106.9775209929
2021-06-17,LAB_EQ_USD_B,108.6097917369
2021-06-18,LAB_EQ_USD_B,107.3421158635
2021-06-21,LAB_EQ_USD_B,106.2832959048
2021-06-22,LAB_EQ_USD_B,107.2086413314
2021-06-23,LAB_EQ_USD_B,108.4383534120
2021-06-24,LAB_EQ_USD_B,107.6661553268
2021-06-25,LAB_EQ_USD_B,107.2665301811
2021-06-28,LAB_EQ_USD_B,108.3049272817
2021-06-29,LAB_EQ_USD_B,106.6861691542
2021-06-30,LAB_EQ_USD_B,105.0855673618
2021-07-01,LAB_EQ_USD_B,105.3840144037
2021-07-02,LAB_EQ_USD_B,103.9575601298
2021-07-05,LAB_EQ_USD_B,102.7103261514
2021-07-06,LAB_EQ_USD_B,104.3283930580
2021-07-07,LAB_EQ_USD_B,105.1810493798
2021-07-08,LAB_EQ_USD_B,105.7588462152
2021-07-09,LAB_EQ_USD_B,107.5343147146
2021-07-12,LAB_EQ_USD_B,108.8970532195
2021-07-13,LAB_EQ_USD_B,108.6035601563
2021-07-14,LAB_EQ_USD_B,110.9392383376
2021-07-15,LAB_EQ_USD_B,111.3098444502
2021-07-16,LAB_EQ_USD_B,113.4695151361
2021-07-19,LAB_EQ_USD_B,113.4779800310
2021-07-20,LAB_EQ_USD_B,111.3266237785
2021-07-21,LAB_EQ_USD_B,112.5557611112
2021-07-22,LAB_EQ_USD_B,111.8813632243
2021-07-23,LAB_EQ_USD_B,109.0257252791
2021-07-26,LAB_EQ_USD_B,111.4382009326
2021-07-27,LAB_EQ_USD_B,110.0041862091
2021-07-28,LAB_EQ_USD_B,112.0457175403
2021-07-29,LAB_EQ_USD_B,110.1407495224
2021-07-30,LAB_EQ_USD_B,108.1936720537
2021-08-02,LAB_EQ_USD_B,108.3936787436
2021-08-03,LAB_EQ_USD_B,108.3091265949
2021-08-04,LAB_EQ_USD_B,104.9894555724
2021-08-05,LAB_EQ_USD_B,102.9931578872
2021-08-06,LAB_EQ_USD_B,103.7557241527
2021-08-09,LAB_EQ_USD_B,105.2663179295
2021-08-10,LAB_EQ_USD_B,108.6583702310
2021-08-11,LAB_EQ_USD_B,111.6821569270
2021-08-12,LAB_EQ_USD_B,110.8024048688
2021-08-13,LAB_EQ_USD_B,109.9432980291
2021-08-16,LAB_EQ_USD_B,112.1256357270
2021-08-17,LAB_EQ_USD_B,111.7022713329
2021-08-18,LAB_EQ_USD_B,112.2511736030
2021-08-19,LAB_EQ_USD_B,113.3968390044
2021-08-20,LAB_EQ_USD_B,115.7811525587
2021-08-23,LAB_EQ_USD_B,113.5932532512
2021-08-24,LAB_EQ_USD_B,113.5181001965
2021-08-25,LAB_EQ_USD_B,114.4941686867
2021-08-26,LAB_EQ_USD_B,111.9314319712
2021-08-27,LAB_EQ_USD_B,111.0200364254
2021-08-30,LAB_EQ_USD_B,111.1322129478
2021-08-31,LAB_EQ_USD_B,111.0971247736
2021-09-01,LAB_EQ_USD_B,113.7463815851
2021-09-02,LAB_EQ_USD_B,112.5979259327
2021-09-03,LAB_EQ_USD_B,110.5010145252
2021-09-06,LAB_EQ_USD_B,112.8170443425
2021-09-07,LAB_EQ_USD_B,113.0871789214
2021-09-08,LAB_EQ_USD_B,113.0225161276
2021-09-09,LAB_EQ_USD_B,110.3022398509
2021-09-10,LAB_EQ_USD_B,112.0433088194
2021-09-13,LAB_EQ_USD_B,113.1370722357
2021-09-14,LAB_EQ_USD_B,111.7792211994
2021-09-15,LAB_EQ_USD_B,110.4290441074
2021-09-16,LAB_EQ_USD_B,114.2195775253
2021-09-17,LAB_EQ_USD_B,114.1153285979
2021-09-20,LAB_EQ_USD_B,114.5972427868
2021-09-21,LAB_EQ_USD_B,114.6978772392
2021-09-22,LAB_EQ_USD_B,117.0525119338
2021-09-23,LAB_EQ_USD_B,117.4958289436
2021-09-24,LAB_EQ_USD_B,118.0201494570
2021-09-27,LAB_EQ_USD_B,116.7587887743
2021-09-28,LAB_EQ_USD_B,117.7098959263
2021-09-29,LAB_EQ_USD_B,121.0835532148
2021-09-30,LAB_EQ_USD_B,121.1559255566
2021-10-01,LAB_EQ_USD_B,118.9919194667
2021-10-04,LAB_EQ_USD_B,122.6340466308
2021-10-05,LAB_EQ_USD_B,122.2023917911
2021-10-06,LAB_EQ_USD_B,123.3956366567
2021-10-07,LAB_EQ_USD_B,124.0236889761
2021-10-08,LAB_EQ_USD_B,125.9750941965
2021-10-11,LAB_EQ_USD_B,125.9442077983
2021-10-12,LAB_EQ_USD_B,124.0863483518
2021-10-13,LAB_EQ_USD_B,128.1154854951
2021-10-14,LAB_EQ_USD_B,122.9240358649
2021-10-15,LAB_EQ_USD_B,123.1482093643
2021-10-18,LAB_EQ_USD_B,124.6826018229
2021-10-19,LAB_EQ_USD_B,124.6549780403
2021-10-20,LAB_EQ_USD_B,124.9284195333
2021-10-21,LAB_EQ_USD_B,126.3854295733
2021-10-22,LAB_EQ_USD_B,122.9949851660
2021-10-25,LAB_EQ_USD_B,121.3926356960
2021-10-26,LAB_EQ_USD_B,124.7032407861
2021-10-27,LAB_EQ_USD_B,124.4620664387
2021-10-28,LAB_EQ_USD_B,126.5097854360
2021-10-29,LAB_EQ_USD_B,123.4240191273
2021-11-01,LAB_EQ_USD_B,124.1386977505
2021-11-02,LAB_EQ_USD_B,125.5559375879
2021-11-03,LAB_EQ_USD_B,128.1353351568
2021-11-04,LAB_EQ_USD_B,130.1121725582
2021-11-05,LAB_EQ_USD_B,133.8306299426
2021-11-08,LAB_EQ_USD_B,134.4609879910
2021-11-09,LAB_EQ_USD_B,134.8558215550
2021-11-10,LAB_EQ_USD_B,133.8786725675
2021-11-11,LAB_EQ_USD_B,131.9952286627
2021-11-12,LAB_EQ_USD_B,134.5289867442
2021-11-15,LAB_EQ_USD_B,134.0931200291
2021-11-16,LAB_EQ_USD_B,134.4943450902
2021-11-17,LAB_EQ_USD_B,134.9352349621
2021-11-18,LAB_EQ_USD_B,137.3524807638
2021-11-19,LAB_EQ_USD_B,138.2220081814
2021-11-22,LAB_EQ_USD_B,137.6709381248
2021-11-23,LAB_EQ_USD_B,139.7314257903
2021-11-24,LAB_EQ_USD_B,136.9854942938
2021-11-25,LAB_EQ_USD_B,136.7047130055
2021-11-26,LAB_EQ_USD_B,138.0765987298
2021-11-29,LAB_EQ_USD_B,131.9293517950
2021-11-30,LAB_EQ_USD_B,132.5851347321
2021-12-01,LAB_EQ_USD_B,133.2250942848
2021-12-02,LAB_EQ_USD_B,133.7118656913
2021-12-03,LAB_EQ_USD_B,137.2730966319
2021-12-06,LAB_EQ_USD_B,136.4679602684
2021-12-07,LAB_EQ_USD_B,136.1762462610
2021-12-08,LAB_EQ_USD_B,137.4296995256
2021-12-09,LAB_EQ_USD_B,140.4878772737
2021-12-10,LAB_EQ_USD_B,141.8150047173
2021-12-13,LAB_EQ_USD_B,139.1854827639
2021-12-14,LAB_EQ_USD_B,143.0432796647
2021-12-15,LAB_EQ_USD_B,143.0239893286
2021-12-16,LAB_EQ_USD_B,144.7170942322
2021-12-17,LAB_EQ_USD_B,143.1157886830
2021-12-20,LAB_EQ_USD_B,143.3220128048
2021-12-21,LAB_EQ_USD_B,146.2408111500
2021-12-22,LAB_EQ_USD_B,150.2772541754
2021-12-23,LAB_EQ_USD_B,149.6979135492
2021-12-24,LAB_EQ_USD_B,152.1909173641
2021-12-27,LAB_EQ_USD_B,153.9134628581
2021-12-28,LAB_EQ_USD_B,149.9772262849
2021-12-29,LAB_EQ_USD_B,148.1169364741
2021-12-30,LAB_EQ_USD_B,149.8152334054
2021-12-31,LAB_EQ_USD_B,151.9714606506
2022-01-03,LAB_EQ_USD_B,150.9632328840
2022-01-04,LAB_EQ_USD_B,151.2913099768
2022-01-05,LAB_EQ_USD_B,150.1662392266
2022-01-06,LAB_EQ_USD_B,151.0950470730
2022-01-07,LAB_EQ_USD_B,150.1843375157
2022-01-10,LAB_EQ_USD_B,152.6992573181
2022-01-11,LAB_EQ_USD_B,153.2693164585
2022-01-12,LAB_EQ_USD_B,152.8506310490
2022-01-13,LAB_EQ_USD_B,155.1022648376
2022-01-14,LAB_EQ_USD_B,156.5849942002
2022-01-17,LAB_EQ_USD_B,158.7100756295
2022-01-18,LAB_EQ_USD_B,155.3040683179
2022-01-19,LAB_EQ_USD_B,157.1032725732
2022-01-20,LAB_EQ_USD_B,160.6090331681
2022-01-21,LAB_EQ_USD_B,159.5293466467
2022-01-24,LAB_EQ_USD_B,158.1028252460
2022-01-25,LAB_EQ_USD_B,157.0265270932
2022-01-26,LAB_EQ_USD_B,160.0220650103
2022-01-27,LAB_EQ_USD_B,160.7698403984
2022-01-28,LAB_EQ_USD_B,162.3771154007
2022-01-31,LAB_EQ_USD_B,160.9404707918
2022-02-01,LAB_EQ_USD_B,163.1979101662
2022-02-02,LAB_EQ_USD_B,162.3082027533
2022-02-03,LAB_EQ_USD_B,160.6100529201
2022-02-04,LAB_EQ_USD_B,158.9714226378
2022-02-07,LAB_EQ_USD_B,155.8163300486
2022-02-08,LAB_EQ_USD_B,160.6558807586
2022-02-09,LAB_EQ_USD_B,157.3078775700
2022-02-10,LAB_EQ_USD_B,154.8156825747
2022-02-11,LAB_EQ_USD_B,153.4826024339
2022-02-14,LAB_EQ_USD_B,156.9673112661
2022-02-15,LAB_EQ_USD_B,156.7442370889
2022-02-16,LAB_EQ_USD_B,157.4014493651
2022-02-17,LAB_EQ_USD_B,155.0622272976
2022-02-18,LAB_EQ_USD_B,154.5183316650
2022-02-21,LAB_EQ_USD_B,150.4714040148
2022-02-22,LAB_EQ_USD_B,148.5626016333
2022-02-23,LAB_EQ_USD_B,147.1982555162
2022-02-24,LAB_EQ_USD_B,147.2071944246
2022-02-25,LAB_EQ_USD_B,148.2455722310
2022-02-28,LAB_EQ_USD_B,146.3468416243
2022-03-01,LAB_EQ_USD_B,147.5025562346
2022-03-02,LAB_EQ_USD_B,146.2022562342
2022-03-03,LAB_EQ_USD_B,146.2606066723
2022-03-04,LAB_EQ_USD_B,141.4412582153
2022-03-07,LAB_EQ_USD_B,139.5785437317
2022-03-08,LAB_EQ_USD_B,140.1201777037
2022-03-09,LAB_EQ_USD_B,141.2887859723
2022-03-10,LAB_EQ_USD_B,141.4290733527
2022-03-11,LAB_EQ_USD_B,140.6048953935
2022-03-14,LAB_EQ_USD_B,141.6797254758
2022-03-15,LAB_EQ_USD_B,141.0034337173
2022-03-16,LAB_EQ_USD_B,141.2422911298
2022-03-17,LAB_EQ_USD_B,140.5625575456
2022-03-18,LAB_EQ_USD_B,138.8703686586
2022-03-21,LAB_EQ_USD_B,139.4887261651
2022-03-22,LAB_EQ_USD_B,143.0720079008
2022-03-23,LAB_EQ_USD_B,144.0699088389
2022-03-24,LAB_EQ_USD_B,147.8192907277
2022-03-25,LAB_EQ_USD_B,147.2552772307
2022-03-28,LAB_EQ_USD_B,149.3639076519
2022-03-29,LAB_EQ_USD_B,147.9756745109
2022-03-30,LAB_EQ_USD_B,146.8495719666
2022-03-31,LAB_EQ_USD_B,146.7772735592
2022-04-01,LAB_EQ_USD_B,145.3375983094
2022-04-04,LAB_EQ_USD_B,149.4661804909
2022-04-05,LAB_EQ_USD_B,146.4858820344
2022-04-06,LAB_EQ_USD_B,149.1520772984
2022-04-07,LAB_EQ_USD_B,146.8277414301
2022-04-08,LAB_EQ_USD_B,149.4062050760
2022-04-11,LAB_EQ_USD_B,146.1427448540
2022-04-12,LAB_EQ_USD_B,147.5019505322
2022-04-13,LAB_EQ_USD_B,145.6955402791
2022-04-14,LAB_EQ_USD_B,145.3019056761
2022-04-15,LAB_EQ_USD_B,146.5330499425
2022-04-18,LAB_EQ_USD_B,146.7044546284
2022-04-19,LAB_EQ_USD_B,145.5134868704
2022-04-20,LAB_EQ_USD_B,145.1973419578
2022-04-21,LAB_EQ_USD_B,146.5871902979
2022-04-22,LAB_EQ_USD_B,152.8742541624
2022-04-25,LAB_EQ_USD_B,152.8343144009
2022-04-26,LAB_EQ_USD_B,149.5145423560
2022-04-27,LAB_EQ_USD_B,148.4671115454
2022-04-28,LAB_EQ_USD_B,150.4398710356
2022-04-29,LAB_EQ_USD_B,150.8300136066
2022-05-02,LAB_EQ_USD_B,150.4108494069
2022-05-03,LAB_EQ_USD_B,152.2022769831
2022-05-04,LAB_EQ_USD_B,156.3673226660
2022-05-05,LAB_EQ_USD_B,155.0189872491
2022-05-06,LAB_EQ_USD_B,153.5921679667
2022-05-09,LAB_EQ_USD_B,156.9225484835
2022-05-10,LAB_EQ_USD_B,153.1023140811
2022-05-11,LAB_EQ_USD_B,150.4843083889
2022-05-12,LAB_EQ_USD_B,150.2878727028
2022-05-13,LAB_EQ_USD_B,152.3022785012
2022-05-16,LAB_EQ_USD_B,152.0121829251
2022-05-17,LAB_EQ_USD_B,148.5888693610
2022-05-18,LAB_EQ_USD_B,147.6411136056
2022-05-19,LAB_EQ_USD_B,150.6630360241
2022-05-20,LAB_EQ_USD_B,150.8879341113
2022-05-23,LAB_EQ_USD_B,149.6894410885
2022-05-24,LAB_EQ_USD_B,148.3013778137
2022-05-25,LAB_EQ_USD_B,149.8698258611
2022-05-26,LAB_EQ_USD_B,151.7075621287
2022-05-27,LAB_EQ_USD_B,153.2388249766
2022-05-30,LAB_EQ_USD_B,151.7040245187
2022-05-31,LAB_EQ_USD_B,155.4842958903
2022-06-01,LAB_EQ_USD_B,156.2707756040
2022-06-02,LAB_EQ_USD_B,152.5062063532
2022-06-03,LAB_EQ_USD_B,154.0328142826
2022-06-06,LAB_EQ_USD_B,152.5873809367
2022-06-07,LAB_EQ_USD_B,152.0116845114
2022-06-08,LAB_EQ_USD_B,149.9097941929
2022-06-09,LAB_EQ_USD_B,147.6409519077
2022-06-10,LAB_EQ_USD_B,147.3265601755
2022-06-13,LAB_EQ_USD_B,145.7802358751
2022-06-14,LAB_EQ_USD_B,143.6043778841
2022-06-15,LAB_EQ_USD_B,147.6216159701
2022-06-16,LAB_EQ_USD_B,147.9210574624
2022-06-17,LAB_EQ_USD_B,148.2256760360
2022-06-20,LAB_EQ_USD_B,146.3542448999
2022-06-21,LAB_EQ_USD_B,145.9611713927
2022-06-22,LAB_EQ_USD_B,142.5821155967
2022-06-23,LAB_EQ_USD_B,143.2087529564
2022-06-24,LAB_EQ_USD_B,145.5345281257
2022-06-27,LAB_EQ_USD_B,146.4375093312
2022-06-28,LAB_EQ_USD_B,148.2731137523
2022-06-29,LAB_EQ_USD_B,147.2145959437
2022-06-30,LAB_EQ_USD_B,146.6907338223
2022-07-01,LAB_EQ_USD_B,145.7960641073
2022-07-04,LAB_EQ_USD_B,148.0447450220
2022-07-05,LAB_EQ_USD_B,149.2068879054
2022-07-06,LAB_EQ_USD_B,152.3853028359
2022-07-07,LAB_EQ_USD_B,146.5219315719
2022-07-08,LAB_EQ_USD_B,143.8110436975
2022-07-11,LAB_EQ_USD_B,146.0954733517
2022-07-12,LAB_EQ_USD_B,148.2213869596
2022-07-13,LAB_EQ_USD_B,149.4768976846
2022-07-14,LAB_EQ_USD_B,153.7724856060
2022-07-15,LAB_EQ_USD_B,156.7109171756
2022-07-18,LAB_EQ_USD_B,158.8333004500
2022-07-19,LAB_EQ_USD_B,161.9320232765
2022-07-20,LAB_EQ_USD_B,158.4751824820
2022-07-21,LAB_EQ_USD_B,159.3138977104
2022-07-22,LAB_EQ_USD_B,154.9186720307
2022-07-25,LAB_EQ_USD_B,154.8506531715
2022-07-26,LAB_EQ_USD_B,153.2508895904
2022-07-27,LAB_EQ_USD_B,149.8192593443
2022-07-28,LAB_EQ_USD_B,148.2594120185
2022-07-29,LAB_EQ_USD_B,148.9189467895
2022-08-01,LAB_EQ_USD_B,147.0283319373
2022-08-02,LAB_EQ_USD_B,148.8803683032
2022-08-03,LAB_EQ_USD_B,151.1974247451
2022-08-04,LAB_EQ_USD_B,150.0895551614
2022-08-05,LAB_EQ_USD_B,150.6033566254
2022-08-08,LAB_EQ_USD_B,152.5812936191
2022-08-09,LAB_EQ_USD_B,153.4773351947
2022-08-10,LAB_EQ_USD_B,153.4910848576
2022-08-11,LAB_EQ_USD_B,156.3520161521
2022-08-12,LAB_EQ_USD_B,153.0572805492
2022-08-15,LAB_EQ_USD_B,152.7189108489
2022-08-16,LAB_EQ_USD_B,150.5068111220
2022-08-17,LAB_EQ_USD_B,156.8375714400
2022-08-18,LAB_EQ_USD_B,154.4672405405
2022-08-19,LAB_EQ_USD_B,156.0715440013
2022-08-22,LAB_EQ_USD_B,158.0447373435
2022-08-23,LAB_EQ_USD_B,160.2267118548
2022-08-24,LAB_EQ_USD_B,163.5585169557
2022-08-25,LAB_EQ_USD_B,164.6325110588
2022-08-26,LAB_EQ_USD_B,162.0740263452
2022-08-29,LAB_EQ_USD_B,162.4509089566
2022-08-30,LAB_EQ_USD_B,163.3053462315
2022-08-31,LAB_EQ_USD_B,163.5573733106
2022-09-01,LAB_EQ_USD_B,162.0912387136
2022-09-02,LAB_EQ_USD_B,161.2080353119
2022-09-05,LAB_EQ_USD_B,163.1345289187
2022-09-06,LAB_EQ_USD_B,161.0610786586
2022-09-07,LAB_EQ_USD_B,160.9477954930
2022-09-08,LAB_EQ_USD_B,160.2205360182
2022-09-09,LAB_EQ_USD_B,161.5756898235
2022-09-12,LAB_EQ_USD_B,163.7576602108
2022-09-13,LAB_EQ_USD_B,167.1156920021
2022-09-14,LAB_EQ_USD_B,168.7607809382
2022-09-15,LAB_EQ_USD_B,167.6901912305
2022-09-16,LAB_EQ_USD_B,170.5391109281
2022-09-19,LAB_EQ_USD_B,171.9870613477
2022-09-20,LAB_EQ_USD_B,170.6351754634
2022-09-21,LAB_EQ_USD_B,170.8821687602
2022-09-22,LAB_EQ_USD_B,171.9912272137
2022-09-23,LAB_EQ_USD_B,171.4385921567
2022-09-26,LAB_EQ_USD_B,171.3746332151
2022-09-27,LAB_EQ_USD_B,170.5878777845
2022-09-28,LAB_EQ_USD_B,166.4302655416
2022-09-29,LAB_EQ_USD_B,165.0007742165
2022-09-30,LAB_EQ_USD_B,164.9292457017
2022-10-03,LAB_EQ_USD_B,162.5412158899
2022-10-04,LAB_EQ_USD_B,162.2135737166
2022-10-05,LAB_EQ_USD_B,163.0554103101
2022-10-06,LAB_EQ_USD_B,162.0577145051
2022-10-07,LAB_EQ_USD_B,164.7864678150
2022-10-10,LAB_EQ_USD_B,166.1033310979
2022-10-11,LAB_EQ_USD_B,167.1560821698
2022-10-12,LAB_EQ_USD_B,162.1493813013
2022-10-13,LAB_EQ_USD_B,165.4167299703
2022-10-14,LAB_EQ_USD_B,165.0132843602
2022-10-17,LAB_EQ_USD_B,161.9601209284
2022-10-18,LAB_EQ_USD_B,161.6339279472
2022-10-19,LAB_EQ_USD_B,162.8339627571
2022-10-20,LAB_EQ_USD_B,164.9220838166
2022-10-21,LAB_EQ_USD_B,160.2664927784
2022-10-24,LAB_EQ_USD_B,164.5210798662
2022-10-25,LAB_EQ_USD_B,163.8855332107
2022-10-26,LAB_EQ_USD_B,165.6054385976
2022-10-27,LAB_EQ_USD_B,163.2576795530
2022-10-28,LAB_EQ_USD_B,161.7496408484
2022-10-31,LAB_EQ_USD_B,163.0665604423
2022-11-01,LAB_EQ_USD_B,164.5418241451
2022-11-02,LAB_EQ_USD_B,162.7599419646
2022-11-03,LAB_EQ_USD_B,162.4307939858
2022-11-04,LAB_EQ_USD_B,162.6114568038
2022-11-07,LAB_EQ_USD_B,163.2084845041
2022-11-08,LAB_EQ_USD_B,163.9589932359
2022-11-09,LAB_EQ_USD_B,160.7801808522
2022-11-10,LAB_EQ_USD_B,160.9650729723
2022-11-11,LAB_EQ_USD_B,160.0797486465
2022-11-14,LAB_EQ_USD_B,158.1677858096
2022-11-15,LAB_EQ_USD_B,156.4716514054
2022-11-16,LAB_EQ_USD_B,153.4173035989
2022-11-17,LAB_EQ_USD_B,153.9158617865
2022-11-18,LAB_EQ_USD_B,156.3280597949
2022-11-21,LAB_EQ_USD_B,152.9006490184
2022-11-22,LAB_EQ_USD_B,150.6795013288
2022-11-23,LAB_EQ_USD_B,150.3468649053
2022-11-24,LAB_EQ_USD_B,152.9465739014
2022-11-25,LAB_EQ_USD_B,150.1443544156
2022-11-28,LAB_EQ_USD_B,147.5878874054
2022-11-29,LAB_EQ_USD_B,148.9194734060
2022-11-30,LAB_EQ_USD_B,147.8149555854
2022-12-01,LAB_EQ_USD_B,150.4295899542
2022-12-02,LAB_EQ_USD_B,152.0016135250
2022-12-05,LAB_EQ_USD_B,153.7502552221
2022-12-06,LAB_EQ_USD_B,154.6284922976
2022-12-07,LAB_EQ_USD_B,154.6235623497
2022-12-08,LAB_EQ_USD_B,153.8776574379
2022-12-09,LAB_EQ_USD_B,153.7663077919
2022-12-12,LAB_EQ_USD_B,153.7595688064
2022-12-13,LAB_EQ_USD_B,154.9289725333
2022-12-14,LAB_EQ_USD_B,157.3862483964
2022-12-15,LAB_EQ_USD_B,158.5334499477
2022-12-16,LAB_EQ_USD_B,159.4533184905
2022-12-19,LAB_EQ_USD_B,160.8548462342
2022-12-20,LAB_EQ_USD_B,158.0557912644
2022-12-21,LAB_EQ_USD_B,160.9172155331
2022-12-22,LAB_EQ_USD_B,160.3224509662
2022-12-23,LAB_EQ_USD_B,155.6049969257
2022-12-26,LAB_EQ_USD_B,155.3114434147
2022-12-27,LAB_EQ_USD_B,156.1192531805
2022-12-28,LAB_EQ_USD_B,157.3921960565
2022-12-29,LAB_EQ_USD_B,156.0268075865
2022-12-30,LAB_EQ_USD_B,158.6850882548
2023-01-02,LAB_EQ_USD_B,164.1834828997
2023-01-03,LAB_EQ_USD_B,164.8687566800
2023-01-04,LAB_EQ_USD_B,163.8636527884
2023-01-05,LAB_EQ_USD_B,165.0789022802
2023-01-06,LAB_EQ_USD_B,165.3794545611
2023-01-09,LAB_EQ_USD_B,162.7455138907
2023-01-10,LAB_EQ_USD_B,166.6164747442
2023-01-11,LAB_EQ_USD_B,162.4842657938
2023-01-12,LAB_EQ_USD_B,161.6223483435
2023-01-13,LAB_EQ_USD_B,163.2772315462
2023-01-16,LAB_EQ_USD_B,161.7346937021
2023-01-17,LAB_EQ_USD_B,161.3468300294
2023-01-18,LAB_EQ_USD_B,162.2334688322
2023-01-19,LAB_EQ_USD_B,161.8157717159
2023-01-20,LAB_EQ_USD_B,159.2152897290
2023-01-23,LAB_EQ_USD_B,161.3236893534
2023-01-24,LAB_EQ_USD_B,156.7016570780
2023-01-25,LAB_EQ_USD_B,157.6499553871
2023-01-26,LAB_EQ_USD_B,155.8029504904
2023-01-27,LAB_EQ_USD_B,158.7806649000
2023-01-30,LAB_EQ_USD_B,159.5505585531
2023-01-31,LAB_EQ_USD_B,155.0969763845
2023-02-01,LAB_EQ_USD_B,156.9234309653
2023-02-02,LAB_EQ_USD_B,160.2282672730
2023-02-03,LAB_EQ_USD_B,160.3404953367
2023-02-06,LAB_EQ_USD_B,161.6311648843
2023-02-07,LAB_EQ_USD_B,159.3818220329
2023-02-08,LAB_EQ_USD_B,160.4479254735
2023-02-09,LAB_EQ_USD_B,162.6583217677
2023-02-10,LAB_EQ_USD_B,160.4437176795
2023-02-13,LAB_EQ_USD_B,161.1696633531
2023-02-14,LAB_EQ_USD_B,162.8768455271
2023-02-15,LAB_EQ_USD_B,162.3013035308
2023-02-16,LAB_EQ_USD_B,157.6196971877
2023-02-17,LAB_EQ_USD_B,157.4123142750
2023-02-20,LAB_EQ_USD_B,158.2682251020
2023-02-21,LAB_EQ_USD_B,162.4915469501
2023-02-22,LAB_EQ_USD_B,162.8138049990
2023-02-23,LAB_EQ_USD_B,164.4878608837
2023-02-24,LAB_EQ_USD_B,164.6518646949
2023-02-27,LAB_EQ_USD_B,163.3473495323
2023-02-28,LAB_EQ_USD_B,163.6984996187
2023-03-01,LAB_EQ_USD_B,162.5948080926
2023-03-02,LAB_EQ_USD_B,162.8567542699
2023-03-03,LAB_EQ_USD_B,159.6602598963
2023-03-06,LAB_EQ_USD_B,160.1635796114
2023-03-07,LAB_EQ_USD_B,163.4392575424
2023-03-08,LAB_EQ_USD_B,162.5121456964
2023-03-09,LAB_EQ_USD_B,162.7251752677
2023-03-10,LAB_EQ_USD_B,163.2138513830
2023-03-13,LAB_EQ_USD_B,162.0644266120
2023-03-14,LAB_EQ_USD_B,168.0873453780
2023-03-15,LAB_EQ_USD_B,170.8312010329
2023-03-16,LAB_EQ_USD_B,168.8044109173
2023-03-17,LAB_EQ_USD_B,166.5084194367
2023-03-20,LAB_EQ_USD_B,165.8586183121
2023-03-21,LAB_EQ_USD_B,164.8353851377
2023-03-22,LAB_EQ_USD_B,167.1366527406
2023-03-23,LAB_EQ_USD_B,166.9678300953
2023-03-24,LAB_EQ_USD_B,164.9579635303
2023-03-27,LAB_EQ_USD_B,163.1604974459
2023-03-28,LAB_EQ_USD_B,160.9341524414
2023-03-29,LAB_EQ_USD_B,165.3929016914
2023-03-30,LAB_EQ_USD_B,168.4597904223
2023-03-31,LAB_EQ_USD_B,168.6968765965
2023-04-03,LAB_EQ_USD_B,169.8992105563
2023-04-04,LAB_EQ_USD_B,164.2394926918
2023-04-05,LAB_EQ_USD_B,164.0945681815
2023-04-06,LAB_EQ_USD_B,159.8511833622
2023-04-07,LAB_EQ_USD_B,161.1414494465
2023-04-10,LAB_EQ_USD_B,157.1092878088
2023-04-11,LAB_EQ_USD_B,158.3121359362
2023-04-12,LAB_EQ_USD_B,159.3857127165
2023-04-13,LAB_EQ_USD_B,158.7640422301
2023-04-14,LAB_EQ_USD_B,158.0287138566
2023-04-17,LAB_EQ_USD_B,157.6829851855
2023-04-18,LAB_EQ_USD_B,155.6720864333
2023-04-19,LAB_EQ_USD_B,153.4822994261
2023-04-20,LAB_EQ_USD_B,153.1697673546
2023-04-21,LAB_EQ_USD_B,151.2649117136
2023-04-24,LAB_EQ_USD_B,148.6899922664
2023-04-25,LAB_EQ_USD_B,147.3253665311
2023-04-26,LAB_EQ_USD_B,145.8131389191
2023-04-27,LAB_EQ_USD_B,142.9249710380
2023-04-28,LAB_EQ_USD_B,145.3496686739
2023-05-01,LAB_EQ_USD_B,145.1372655423
2023-05-02,LAB_EQ_USD_B,144.5021803759
2023-05-03,LAB_EQ_USD_B,145.3826783557
2023-05-04,LAB_EQ_USD_B,144.6893350965
2023-05-05,LAB_EQ_USD_B,145.5594955085
2023-05-08,LAB_EQ_USD_B,141.4365442683
2023-05-09,LAB_EQ_USD_B,138.2624939591
2023-05-10,LAB_EQ_USD_B,138.9055010475
2023-05-11,LAB_EQ_USD_B,139.3231261750
2023-05-12,LAB_EQ_USD_B,142.5478168931
2023-05-15,LAB_EQ_USD_B,140.0452161534
2023-05-16,LAB_EQ_USD_B,142.9762585814
2023-05-17,LAB_EQ_USD_B,140.5028916978
2023-05-18,LAB_EQ_USD_B,140.5304700204
2023-05-19,LAB_EQ_USD_B,137.7690368572
2023-05-22,LAB_EQ_USD_B,139.2519385235
2023-05-23,LAB_EQ_USD_B,137.3767567936
2023-05-24,LAB_EQ_USD_B,136.6918990382
2023-05-25,LAB_EQ_USD_B,138.2203041325
2023-05-26,LAB_EQ_USD_B,137.0556263474
2023-05-29,LAB_EQ_USD_B,136.4580214752
2023-05-30,LAB_EQ_USD_B,132.9138525451
2023-05-31,LAB_EQ_USD_B,132.4706816605
2023-06-01,LAB_EQ_USD_B,134.0693576002
2023-06-02,LAB_EQ_USD_B,136.9353032268
2023-06-05,LAB_EQ_USD_B,135.8698678625
2023-06-06,LAB_EQ_USD_B,137.1931542384
2023-06-07,LAB_EQ_USD_B,139.4828620209
2023-06-08,LAB_EQ_USD_B,139.3227138294
2023-06-09,LAB_EQ_USD_B,143.1977515294
2023-06-12,LAB_EQ_USD_B,142.8961348381
2023-06-13,LAB_EQ_USD_B,142.7221556585
2023-06-14,LAB_EQ_USD_B,145.7393359131
2023-06-15,LAB_EQ_USD_B,145.8193051669
2023-06-16,LAB_EQ_USD_B,144.6672170850
2023-06-19,LAB_EQ_USD_B,142.3782883519
2023-06-20,LAB_EQ_USD_B,140.5220275110
2023-06-21,LAB_EQ_USD_B,138.0028042228
2023-06-22,LAB_EQ_USD_B,136.2521895532
2023-06-23,LAB_EQ_USD_B,132.3431068975
2023-06-26,LAB_EQ_USD_B,134.8504527140
2023-06-27,LAB_EQ_USD_B,137.0972677463
2023-06-28,LAB_EQ_USD_B,135.5149955681
2023-06-29,LAB_EQ_USD_B,135.7987896286
2023-06-30,LAB_EQ_USD_B,136.0104831614
2023-07-03,LAB_EQ_USD_B,137.9735205560
2023-07-04,LAB_EQ_USD_B,140.2975516949
2023-07-05,LAB_EQ_USD_B,137.4391836170
2023-07-06,LAB_EQ_USD_B,139.0675984080
2023-07-07,LAB_EQ_USD_B,136.9959169931
2023-07-10,LAB_EQ_USD_B,136.2920430575
2023-07-11,LAB_EQ_USD_B,141.1531075613
2023-07-12,LAB_EQ_USD_B,140.8111915805
2023-07-13,LAB_EQ_USD_B,140.9552370337
2023-07-14,LAB_EQ_USD_B,135.9753269104
2023-07-17,LAB_EQ_USD_B,134.3931101402
2023-07-18,LAB_EQ_USD_B,135.9679076655
2023-07-19,LAB_EQ_USD_B,135.4734955972
2023-07-20,LAB_EQ_USD_B,135.5000421357
2023-07-21,LAB_EQ_USD_B,134.5704554168
2023-07-24,LAB_EQ_USD_B,136.1451844913
2023-07-25,LAB_EQ_USD_B,136.7143879325
2023-07-26,LAB_EQ_USD_B,137.3267038852
2023-07-27,LAB_EQ_USD_B,138.2038977494
2023-07-28,LAB_EQ_USD_B,135.9939505998
2023-07-31,LAB_EQ_USD_B,135.2849539474
2023-08-01,LAB_EQ_USD_B,132.9359999223
2023-08-02,LAB_EQ_USD_B,136.9319157610
2023-08-03,LAB_EQ_USD_B,137.8062817841
2023-08-04,LAB_EQ_USD_B,140.9821035816
2023-08-07,LAB_EQ_USD_B,141.8620601632
2023-08-08,LAB_EQ_USD_B,139.0642416987
2023-08-09,LAB_EQ_USD_B,140.2289092004
2023-08-10,LAB_EQ_USD_B,141.3885613647
2023-08-11,LAB_EQ_USD_B,142.4270546468
2023-08-14,LAB_EQ_USD_B,136.4159405324
2023-08-15,LAB_EQ_USD_B,134.7655132297
2023-08-16,LAB_EQ_USD_B,135.0330005391
2023-08-17,LAB_EQ_USD_B,138.0308697202
2023-08-18,LAB_EQ_USD_B,137.2307571510
2023-08-21,LAB_EQ_USD_B,138.0246690154
2023-08-22,LAB_EQ_USD_B,140.0433876240
2023-08-23,LAB_EQ_USD_B,138.5629357467
2023-08-24,LAB_EQ_USD_B,141.6720850418
2023-08-25,LAB_EQ_USD_B,142.7937461930
2023-08-28,LAB_EQ_USD_B,142.5184019592
2023-08-29,LAB_EQ_USD_B,144.6301777562
2023-08-30,LAB_EQ_USD_B,143.9277347992
2023-08-31,LAB_EQ_USD_B,145.0707803613
2023-09-01,LAB_EQ_USD_B,143.7644211987
2023-09-04,LAB_EQ_USD_B,142.6896761023
2023-09-05,LAB_EQ_USD_B,144.4294192442
2023-09-06,LAB_EQ_USD_B,146.4896721084
2023-09-07,LAB_EQ_USD_B,148.1341328219
2023-09-08,LAB_EQ_USD_B,149.1308365010
2023-09-11,LAB_EQ_USD_B,150.6194721946
2023-09-12,LAB_EQ_USD_B,150.6219653699
2023-09-13,LAB_EQ_USD_B,153.6767264431
2023-09-14,LAB_EQ_USD_B,150.8818815143
2023-09-15,LAB_EQ_USD_B,148.5191404788
2023-09-18,LAB_EQ_USD_B,147.9856798401
2023-09-19,LAB_EQ_USD_B,145.2510655488
2023-09-20,LAB_EQ_USD_B,146.8842041470
2023-09-21,LAB_EQ_USD_B,149.7149500244
2023-09-22,LAB_EQ_USD_B,149.2304744118
2023-09-25,LAB_EQ_USD_B,149.0627458627
2023-09-26,LAB_EQ_USD_B,147.2974303264
2023-09-27,LAB_EQ_USD_B,144.5347650751
2023-09-28,LAB_EQ_USD_B,143.1581388406
2023-09-29,LAB_EQ_USD_B,145.3136203089
2023-10-02,LAB_EQ_USD_B,143.6100090469
2023-10-03,LAB_EQ_USD_B,145.0165120363
2023-10-04,LAB_EQ_USD_B,142.8794763613
2023-10-05,LAB_EQ_USD_B,142.7960427469
2023-10-06,LAB_EQ_USD_B,143.7408666207
2023-10-09,LAB_EQ_USD_B,143.7041891293
2023-10-10,LAB_EQ_USD_B,146.4840601373
2023-10-11,LAB_EQ_USD_B,143.0395089808
2023-10-12,LAB_EQ_USD_B,144.8034561344
2023-10-13,LAB_EQ_USD_B,143.7801660804
2023-10-16,LAB_EQ_USD_B,144.8327653605
2023-10-17,LAB_EQ_USD_B,140.3953134921
2023-10-18,LAB_EQ_USD_B,142.8959622614
2023-10-19,LAB_EQ_USD_B,144.9711531942
2023-10-20,LAB_EQ_USD_B,142.2757496934
2023-10-23,LAB_EQ_USD_B,140.5469412307
2023-10-24,LAB_EQ_USD_B,137.8582500460
2023-10-25,LAB_EQ_USD_B,136.4554208639
2023-10-26,LAB_EQ_USD_B,135.3365887762
2023-10-27,LAB_EQ_USD_B,137.3295225126
2023-10-30,LAB_EQ_USD_B,138.0949233141
2023-10-31,LAB_EQ_USD_B,135.9817675438
2023-11-01,LAB_EQ_USD_B,135.8699283686
2023-11-02,LAB_EQ_USD_B,132.9149343345
2023-11-03,LAB_EQ_USD_B,134.6638735729
2023-11-06,LAB_EQ_USD_B,132.4069701390
2023-11-07,LAB_EQ_USD_B,133.8809231967
2023-11-08,LAB_EQ_USD_B,132.5564810019
2023-11-09,LAB_EQ_USD_B,134.9177727418
2023-11-10,LAB_EQ_USD_B,137.0969100194
2023-11-13,LAB_EQ_USD_B,136.8970227886
2023-11-14,LAB_EQ_USD_B,134.9121527080
2023-11-15,LAB_EQ_USD_B,133.1093632119
2023-11-16,LAB_EQ_USD_B,132.7682424919
2023-11-17,LAB_EQ_USD_B,134.9560564629
2023-11-20,LAB_EQ_USD_B,137.8268488953
2023-11-21,LAB_EQ_USD_B,136.8007709106
2023-11-22,LAB_EQ_USD_B,136.5150160684
2023-11-23,LAB_EQ_USD_B,129.5572029559
2023-11-24,LAB_EQ_USD_B,127.7537531589
2023-11-27,LAB_EQ_USD_B,127.0134479697
2023-11-28,LAB_EQ_USD_B,126.5199912266
2023-11-29,LAB_EQ_USD_B,125.9679973411
2023-11-30,LAB_EQ_USD_B,125.2465211355
2023-12-01,LAB_EQ_USD_B,126.5392650666
2023-12-04,LAB_EQ_USD_B,126.7218134853
2023-12-05,LAB_EQ_USD_B,129.8129561470
2023-12-06,LAB_EQ_USD_B,129.2900777381
2023-12-07,LAB_EQ_USD_B,130.7287052906
2023-12-08,LAB_EQ_USD_B,130.5497339282
2023-12-11,LAB_EQ_USD_B,129.4497446702
2023-12-12,LAB_EQ_USD_B,129.6021247558
2023-12-13,LAB_EQ_USD_B,129.1193745350
2023-12-14,LAB_EQ_USD_B,126.1413260135
2023-12-15,LAB_EQ_USD_B,125.9215576556
2023-12-18,LAB_EQ_USD_B,126.2365834409
2023-12-19,LAB_EQ_USD_B,129.7539241850
2023-12-20,LAB_EQ_USD_B,127.5086772890
2023-12-21,LAB_EQ_USD_B,128.5492403219
2023-12-22,LAB_EQ_USD_B,128.6389515772
2023-12-25,LAB_EQ_USD_B,129.7099526140
2023-12-26,LAB_EQ_USD_B,127.9986675339
2023-12-27,LAB_EQ_USD_B,128.6442994335
2023-12-28,LAB_EQ_USD_B,128.2321021595
2023-12-29,LAB_EQ_USD_B,127.0409705115
2024-01-01,LAB_EQ_USD_B,125.7874483350
2024-01-02,LAB_EQ_USD_B,124.9689359496
2024-01-03,LAB_EQ_USD_B,122.4440730743
2024-01-04,LAB_EQ_USD_B,121.2162132569
2024-01-05,LAB_EQ_USD_B,121.0517685109
2024-01-08,LAB_EQ_USD_B,119.5835486329
2024-01-09,LAB_EQ_USD_B,119.8635885269
2024-01-10,LAB_EQ_USD_B,120.4195362025
2024-01-11,LAB_EQ_USD_B,120.4200797537
2024-01-12,LAB_EQ_USD_B,118.4258589784
2024-01-15,LAB_EQ_USD_B,120.1869311690
2024-01-16,LAB_EQ_USD_B,122.8220103558
2024-01-17,LAB_EQ_USD_B,124.4234857832
2024-01-18,LAB_EQ_USD_B,122.3188970914
2024-01-19,LAB_EQ_USD_B,122.5575579054
2024-01-22,LAB_EQ_USD_B,123.1800068272
2024-01-23,LAB_EQ_USD_B,121.5879751661
2024-01-24,LAB_EQ_USD_B,122.6960893136
2024-01-25,LAB_EQ_USD_B,121.0580630550
2024-01-26,LAB_EQ_USD_B,121.1698375770
2024-01-29,LAB_EQ_USD_B,119.5045204130
2024-01-30,LAB_EQ_USD_B,121.2940637695
2024-01-31,LAB_EQ_USD_B,122.1784245521
2024-02-01,LAB_EQ_USD_B,121.6419252188
2024-02-02,LAB_EQ_USD_B,123.0054462389
2024-02-05,LAB_EQ_USD_B,123.0847095755
2024-02-06,LAB_EQ_USD_B,122.7063459229
2024-02-07,LAB_EQ_USD_B,120.4492679382
2024-02-08,LAB_EQ_USD_B,121.1631261813
2024-02-09,LAB_EQ_USD_B,122.2482820544
2024-02-12,LAB_EQ_USD_B,121.4393417659
2024-02-13,LAB_EQ_USD_B,120.9858252666
2024-02-14,LAB_EQ_USD_B,119.3011477694
2024-02-15,LAB_EQ_USD_B,117.4673808964
2024-02-16,LAB_EQ_USD_B,114.1888718391
2024-02-19,LAB_EQ_USD_B,113.9788256163
2024-02-20,LAB_EQ_USD_B,113.9282239189
2024-02-21,LAB_EQ_USD_B,113.3355656034
2024-02-22,LAB_EQ_USD_B,116.4841708714
2024-02-23,LAB_EQ_USD_B,117.6435378684
2024-02-26,LAB_EQ_USD_B,116.5558708324
2024-02-27,LAB_EQ_USD_B,118.4896190125
2024-02-28,LAB_EQ_USD_B,119.2732607121
2024-02-29,LAB_EQ_USD_B,119.1938099192
2024-03-01,LAB_EQ_USD_B,118.8382948540
2024-03-04,LAB_EQ_USD_B,118.3238473623
2024-03-05,LAB_EQ_USD_B,118.7920562921
2024-03-06,LAB_EQ_USD_B,117.5336348104
2024-03-07,LAB_EQ_USD_B,118.7245928382
2024-03-08,LAB_EQ_USD_B,117.8103403532
2024-03-11,LAB_EQ_USD_B,116.3248849540
2024-03-12,LAB_EQ_USD_B,119.0398618738
2024-03-13,LAB_EQ_USD_B,119.5007797695
2024-03-14,LAB_EQ_USD_B,118.7143116691
2024-03-15,LAB_EQ_USD_B,119.6242764920
2024-03-18,LAB_EQ_USD_B,117.6871646995
2024-03-19,LAB_EQ_USD_B,113.1966986775
2024-03-20,LAB_EQ_USD_B,115.6919942250
2024-03-21,LAB_EQ_USD_B,116.3728803404
2024-03-22,LAB_EQ_USD_B,117.1780840811
2024-03-25,LAB_EQ_USD_B,119.4439472062
2024-03-26,LAB_EQ_USD_B,119.5797466750
2024-03-27,LAB_EQ_USD_B,119.6806604680
2024-03-28,LAB_EQ_USD_B,120.6645847385
2024-03-29,LAB_EQ_USD_B,119.9793545897
2024-04-01,LAB_EQ_USD_B,118.3776634030
2024-04-02,LAB_EQ_USD_B,119.9400307267
2024-04-03,LAB_EQ_USD_B,119.1144155935
2024-04-04,LAB_EQ_USD_B,122.4695402013
2024-04-05,LAB_EQ_USD_B,123.8666734147
2024-04-08,LAB_EQ_USD_B,124.7588055640
2024-04-09,LAB_EQ_USD_B,122.1590783984
2024-04-10,LAB_EQ_USD_B,126.7740739877
2024-04-11,LAB_EQ_USD_B,126.1104639235
2024-04-12,LAB_EQ_USD_B,125.5362027089
2024-04-15,LAB_EQ_USD_B,123.8882156462
2024-04-16,LAB_EQ_USD_B,124.4424492108
2024-04-17,LAB_EQ_USD_B,125.8189250130
2024-04-18,LAB_EQ_USD_B,126.8813945295
2024-04-19,LAB_EQ_USD_B,129.0405443308
2024-04-22,LAB_EQ_USD_B,130.0182643020
2024-04-23,LAB_EQ_USD_B,126.5659263314
2024-04-24,LAB_EQ_USD_B,128.5970102072
2024-04-25,LAB_EQ_USD_B,127.6993787108
2024-04-26,LAB_EQ_USD_B,131.2586835684
2024-04-29,LAB_EQ_USD_B,130.9049819107
2024-04-30,LAB_EQ_USD_B,128.3740870812
2024-05-01,LAB_EQ_USD_B,130.0819721647
2024-05-02,LAB_EQ_USD_B,133.3575417816
2024-05-03,LAB_EQ_USD_B,133.6083267848
2024-05-06,LAB_EQ_USD_B,134.2014733282
2024-05-07,LAB_EQ_USD_B,137.1848227704
2024-05-08,LAB_EQ_USD_B,137.0786850384
2024-05-09,LAB_EQ_USD_B,135.3559064698
2024-05-10,LAB_EQ_USD_B,133.7740004314
2024-05-13,LAB_EQ_USD_B,135.5431035083
2024-05-14,LAB_EQ_USD_B,132.1822567092
2024-05-15,LAB_EQ_USD_B,134.6190914116
2024-05-16,LAB_EQ_USD_B,135.6761403595
2024-05-17,LAB_EQ_USD_B,133.8891537444
2024-05-20,LAB_EQ_USD_B,129.2397177199
2024-05-21,LAB_EQ_USD_B,129.6038613770
2024-05-22,LAB_EQ_USD_B,134.4398952117
2024-05-23,LAB_EQ_USD_B,136.6712684178
2024-05-24,LAB_EQ_USD_B,135.2818316352
2024-05-27,LAB_EQ_USD_B,132.9230549519
2024-05-28,LAB_EQ_USD_B,131.1068080061
2024-05-29,LAB_EQ_USD_B,127.2916897728
2024-05-30,LAB_EQ_USD_B,125.9225480147
2024-05-31,LAB_EQ_USD_B,125.4320345575
2024-06-03,LAB_EQ_USD_B,127.6021446666
2024-06-04,LAB_EQ_USD_B,125.9510073537
2024-06-05,LAB_EQ_USD_B,127.9743244130
2024-06-06,LAB_EQ_USD_B,131.1621875020
2024-06-07,LAB_EQ_USD_B,131.2875989992
2024-06-10,LAB_EQ_USD_B,129.6891758828
2024-06-11,LAB_EQ_USD_B,131.9443777395
2024-06-12,LAB_EQ_USD_B,132.2729140437
2024-06-13,LAB_EQ_USD_B,131.6679364956
2024-06-14,LAB_EQ_USD_B,130.9811581483
2024-06-17,LAB_EQ_USD_B,128.2803289424
2024-06-18,LAB_EQ_USD_B,127.0343384410
2024-06-19,LAB_EQ_USD_B,126.7427496471
2024-06-20,LAB_EQ_USD_B,132.8177517083
2024-06-21,LAB_EQ_USD_B,136.9735518954
2024-06-24,LAB_EQ_USD_B,138.4865238332
2024-06-25,LAB_EQ_USD_B,134.4534105524
2024-06-26,LAB_EQ_USD_B,133.0288401507
2024-06-27,LAB_EQ_USD_B,133.2285663209
2024-06-28,LAB_EQ_USD_B,133.4400538253
2024-07-01,LAB_EQ_USD_B,134.6737369069
2024-07-02,LAB_EQ_USD_B,135.7144388805
2024-07-03,LAB_EQ_USD_B,135.9984877883
2024-07-04,LAB_EQ_USD_B,135.1198748637
2024-07-05,LAB_EQ_USD_B,135.8921071898
2024-07-08,LAB_EQ_USD_B,136.2622881216
2024-07-09,LAB_EQ_USD_B,137.3408900206
2024-07-10,LAB_EQ_USD_B,141.1645548609
2024-07-11,LAB_EQ_USD_B,142.9996522750
2024-07-12,LAB_EQ_USD_B,142.5480722919
2024-07-15,LAB_EQ_USD_B,141.4720091744
2024-07-16,LAB_EQ_USD_B,146.3234469373
2024-07-17,LAB_EQ_USD_B,145.6722340774
2024-07-18,LAB_EQ_USD_B,146.6815765659
2024-07-19,LAB_EQ_USD_B,146.6631447208
2024-07-22,LAB_EQ_USD_B,147.5334656069
2024-07-23,LAB_EQ_USD_B,146.1662080232
2024-07-24,LAB_EQ_USD_B,144.1055833035
2024-07-25,LAB_EQ_USD_B,143.0092014243
2024-07-26,LAB_EQ_USD_B,141.8715312336
2024-07-29,LAB_EQ_USD_B,144.5702906408
2024-07-30,LAB_EQ_USD_B,146.4852192577
2024-07-31,LAB_EQ_USD_B,145.6932040104
2024-08-01,LAB_EQ_USD_B,147.7533580223
2024-08-02,LAB_EQ_USD_B,150.4420706428
2024-08-05,LAB_EQ_USD_B,148.4911318289
2024-08-06,LAB_EQ_USD_B,146.2923643603
2024-08-07,LAB_EQ_USD_B,150.3315113457
2024-08-08,LAB_EQ_USD_B,153.2398487303
2024-08-09,LAB_EQ_USD_B,153.5290361586
2024-08-12,LAB_EQ_USD_B,150.7522083060
2024-08-13,LAB_EQ_USD_B,150.5945678693
2024-08-14,LAB_EQ_USD_B,152.4395018633
2024-08-15,LAB_EQ_USD_B,153.3527087288
2024-08-16,LAB_EQ_USD_B,153.5053615534
2024-08-19,LAB_EQ_USD_B,149.2979323981
2024-08-20,LAB_EQ_USD_B,150.4634954458
2024-08-21,LAB_EQ_USD_B,147.3995223882
2024-08-22,LAB_EQ_USD_B,142.2470396331
2024-08-23,LAB_EQ_USD_B,146.9752018696
2024-08-26,LAB_EQ_USD_B,146.5740465479
2024-08-27,LAB_EQ_USD_B,146.4773694852
2024-08-28,LAB_EQ_USD_B,147.7894265761
2024-08-29,LAB_EQ_USD_B,150.0391719548
2024-08-30,LAB_EQ_USD_B,146.0198238596
2024-09-02,LAB_EQ_USD_B,145.3772144770
2024-09-03,LAB_EQ_USD_B,142.6771420135
2024-09-04,LAB_EQ_USD_B,142.7246392043
2024-09-05,LAB_EQ_USD_B,142.4393824688
2024-09-06,LAB_EQ_USD_B,139.9549082232
2024-09-09,LAB_EQ_USD_B,139.9998430923
2024-09-10,LAB_EQ_USD_B,138.7276879628
2024-09-11,LAB_EQ_USD_B,140.5156302886
2024-09-12,LAB_EQ_USD_B,141.9037648079
2024-09-13,LAB_EQ_USD_B,140.7404165767
2024-09-16,LAB_EQ_USD_B,139.9626575391
2024-09-17,LAB_EQ_USD_B,142.0217864348
2024-09-18,LAB_EQ_USD_B,142.0285277063
2024-09-19,LAB_EQ_USD_B,140.7664571498
2024-09-20,LAB_EQ_USD_B,138.7720114962
2024-09-23,LAB_EQ_USD_B,138.1300459417
2024-09-24,LAB_EQ_USD_B,137.7353752887
2024-09-25,LAB_EQ_USD_B,137.0375982680
2024-09-26,LAB_EQ_USD_B,135.1709437500
2024-09-27,LAB_EQ_USD_B,135.2578000250
2024-09-30,LAB_EQ_USD_B,133.4826359528
2024-10-01,LAB_EQ_USD_B,133.8536580399
2024-10-02,LAB_EQ_USD_B,139.0262443576
2024-10-03,LAB_EQ_USD_B,138.5749431579
2024-10-04,LAB_EQ_USD_B,139.5983588361
2024-10-07,LAB_EQ_USD_B,138.9889666802
2024-10-08,LAB_EQ_USD_B,142.7474502993
2024-10-09,LAB_EQ_USD_B,140.2385601279
2024-10-10,LAB_EQ_USD_B,142.2788753937
2024-10-11,LAB_EQ_USD_B,142.7363732376
2024-10-14,LAB_EQ_USD_B,141.0885645133
2024-10-15,LAB_EQ_USD_B,140.5108724314
2024-10-16,LAB_EQ_USD_B,140.4705768519
2024-10-17,LAB_EQ_USD_B,140.4192896801
2024-10-18,LAB_EQ_USD_B,142.6818273200
2024-10-21,LAB_EQ_USD_B,140.8330536187
2024-10-22,LAB_EQ_USD_B,139.4489944404
2024-10-23,LAB_EQ_USD_B,135.6382582672
2024-10-24,LAB_EQ_USD_B,135.2601809520
2024-10-25,LAB_EQ_USD_B,134.7959387863
2024-10-28,LAB_EQ_USD_B,136.0033045101
2024-10-29,LAB_EQ_USD_B,133.8110813700
2024-10-30,LAB_EQ_USD_B,134.8608196835
2024-10-31,LAB_EQ_USD_B,137.7871928587
2024-11-01,LAB_EQ_USD_B,136.7160409253
2024-11-04,LAB_EQ_USD_B,137.5871457925
2024-11-05,LAB_EQ_USD_B,141.6441622854
2024-11-06,LAB_EQ_USD_B,140.2650138786
2024-11-07,LAB_EQ_USD_B,142.5647548178
2024-11-08,LAB_EQ_USD_B,141.3197981286
2024-11-11,LAB_EQ_USD_B,141.1715621298
2024-11-12,LAB_EQ_USD_B,141.1188275960
2024-11-13,LAB_EQ_USD_B,139.3564325707
2024-11-14,LAB_EQ_USD_B,138.0003053310
2024-11-15,LAB_EQ_USD_B,139.8261149278
2024-11-18,LAB_EQ_USD_B,139.6373457311
2024-11-19,LAB_EQ_USD_B,140.7719741334
2024-11-20,LAB_EQ_USD_B,138.4145765525
2024-11-21,LAB_EQ_USD_B,137.8035825200
2024-11-22,LAB_EQ_USD_B,138.4781144599
2024-11-25,LAB_EQ_USD_B,138.7113116945
2024-11-26,LAB_EQ_USD_B,137.4958773263
2024-11-27,LAB_EQ_USD_B,137.8122141855
2024-11-28,LAB_EQ_USD_B,137.4964556022
2024-11-29,LAB_EQ_USD_B,138.0373790303
2024-12-02,LAB_EQ_USD_B,140.7357211631
2024-12-03,LAB_EQ_USD_B,141.2493323759
2024-12-04,LAB_EQ_USD_B,142.1534170955
2024-12-05,LAB_EQ_USD_B,142.1158657574
2024-12-06,LAB_EQ_USD_B,141.9690052411
2024-12-09,LAB_EQ_USD_B,139.4946940806
2024-12-10,LAB_EQ_USD_B,137.8260014131
2024-12-11,LAB_EQ_USD_B,138.1979908425
2024-12-12,LAB_EQ_USD_B,137.6409526222
2024-12-13,LAB_EQ_USD_B,137.4998304083
2024-12-16,LAB_EQ_USD_B,138.2183433920
2024-12-17,LAB_EQ_USD_B,136.4019423652
2024-12-18,LAB_EQ_USD_B,141.2891692958
2024-12-19,LAB_EQ_USD_B,139.5614283704
2024-12-20,LAB_EQ_USD_B,137.6951673258
2024-12-23,LAB_EQ_USD_B,137.9173427133
2024-12-24,LAB_EQ_USD_B,137.8234624695
2024-12-25,LAB_EQ_USD_B,137.6109075547
2024-12-26,LAB_EQ_USD_B,137.4990146044
2024-12-27,LAB_EQ_USD_B,132.1784673105
2024-12-30,LAB_EQ_USD_B,129.4977305997
2024-12-31,LAB_EQ_USD_B,131.6539631092
2025-01-01,LAB_EQ_USD_B,133.3835793867
2025-01-02,LAB_EQ_USD_B,134.7220656164
2025-01-03,LAB_EQ_USD_B,133.2457803151
2025-01-06,LAB_EQ_USD_B,134.0700109862
2025-01-07,LAB_EQ_USD_B,135.7933715804
2025-01-08,LAB_EQ_USD_B,139.4212827689
2025-01-09,LAB_EQ_USD_B,138.0675115074
2025-01-10,LAB_EQ_USD_B,138.6857590901
2025-01-13,LAB_EQ_USD_B,136.5981157541
2025-01-14,LAB_EQ_USD_B,139.3403219026
2025-01-15,LAB_EQ_USD_B,137.1500018805
2025-01-16,LAB_EQ_USD_B,137.4177622591
2025-01-17,LAB_EQ_USD_B,134.5398234684
2025-01-20,LAB_EQ_USD_B,136.3459139983
2025-01-21,LAB_EQ_USD_B,134.6754143846
2025-01-22,LAB_EQ_USD_B,135.9774653562
2025-01-23,LAB_EQ_USD_B,137.5244643107
2025-01-24,LAB_EQ_USD_B,138.8952707370
2025-01-27,LAB_EQ_USD_B,136.6464081809
2025-01-28,LAB_EQ_USD_B,136.7885800615
2025-01-29,LAB_EQ_USD_B,137.8383685205
2025-01-30,LAB_EQ_USD_B,137.5842897599
2025-01-31,LAB_EQ_USD_B,143.1738132048
2025-02-03,LAB_EQ_USD_B,145.3500917713
2025-02-04,LAB_EQ_USD_B,145.6312818336
2025-02-05,LAB_EQ_USD_B,148.3099000852
2025-02-06,LAB_EQ_USD_B,148.6780126682
2025-02-07,LAB_EQ_USD_B,147.4262538185
2025-02-10,LAB_EQ_USD_B,149.7525488109
2025-02-11,LAB_EQ_USD_B,147.1446915333
2025-02-12,LAB_EQ_USD_B,143.2944780313
2025-02-13,LAB_EQ_USD_B,144.8524142130
2025-02-14,LAB_EQ_USD_B,144.9821895009
2025-02-17,LAB_EQ_USD_B,144.4158204880
2025-02-18,LAB_EQ_USD_B,142.5380988616
2025-02-19,LAB_EQ_USD_B,141.8089920241
2025-02-20,LAB_EQ_USD_B,137.5955283311
2025-02-21,LAB_EQ_USD_B,134.4886278597
2025-02-24,LAB_EQ_USD_B,134.4786823211
2025-02-25,LAB_EQ_USD_B,136.4665822112
2025-02-26,LAB_EQ_USD_B,133.5909211739
2025-02-27,LAB_EQ_USD_B,134.0412856599
2025-02-28,LAB_EQ_USD_B,133.7313981861
2025-03-03,LAB_EQ_USD_B,134.6996525058
2025-03-04,LAB_EQ_USD_B,134.1776192363
2025-03-05,LAB_EQ_USD_B,130.4237711070
2025-03-06,LAB_EQ_USD_B,132.4256061817
2025-03-07,LAB_EQ_USD_B,128.6333759503
2025-03-10,LAB_EQ_USD_B,128.4182777204
2025-03-11,LAB_EQ_USD_B,125.6070892205
2025-03-12,LAB_EQ_USD_B,125.0116933770
2025-03-13,LAB_EQ_USD_B,124.7098185018
2025-03-14,LAB_EQ_USD_B,124.8355529414
2025-03-17,LAB_EQ_USD_B,125.0786923175
2025-03-18,LAB_EQ_USD_B,127.1930906676
2025-03-19,LAB_EQ_USD_B,129.8285091590
2025-03-20,LAB_EQ_USD_B,126.3768772953
2025-03-21,LAB_EQ_USD_B,126.7377356854
2025-03-24,LAB_EQ_USD_B,126.8793180854
2025-03-25,LAB_EQ_USD_B,124.9238933814
2025-03-26,LAB_EQ_USD_B,125.3114036322
2025-03-27,LAB_EQ_USD_B,127.0171678983
2025-03-28,LAB_EQ_USD_B,127.2190601669
2025-03-31,LAB_EQ_USD_B,126.0938048846
2025-04-01,LAB_EQ_USD_B,123.9757030730
2025-04-02,LAB_EQ_USD_B,122.4002239194
2025-04-03,LAB_EQ_USD_B,121.2532155269
2025-04-04,LAB_EQ_USD_B,119.7835521740
2025-04-07,LAB_EQ_USD_B,119.4631942019
2025-04-08,LAB_EQ_USD_B,120.2085767136
2025-04-09,LAB_EQ_USD_B,120.6694767975
2025-04-10,LAB_EQ_USD_B,120.3080427667
2025-04-11,LAB_EQ_USD_B,119.7613869251
2025-04-14,LAB_EQ_USD_B,114.8986916822
2025-04-15,LAB_EQ_USD_B,115.7961504315
2025-04-16,LAB_EQ_USD_B,113.6740417718
2025-04-17,LAB_EQ_USD_B,115.1751893014
2025-04-18,LAB_EQ_USD_B,117.4643353423
2025-04-21,LAB_EQ_USD_B,116.1084378454
2025-04-22,LAB_EQ_USD_B,114.1630078758
2025-04-23,LAB_EQ_USD_B,114.0941351364
2025-04-24,LAB_EQ_USD_B,115.0681208522
2025-04-25,LAB_EQ_USD_B,116.6754751401
2025-04-28,LAB_EQ_USD_B,115.7009837458
2025-04-29,LAB_EQ_USD_B,113.4790121564
2025-04-30,LAB_EQ_USD_B,113.8953512024
2025-05-01,LAB_EQ_USD_B,116.1179900584
2025-05-02,LAB_EQ_USD_B,115.7771038094
2025-05-05,LAB_EQ_USD_B,116.9079904961
2025-05-06,LAB_EQ_USD_B,114.5952871394
2025-05-07,LAB_EQ_USD_B,114.6766847660
2025-05-08,LAB_EQ_USD_B,113.8536455238
2025-05-09,LAB_EQ_USD_B,113.0771786106
2025-05-12,LAB_EQ_USD_B,113.1154922933
2025-05-13,LAB_EQ_USD_B,111.7172528056
2025-05-14,LAB_EQ_USD_B,111.6562481378
2025-05-15,LAB_EQ_USD_B,111.6004816517
2025-05-16,LAB_EQ_USD_B,110.8459314819
2025-05-19,LAB_EQ_USD_B,112.5513744425
2025-05-20,LAB_EQ_USD_B,112.6058607512
2025-05-21,LAB_EQ_USD_B,116.9628446849
2025-05-22,LAB_EQ_USD_B,115.2637369049
2025-05-23,LAB_EQ_USD_B,113.4098807576
2025-05-26,LAB_EQ_USD_B,115.9968338123
2025-05-27,LAB_EQ_USD_B,116.1473510990
2025-05-28,LAB_EQ_USD_B,115.6947316691
2025-05-29,LAB_EQ_USD_B,114.5136316650
2025-05-30,LAB_EQ_USD_B,113.6252601484
2025-06-02,LAB_EQ_USD_B,115.6504844036
2025-06-03,LAB_EQ_USD_B,116.2439840111
2025-06-04,LAB_EQ_USD_B,116.6083122380
2025-06-05,LAB_EQ_USD_B,114.7420621470
2025-06-06,LAB_EQ_USD_B,115.2078465233
2025-06-09,LAB_EQ_USD_B,116.1566865955
2025-06-10,LAB_EQ_USD_B,116.1091005614
2025-06-11,LAB_EQ_USD_B,115.8866483330
2025-06-12,LAB_EQ_USD_B,117.7341474870
2025-06-13,LAB_EQ_USD_B,114.2455769462
2025-06-16,LAB_EQ_USD_B,112.3173003249
2025-06-17,LAB_EQ_USD_B,112.8239850248
2025-06-18,LAB_EQ_USD_B,111.4903739224
2025-06-19,LAB_EQ_USD_B,110.0802653521
2025-06-20,LAB_EQ_USD_B,111.5548867259
2025-06-23,LAB_EQ_USD_B,109.0022258020
2025-06-24,LAB_EQ_USD_B,110.5840403610
2025-06-25,LAB_EQ_USD_B,111.5129316407
2025-06-26,LAB_EQ_USD_B,110.9563059822
2025-06-27,LAB_EQ_USD_B,109.1602981517
2025-06-30,LAB_EQ_USD_B,108.3069331225
2025-07-01,LAB_EQ_USD_B,106.9424070903
2025-07-02,LAB_EQ_USD_B,107.2322869355
2025-07-03,LAB_EQ_USD_B,105.8804350496
2025-07-04,LAB_EQ_USD_B,107.7624114913
2025-07-07,LAB_EQ_USD_B,106.5433890027
2025-07-08,LAB_EQ_USD_B,103.5608530485
2025-07-09,LAB_EQ_USD_B,104.6187607497
2025-07-10,LAB_EQ_USD_B,103.8898812342
2025-07-11,LAB_EQ_USD_B,103.1157224972
2025-07-14,LAB_EQ_USD_B,99.1999062824
2025-07-15,LAB_EQ_USD_B,101.8511494976
2025-07-16,LAB_EQ_USD_B,102.2008305383
2025-07-17,LAB_EQ_USD_B,101.8618255114
2025-07-18,LAB_EQ_USD_B,100.4155613675
2025-07-21,LAB_EQ_USD_B,99.3991665239
2025-07-22,LAB_EQ_USD_B,101.3060271288
2025-07-23,LAB_EQ_USD_B,100.0853804014
2025-07-24,LAB_EQ_USD_B,99.9593018708
2025-07-25,LAB_EQ_USD_B,101.8715305492
2025-07-28,LAB_EQ_USD_B,102.3841048410
2025-07-29,LAB_EQ_USD_B,102.8129989120
2025-07-30,LAB_EQ_USD_B,103.3445934031
2025-07-31,LAB_EQ_USD_B,103.6028302244
2025-08-01,LAB_EQ_USD_B,102.7506232158
2025-08-04,LAB_EQ_USD_B,107.4036744101
2025-08-05,LAB_EQ_USD_B,108.4896308622
2025-08-06,LAB_EQ_USD_B,106.5778430353
2025-08-07,LAB_EQ_USD_B,105.1845810240
2025-08-08,LAB_EQ_USD_B,105.8387329759
2025-08-11,LAB_EQ_USD_B,104.1872574943
2025-08-12,LAB_EQ_USD_B,104.8257034646
2025-08-13,LAB_EQ_USD_B,105.5337717524
2025-08-14,LAB_EQ_USD_B,104.5622989362
2025-08-15,LAB_EQ_USD_B,106.0069936036
2025-08-18,LAB_EQ_USD_B,105.4006178450
2025-08-19,LAB_EQ_USD_B,103.3586944894
2025-08-20,LAB_EQ_USD_B,101.9101281174
2025-08-21,LAB_EQ_USD_B,102.3322592414
2025-08-22,LAB_EQ_USD_B,101.9370438821
2025-08-25,LAB_EQ_USD_B,101.9710859477
2025-08-26,LAB_EQ_USD_B,100.5206244338
2025-08-27,LAB_EQ_USD_B,98.1700830235
2025-08-28,LAB_EQ_USD_B,95.4963312745
2025-08-29,LAB_EQ_USD_B,93.9431645145
2025-09-01,LAB_EQ_USD_B,95.4105215363
2025-09-02,LAB_EQ_USD_B,98.0249311782
2025-09-03,LAB_EQ_USD_B,96.5674999537
2025-09-04,LAB_EQ_USD_B,94.4256567063
2025-09-05,LAB_EQ_USD_B,96.8973382006
2025-09-08,LAB_EQ_USD_B,93.2356299231
2025-09-09,LAB_EQ_USD_B,93.4864739756
2025-09-10,LAB_EQ_USD_B,94.3323689838
2025-09-11,LAB_EQ_USD_B,92.1268824604
2025-09-12,LAB_EQ_USD_B,92.9991986497
2025-09-15,LAB_EQ_USD_B,96.0250360458
2025-09-16,LAB_EQ_USD_B,94.4869906735
2025-09-17,LAB_EQ_USD_B,92.8681117380
2025-09-18,LAB_EQ_USD_B,91.8698666024
2025-09-19,LAB_EQ_USD_B,93.7275930469
2025-09-22,LAB_EQ_USD_B,95.3879841508
2025-09-23,LAB_EQ_USD_B,93.9428506901
2025-09-24,LAB_EQ_USD_B,91.9410014299
2025-09-25,LAB_EQ_USD_B,89.7247618569
2025-09-26,LAB_EQ_USD_B,90.5510025000
2025-09-29,LAB_EQ_USD_B,89.6726711568
2025-09-30,LAB_EQ_USD_B,88.7668070188
2025-10-01,LAB_EQ_USD_B,91.7785355226
2025-10-02,LAB_EQ_USD_B,91.3693527072
2025-10-03,LAB_EQ_USD_B,90.3748635233
2025-10-06,LAB_EQ_USD_B,89.5328138937
2025-10-07,LAB_EQ_USD_B,88.2758587090
2025-10-08,LAB_EQ_USD_B,89.6974041843
2025-10-09,LAB_EQ_USD_B,90.8335785629
2025-10-10,LAB_EQ_USD_B,91.9886234773
2025-10-13,LAB_EQ_USD_B,92.6530265583
2025-10-14,LAB_EQ_USD_B,92.2406116724
2025-10-15,LAB_EQ_USD_B,92.4730870720
2025-10-16,LAB_EQ_USD_B,93.7424244127
2025-10-17,LAB_EQ_USD_B,90.7312492395
2025-10-20,LAB_EQ_USD_B,90.0103988787
2025-10-21,LAB_EQ_USD_B,92.0063166354
2025-10-22,LAB_EQ_USD_B,92.1264938096
2025-10-23,LAB_EQ_USD_B,90.4377913522
2025-10-24,LAB_EQ_USD_B,91.3135278339
2025-10-27,LAB_EQ_USD_B,91.0514090994
2025-10-28,LAB_EQ_USD_B,92.6108287456
2025-10-29,LAB_EQ_USD_B,90.6898984399
2025-10-30,LAB_EQ_USD_B,90.2395479547
2025-10-31,LAB_EQ_USD_B,91.3667680550
2025-11-03,LAB_EQ_USD_B,94.5158275618
2025-11-04,LAB_EQ_USD_B,95.0279253236
2025-11-05,LAB_EQ_USD_B,94.5383460390
2025-11-06,LAB_EQ_USD_B,93.0733931476
2025-11-07,LAB_EQ_USD_B,90.9582943721
2025-11-10,LAB_EQ_USD_B,90.3590707618
2025-11-11,LAB_EQ_USD_B,92.2767138460
2025-11-12,LAB_EQ_USD_B,92.6967284891
2025-11-13,LAB_EQ_USD_B,94.6097993623
2025-11-14,LAB_EQ_USD_B,95.4220755950
2025-11-17,LAB_EQ_USD_B,94.8642130649
2025-11-18,LAB_EQ_USD_B,95.8895709974
2025-11-19,LAB_EQ_USD_B,96.2869981191
2025-11-20,LAB_EQ_USD_B,96.4804190997
2025-11-21,LAB_EQ_USD_B,95.1185594231
2025-11-24,LAB_EQ_USD_B,93.2687103801
2025-11-25,LAB_EQ_USD_B,93.0884623611
2025-11-26,LAB_EQ_USD_B,93.8332250482
2025-11-27,LAB_EQ_USD_B,94.6706230987
2025-11-28,LAB_EQ_USD_B,94.3595322209
2025-12-01,LAB_EQ_USD_B,95.8070978335
2025-12-02,LAB_EQ_USD_B,96.2971219012
2025-12-03,LAB_EQ_USD_B,91.9428662624
2025-12-04,LAB_EQ_USD_B,92.4294682967
2025-12-05,LAB_EQ_USD_B,90.6405879445
2025-12-08,LAB_EQ_USD_B,90.8373951716
2025-12-09,LAB_EQ_USD_B,91.0497166247
2025-12-10,LAB_EQ_USD_B,88.4957632912
2025-12-11,LAB_EQ_USD_B,88.8130702026
2025-12-12,LAB_EQ_USD_B,90.7235399961
2025-12-15,LAB_EQ_USD_B,91.9181251584
2025-12-16,LAB_EQ_USD_B,95.5826075005
2025-12-17,LAB_EQ_USD_B,94.4783012436
2025-12-18,LAB_EQ_USD_B,97.7376540974
2025-12-19,LAB_EQ_USD_B,98.7769694275
2025-12-22,LAB_EQ_USD_B,99.7808426633
2025-12-23,LAB_EQ_USD_B,100.1867459826
2025-12-24,LAB_EQ_USD_B,99.4481975227
2025-12-25,LAB_EQ_USD_B,102.0430567554
2025-12-26,LAB_EQ_USD_B,102.0525157627
2025-12-29,LAB_EQ_USD_B,100.1975752182
2025-12-30,LAB_EQ_USD_B,101.3233383482
2025-12-31,LAB_EQ_USD_B,99.6007927357
2021-01-04,LAB_GOV_EUR,104.0000000000
2021-01-05,LAB_GOV_EUR,103.3023146836
2021-01-06,LAB_GOV_EUR,103.5085566131
2021-01-07,LAB_GOV_EUR,103.2051241305
2021-01-08,LAB_GOV_EUR,103.1430327695
2021-01-11,LAB_GOV_EUR,102.5116136064
2021-01-12,LAB_GOV_EUR,102.2471676373
2021-01-13,LAB_GOV_EUR,102.0071784905
2021-01-14,LAB_GOV_EUR,101.5945111104
2021-01-15,LAB_GOV_EUR,101.1261531362
2021-01-18,LAB_GOV_EUR,101.1452493983
2021-01-19,LAB_GOV_EUR,101.3934862064
2021-01-20,LAB_GOV_EUR,101.6684196390
2021-01-21,LAB_GOV_EUR,102.3404996555
2021-01-22,LAB_GOV_EUR,102.9109095577
2021-01-25,LAB_GOV_EUR,102.7884879089
2021-01-26,LAB_GOV_EUR,102.4328725684
2021-01-27,LAB_GOV_EUR,102.3000770755
2021-01-28,LAB_GOV_EUR,102.5508160062
2021-01-29,LAB_GOV_EUR,102.5761210539
2021-02-01,LAB_GOV_EUR,102.4358166611
2021-02-02,LAB_GOV_EUR,101.9390813853
2021-02-03,LAB_GOV_EUR,102.3964930430
2021-02-04,LAB_GOV_EUR,102.5907301004
2021-02-05,LAB_GOV_EUR,102.7608142465
2021-02-08,LAB_GOV_EUR,102.4104820520
2021-02-09,LAB_GOV_EUR,101.5649268685
2021-02-10,LAB_GOV_EUR,101.7606893328
2021-02-11,LAB_GOV_EUR,102.0231677215
2021-02-12,LAB_GOV_EUR,102.0908816146
2021-02-15,LAB_GOV_EUR,101.7615426230
2021-02-16,LAB_GOV_EUR,102.3269592499
2021-02-17,LAB_GOV_EUR,102.6604682745
2021-02-18,LAB_GOV_EUR,102.6977395001
2021-02-19,LAB_GOV_EUR,103.4599148034
2021-02-22,LAB_GOV_EUR,103.2950743266
2021-02-23,LAB_GOV_EUR,103.6225123408
2021-02-24,LAB_GOV_EUR,103.6647188159
2021-02-25,LAB_GOV_EUR,104.0123517059
2021-02-26,LAB_GOV_EUR,103.7879611842
2021-03-01,LAB_GOV_EUR,103.2370108327
2021-03-02,LAB_GOV_EUR,103.1993483515
2021-03-03,LAB_GOV_EUR,103.2987003816
2021-03-04,LAB_GOV_EUR,103.1482733936
2021-03-05,LAB_GOV_EUR,103.1813089845
2021-03-08,LAB_GOV_EUR,103.2707352048
2021-03-09,LAB_GOV_EUR,103.5885822466
2021-03-10,LAB_GOV_EUR,103.2276799509
2021-03-11,LAB_GOV_EUR,102.9076254117
2021-03-12,LAB_GOV_EUR,103.3200911393
2021-03-15,LAB_GOV_EUR,102.9725654810
2021-03-16,LAB_GOV_EUR,103.0713164305
2021-03-17,LAB_GOV_EUR,103.1913640246
2021-03-18,LAB_GOV_EUR,102.8313946963
2021-03-19,LAB_GOV_EUR,102.6432434046
2021-03-22,LAB_GOV_EUR,102.3835793545
2021-03-23,LAB_GOV_EUR,101.8910364088
2021-03-24,LAB_GOV_EUR,101.6988559237
2021-03-25,LAB_GOV_EUR,101.3209534620
2021-03-26,LAB_GOV_EUR,101.0691935312
2021-03-29,LAB_GOV_EUR,101.0971834184
2021-03-30,LAB_GOV_EUR,101.0397305772
2021-03-31,LAB_GOV_EUR,101.4137426061
2021-04-01,LAB_GOV_EUR,101.3406589318
2021-04-02,LAB_GOV_EUR,101.9707380489
2021-04-05,LAB_GOV_EUR,101.8465881813
2021-04-06,LAB_GOV_EUR,102.0440012058
2021-04-07,LAB_GOV_EUR,101.7431895777
2021-04-08,LAB_GOV_EUR,101.7898682235
2021-04-09,LAB_GOV_EUR,102.0160878618
2021-04-12,LAB_GOV_EUR,102.3873625470
2021-04-13,LAB_GOV_EUR,102.2449741929
2021-04-14,LAB_GOV_EUR,102.0995737319
2021-04-15,LAB_GOV_EUR,102.1992477926
2021-04-16,LAB_GOV_EUR,102.5060850555
2021-04-19,LAB_GOV_EUR,102.6440789526
2021-04-20,LAB_GOV_EUR,102.7919403087
2021-04-21,LAB_GOV_EUR,102.6354273294
2021-04-22,LAB_GOV_EUR,102.0535600154
2021-04-23,LAB_GOV_EUR,102.5661915880
2021-04-26,LAB_GOV_EUR,102.6522516364
2021-04-27,LAB_GOV_EUR,102.6900615918
2021-04-28,LAB_GOV_EUR,102.4412173227
2021-04-29,LAB_GOV_EUR,102.7156511815
2021-04-30,LAB_GOV_EUR,102.8748349044
2021-05-03,LAB_GOV_EUR,102.4704928742
2021-05-04,LAB_GOV_EUR,102.7606382875
2021-05-05,LAB_GOV_EUR,102.9043526856
2021-05-06,LAB_GOV_EUR,103.1927438959
2021-05-07,LAB_GOV_EUR,103.5163664441
2021-05-10,LAB_GOV_EUR,102.8022975958
2021-05-11,LAB_GOV_EUR,102.8139864230
2021-05-12,LAB_GOV_EUR,102.7869866254
2021-05-13,LAB_GOV_EUR,102.2665888440
2021-05-14,LAB_GOV_EUR,102.6191764946
2021-05-17,LAB_GOV_EUR,102.8306046464
2021-05-18,LAB_GOV_EUR,103.1252241189
2021-05-19,LAB_GOV_EUR,102.9164313016
2021-05-20,LAB_GOV_EUR,102.6802503079
2021-05-21,LAB_GOV_EUR,102.9054751813
2021-05-24,LAB_GOV_EUR,102.4141318349
2021-05-25,LAB_GOV_EUR,101.9670641159
2021-05-26,LAB_GOV_EUR,101.8508158707
2021-05-27,LAB_GOV_EUR,101.8016731570
2021-05-28,LAB_GOV_EUR,102.2624015971
2021-05-31,LAB_GOV_EUR,102.1388532563
2021-06-01,LAB_GOV_EUR,101.9430583283
2021-06-02,LAB_GOV_EUR,101.5320920529
2021-06-03,LAB_GOV_EUR,101.5952797207
2021-06-04,LAB_GOV_EUR,101.5357432826
2021-06-07,LAB_GOV_EUR,101.9472454707
2021-06-08,LAB_GOV_EUR,101.9959495931
2021-06-09,LAB_GOV_EUR,101.7741221410
2021-06-10,LAB_GOV_EUR,101.7583521002
2021-06-11,LAB_GOV_EUR,101.8003172735
2021-06-14,LAB_GOV_EUR,101.6306930009
2021-06-15,LAB_GOV_EUR,101.5508878259
2021-06-16,LAB_GOV_EUR,101.0861203201
2021-06-17,LAB_GOV_EUR,100.7645098988
2021-06-18,LAB_GOV_EUR,100.8592293713
2021-06-21,LAB_GOV_EUR,100.7167036197
2021-06-22,LAB_GOV_EUR,100.6349970689
2021-06-23,LAB_GOV_EUR,100.2660908038
2021-06-24,LAB_GOV_EUR,100.2065412567
2021-06-25,LAB_GOV_EUR,100.3363037740
2021-06-28,LAB_GOV_EUR,100.4739751392
2021-06-29,LAB_GOV_EUR,100.2362547264
2021-06-30,LAB_GOV_EUR,100.5928956571
2021-07-01,LAB_GOV_EUR,101.1065697141
2021-07-02,LAB_GOV_EUR,101.5032679376
2021-07-05,LAB_GOV_EUR,101.9641211280
2021-07-06,LAB_GOV_EUR,102.4090231263
2021-07-07,LAB_GOV_EUR,102.0944418884
2021-07-08,LAB_GOV_EUR,102.0549118132
2021-07-09,LAB_GOV_EUR,101.3723654940
2021-07-12,LAB_GOV_EUR,101.1405472554
2021-07-13,LAB_GOV_EUR,100.8926203980
2021-07-14,LAB_GOV_EUR,101.6360089597
2021-07-15,LAB_GOV_EUR,101.6143597894
2021-07-16,LAB_GOV_EUR,102.5000459343
2021-07-19,LAB_GOV_EUR,103.1661184583
2021-07-20,LAB_GOV_EUR,103.2226208756
2021-07-21,LAB_GOV_EUR,103.2734839647
2021-07-22,LAB_GOV_EUR,103.1837822862
2021-07-23,LAB_GOV_EUR,103.3728482368
2021-07-26,LAB_GOV_EUR,102.9409582046
2021-07-27,LAB_GOV_EUR,103.1713675148
2021-07-28,LAB_GOV_EUR,103.6093174029
2021-07-29,LAB_GOV_EUR,103.8810767605
2021-07-30,LAB_GOV_EUR,104.0157236876
2021-08-02,LAB_GOV_EUR,104.3084774740
2021-08-03,LAB_GOV_EUR,104.3115294330
2021-08-04,LAB_GOV_EUR,103.9247876459
2021-08-05,LAB_GOV_EUR,104.0749538612
2021-08-06,LAB_GOV_EUR,103.6164980535
2021-08-09,LAB_GOV_EUR,103.5245531437
2021-08-10,LAB_GOV_EUR,103.4962561770
2021-08-11,LAB_GOV_EUR,103.6296032506
2021-08-12,LAB_GOV_EUR,103.7941364005
2021-08-13,LAB_GOV_EUR,103.8939650435
2021-08-16,LAB_GOV_EUR,104.1007163603
2021-08-17,LAB_GOV_EUR,103.4807296933
2021-08-18,LAB_GOV_EUR,103.0184583320
2021-08-19,LAB_GOV_EUR,102.8895148247
2021-08-20,LAB_GOV_EUR,103.7609239890
2021-08-23,LAB_GOV_EUR,104.3364868587
2021-08-24,LAB_GOV_EUR,104.0707080516
2021-08-25,LAB_GOV_EUR,103.8732797172
2021-08-26,LAB_GOV_EUR,104.0748189257
2021-08-27,LAB_GOV_EUR,104.5983585422
2021-08-30,LAB_GOV_EUR,104.6822425467
2021-08-31,LAB_GOV_EUR,105.4758761365
2021-09-01,LAB_GOV_EUR,106.2717032179
2021-09-02,LAB_GOV_EUR,106.5082029091
2021-09-03,LAB_GOV_EUR,106.7360993569
2021-09-06,LAB_GOV_EUR,107.0596755340
2021-09-07,LAB_GOV_EUR,106.5202563362
2021-09-08,LAB_GOV_EUR,106.4449213711
2021-09-09,LAB_GOV_EUR,106.3116383822
2021-09-10,LAB_GOV_EUR,105.6205221003
2021-09-13,LAB_GOV_EUR,105.9225966300
2021-09-14,LAB_GOV_EUR,105.9725802231
2021-09-15,LAB_GOV_EUR,105.6706823702
2021-09-16,LAB_GOV_EUR,105.4323834281
2021-09-17,LAB_GOV_EUR,105.1627002572
2021-09-20,LAB_GOV_EUR,105.6795773563
2021-09-21,LAB_GOV_EUR,105.7648130828
2021-09-22,LAB_GOV_EUR,106.1937301027
2021-09-23,LAB_GOV_EUR,106.5392341855
2021-09-24,LAB_GOV_EUR,106.2669898606
2021-09-27,LAB_GOV_EUR,106.2515446373
2021-09-28,LAB_GOV_EUR,106.2219675859
2021-09-29,LAB_GOV_EUR,107.0844992088
2021-09-30,LAB_GOV_EUR,107.0384704346
2021-10-01,LAB_GOV_EUR,107.0884621754
2021-10-04,LAB_GOV_EUR,107.0010752136
2021-10-05,LAB_GOV_EUR,107.2309276723
2021-10-06,LAB_GOV_EUR,107.6157319193
2021-10-07,LAB_GOV_EUR,107.5709564505
2021-10-08,LAB_GOV_EUR,107.4417568695
2021-10-11,LAB_GOV_EUR,107.5286152409
2021-10-12,LAB_GOV_EUR,107.4619608496
2021-10-13,LAB_GOV_EUR,107.5929201700
2021-10-14,LAB_GOV_EUR,107.5474370370
2021-10-15,LAB_GOV_EUR,107.7063325152
2021-10-18,LAB_GOV_EUR,107.6815274066
2021-10-19,LAB_GOV_EUR,106.9640869614
2021-10-20,LAB_GOV_EUR,107.3866128016
2021-10-21,LAB_GOV_EUR,107.3463895171
2021-10-22,LAB_GOV_EUR,107.3324106008
2021-10-25,LAB_GOV_EUR,108.2438698706
2021-10-26,LAB_GOV_EUR,108.7926555044
2021-10-27,LAB_GOV_EUR,108.3898444327
2021-10-28,LAB_GOV_EUR,108.9187734004
2021-10-29,LAB_GOV_EUR,108.7366331336
2021-11-01,LAB_GOV_EUR,108.7976491288
2021-11-02,LAB_GOV_EUR,108.4607870538
2021-11-03,LAB_GOV_EUR,108.3789501604
2021-11-04,LAB_GOV_EUR,108.4281625220
2021-11-05,LAB_GOV_EUR,108.5516183869
2021-11-08,LAB_GOV_EUR,108.8680527346
2021-11-09,LAB_GOV_EUR,108.6366372606
2021-11-10,LAB_GOV_EUR,108.7963464271
2021-11-11,LAB_GOV_EUR,108.9265612351
2021-11-12,LAB_GOV_EUR,108.6822886515
2021-11-15,LAB_GOV_EUR,108.6408648682
2021-11-16,LAB_GOV_EUR,109.1159760431
2021-11-17,LAB_GOV_EUR,109.3636770492
2021-11-18,LAB_GOV_EUR,108.6470886786
2021-11-19,LAB_GOV_EUR,108.6142535457
2021-11-22,LAB_GOV_EUR,109.3039202258
2021-11-23,LAB_GOV_EUR,109.2459246141
2021-11-24,LAB_GOV_EUR,109.1174820079
2021-11-25,LAB_GOV_EUR,108.8303066223
2021-11-26,LAB_GOV_EUR,108.7186983108
2021-11-29,LAB_GOV_EUR,108.0258722822
2021-11-30,LAB_GOV_EUR,108.2433525177
2021-12-01,LAB_GOV_EUR,107.7760181628
2021-12-02,LAB_GOV_EUR,108.0582679831
2021-12-03,LAB_GOV_EUR,107.7450747062
2021-12-06,LAB_GOV_EUR,107.1862300085
2021-12-07,LAB_GOV_EUR,106.8524974650
2021-12-08,LAB_GOV_EUR,107.1652840014
2021-12-09,LAB_GOV_EUR,107.0778865067
2021-12-10,LAB_GOV_EUR,106.9765510900
2021-12-13,LAB_GOV_EUR,106.8991158656
2021-12-14,LAB_GOV_EUR,106.4116941658
2021-12-15,LAB_GOV_EUR,106.4101893861
2021-12-16,LAB_GOV_EUR,106.5043583484
2021-12-17,LAB_GOV_EUR,106.9711765309
2021-12-20,LAB_GOV_EUR,107.1369486479
2021-12-21,LAB_GOV_EUR,107.2262898641
2021-12-22,LAB_GOV_EUR,107.6516346716
2021-12-23,LAB_GOV_EUR,107.7672441925
2021-12-24,LAB_GOV_EUR,107.9397450146
2021-12-27,LAB_GOV_EUR,108.1998190694
2021-12-28,LAB_GOV_EUR,108.6180580305
2021-12-29,LAB_GOV_EUR,109.1489745300
2021-12-30,LAB_GOV_EUR,109.0157812513
2021-12-31,LAB_GOV_EUR,109.0561455098
2022-01-03,LAB_GOV_EUR,109.6107542511
2022-01-04,LAB_GOV_EUR,110.2637422148
2022-01-05,LAB_GOV_EUR,110.4106473131
2022-01-06,LAB_GOV_EUR,110.5602836177
2022-01-07,LAB_GOV_EUR,110.9994067315
2022-01-10,LAB_GOV_EUR,111.1980779522
2022-01-11,LAB_GOV_EUR,110.6491350155
2022-01-12,LAB_GOV_EUR,110.8710126849
2022-01-13,LAB_GOV_EUR,111.3944081942
2022-01-14,LAB_GOV_EUR,111.4835164849
2022-01-17,LAB_GOV_EUR,111.1188743718
2022-01-18,LAB_GOV_EUR,111.3571751316
2022-01-19,LAB_GOV_EUR,111.3555671899
2022-01-20,LAB_GOV_EUR,111.3968625326
2022-01-21,LAB_GOV_EUR,111.5989134983
2022-01-24,LAB_GOV_EUR,112.4531863661
2022-01-25,LAB_GOV_EUR,112.8874831367
2022-01-26,LAB_GOV_EUR,113.3315693486
2022-01-27,LAB_GOV_EUR,113.7179939396
2022-01-28,LAB_GOV_EUR,112.9229395664
2022-01-31,LAB_GOV_EUR,112.7642715150
2022-02-01,LAB_GOV_EUR,112.9632466717
2022-02-02,LAB_GOV_EUR,112.7307073774
2022-02-03,LAB_GOV_EUR,113.4092384230
2022-02-04,LAB_GOV_EUR,113.3093879592
2022-02-07,LAB_GOV_EUR,113.6455684216
2022-02-08,LAB_GOV_EUR,113.3221144021
2022-02-09,LAB_GOV_EUR,113.2742711141
2022-02-10,LAB_GOV_EUR,113.4004547892
2022-02-11,LAB_GOV_EUR,113.3330476897
2022-02-14,LAB_GOV_EUR,114.2519308572
2022-02-15,LAB_GOV_EUR,115.3263576956
2022-02-16,LAB_GOV_EUR,115.6543518775
2022-02-17,LAB_GOV_EUR,116.2899287496
2022-02-18,LAB_GOV_EUR,116.7116809932
2022-02-21,LAB_GOV_EUR,116.5995381459
2022-02-22,LAB_GOV_EUR,116.5960210426
2022-02-23,LAB_GOV_EUR,116.4183561645
2022-02-24,LAB_GOV_EUR,116.7143874676
2022-02-25,LAB_GOV_EUR,117.1199814978
2022-02-28,LAB_GOV_EUR,116.8866994943
2022-03-01,LAB_GOV_EUR,117.2792390871
2022-03-02,LAB_GOV_EUR,116.7183844545
2022-03-03,LAB_GOV_EUR,116.0286530286
2022-03-04,LAB_GOV_EUR,114.9943793796
2022-03-07,LAB_GOV_EUR,115.4470461228
2022-03-08,LAB_GOV_EUR,114.7727270956
2022-03-09,LAB_GOV_EUR,115.1420461184
2022-03-10,LAB_GOV_EUR,114.7943386287
2022-03-11,LAB_GOV_EUR,114.7484041605
2022-03-14,LAB_GOV_EUR,115.5494286681
2022-03-15,LAB_GOV_EUR,115.5513815452
2022-03-16,LAB_GOV_EUR,115.4937521077
2022-03-17,LAB_GOV_EUR,115.7316667564
2022-03-18,LAB_GOV_EUR,115.2950272299
2022-03-21,LAB_GOV_EUR,115.9311739853
2022-03-22,LAB_GOV_EUR,116.1338153177
2022-03-23,LAB_GOV_EUR,116.0976327943
2022-03-24,LAB_GOV_EUR,115.5960464895
2022-03-25,LAB_GOV_EUR,115.2790062189
2022-03-28,LAB_GOV_EUR,115.4356521179
2022-03-29,LAB_GOV_EUR,115.3635051159
2022-03-30,LAB_GOV_EUR,115.2279243125
2022-03-31,LAB_GOV_EUR,114.6757759422
2022-04-01,LAB_GOV_EUR,114.9184472460
2022-04-04,LAB_GOV_EUR,115.8327492774
2022-04-05,LAB_GOV_EUR,115.7097192550
2022-04-06,LAB_GOV_EUR,115.1857211645
2022-04-07,LAB_GOV_EUR,114.2500854247
2022-04-08,LAB_GOV_EUR,114.3263219305
2022-04-11,LAB_GOV_EUR,114.7293286408
2022-04-12,LAB_GOV_EUR,113.9364486377
2022-04-13,LAB_GOV_EUR,113.9381581662
2022-04-14,LAB_GOV_EUR,114.3694997487
2022-04-15,LAB_GOV_EUR,114.2181978330
2022-04-18,LAB_GOV_EUR,114.1683151732
2022-04-19,LAB_GOV_EUR,114.7295630321
2022-04-20,LAB_GOV_EUR,115.0125601276
2022-04-21,LAB_GOV_EUR,114.9399065718
2022-04-22,LAB_GOV_EUR,115.4867235996
2022-04-25,LAB_GOV_EUR,115.9753577491
2022-04-26,LAB_GOV_EUR,115.2510114490
2022-04-27,LAB_GOV_EUR,114.3735186801
2022-04-28,LAB_GOV_EUR,114.0343452370
2022-04-29,LAB_GOV_EUR,113.8148856083
2022-05-02,LAB_GOV_EUR,114.9165201148
2022-05-03,LAB_GOV_EUR,114.0212990252
2022-05-04,LAB_GOV_EUR,113.1556345335
2022-05-05,LAB_GOV_EUR,113.1576688111
2022-05-06,LAB_GOV_EUR,113.2625262807
2022-05-09,LAB_GOV_EUR,112.7531963678
2022-05-10,LAB_GOV_EUR,112.5986981762
2022-05-11,LAB_GOV_EUR,112.6555327765
2022-05-12,LAB_GOV_EUR,111.9960223546
2022-05-13,LAB_GOV_EUR,111.9111183150
2022-05-16,LAB_GOV_EUR,112.4851637767
2022-05-17,LAB_GOV_EUR,112.2402445622
2022-05-18,LAB_GOV_EUR,112.9224331353
2022-05-19,LAB_GOV_EUR,112.3401205629
2022-05-20,LAB_GOV_EUR,112.8937817051
2022-05-23,LAB_GOV_EUR,112.6361426012
2022-05-24,LAB_GOV_EUR,113.1436220982
2022-05-25,LAB_GOV_EUR,113.4808306815
2022-05-26,LAB_GOV_EUR,113.5208451050
2022-05-27,LAB_GOV_EUR,113.1250501361
2022-05-30,LAB_GOV_EUR,113.1028894918
2022-05-31,LAB_GOV_EUR,114.0794748180
2022-06-01,LAB_GOV_EUR,114.2539058602
2022-06-02,LAB_GOV_EUR,114.7515140463
2022-06-03,LAB_GOV_EUR,115.1875564972
2022-06-06,LAB_GOV_EUR,115.3550800485
2022-06-07,LAB_GOV_EUR,115.5873676182
2022-06-08,LAB_GOV_EUR,116.1766477102
2022-06-09,LAB_GOV_EUR,116.0128665219
2022-06-10,LAB_GOV_EUR,116.1156710795
2022-06-13,LAB_GOV_EUR,116.1362093319
2022-06-14,LAB_GOV_EUR,116.3575677181
2022-06-15,LAB_GOV_EUR,115.9938122241
2022-06-16,LAB_GOV_EUR,116.8709194314
2022-06-17,LAB_GOV_EUR,116.9586329051
2022-06-20,LAB_GOV_EUR,116.6083790276
2022-06-21,LAB_GOV_EUR,115.8644181536
2022-06-22,LAB_GOV_EUR,116.1200786099
2022-06-23,LAB_GOV_EUR,116.2077834469
2022-06-24,LAB_GOV_EUR,115.6537736760
2022-06-27,LAB_GOV_EUR,115.4789731288
2022-06-28,LAB_GOV_EUR,115.5753642175
2022-06-29,LAB_GOV_EUR,115.6676588101
2022-06-30,LAB_GOV_EUR,115.3599574837
2022-07-01,LAB_GOV_EUR,116.3695289339
2022-07-04,LAB_GOV_EUR,116.4561511870
2022-07-05,LAB_GOV_EUR,116.8936734068
2022-07-06,LAB_GOV_EUR,117.3019091073
2022-07-07,LAB_GOV_EUR,117.5314518057
2022-07-08,LAB_GOV_EUR,118.0633712552
2022-07-11,LAB_GOV_EUR,118.2448914056
2022-07-12,LAB_GOV_EUR,117.3402639424
2022-07-13,LAB_GOV_EUR,117.1229427792
2022-07-14,LAB_GOV_EUR,116.3902123494
2022-07-15,LAB_GOV_EUR,116.2682084605
2022-07-18,LAB_GOV_EUR,115.6708669144
2022-07-19,LAB_GOV_EUR,115.5178325202
2022-07-20,LAB_GOV_EUR,115.3680430233
2022-07-21,LAB_GOV_EUR,115.2752923330
2022-07-22,LAB_GOV_EUR,115.1888062701
2022-07-25,LAB_GOV_EUR,115.7476374305
2022-07-26,LAB_GOV_EUR,115.9767775468
2022-07-27,LAB_GOV_EUR,115.6884227238
2022-07-28,LAB_GOV_EUR,115.6526782672
2022-07-29,LAB_GOV_EUR,115.2995608033
2022-08-01,LAB_GOV_EUR,115.5973631317
2022-08-02,LAB_GOV_EUR,115.4399917963
2022-08-03,LAB_GOV_EUR,115.2657487049
2022-08-04,LAB_GOV_EUR,115.6446559926
2022-08-05,LAB_GOV_EUR,116.0286514187
2022-08-08,LAB_GOV_EUR,116.1906874537
2022-08-09,LAB_GOV_EUR,116.1349680659
2022-08-10,LAB_GOV_EUR,116.1839167436
2022-08-11,LAB_GOV_EUR,115.5454768742
2022-08-12,LAB_GOV_EUR,115.9296238962
2022-08-15,LAB_GOV_EUR,116.6392392828
2022-08-16,LAB_GOV_EUR,116.6288448958
2022-08-17,LAB_GOV_EUR,117.2939966999
2022-08-18,LAB_GOV_EUR,116.5530393083
2022-08-19,LAB_GOV_EUR,116.7883637193
2022-08-22,LAB_GOV_EUR,116.4866516827
2022-08-23,LAB_GOV_EUR,115.7654480200
2022-08-24,LAB_GOV_EUR,115.8954268100
2022-08-25,LAB_GOV_EUR,115.8759888432
2022-08-26,LAB_GOV_EUR,115.3336819481
2022-08-29,LAB_GOV_EUR,115.4619288196
2022-08-30,LAB_GOV_EUR,115.2496134327
2022-08-31,LAB_GOV_EUR,115.5181831413
2022-09-01,LAB_GOV_EUR,115.1774338802
2022-09-02,LAB_GOV_EUR,115.3070082411
2022-09-05,LAB_GOV_EUR,114.9879564107
2022-09-06,LAB_GOV_EUR,114.9504538409
2022-09-07,LAB_GOV_EUR,115.1750062307
2022-09-08,LAB_GOV_EUR,114.4639242557
2022-09-09,LAB_GOV_EUR,115.2161804847
2022-09-12,LAB_GOV_EUR,115.4151127327
2022-09-13,LAB_GOV_EUR,114.9810353424
2022-09-14,LAB_GOV_EUR,115.0394814324
2022-09-15,LAB_GOV_EUR,115.5491144192
2022-09-16,LAB_GOV_EUR,115.4765498421
2022-09-19,LAB_GOV_EUR,115.6773671936
2022-09-20,LAB_GOV_EUR,116.5382557588
2022-09-21,LAB_GOV_EUR,116.4506429034
2022-09-22,LAB_GOV_EUR,116.4403500382
2022-09-23,LAB_GOV_EUR,116.2792975352
2022-09-26,LAB_GOV_EUR,116.7955221521
2022-09-27,LAB_GOV_EUR,116.5380707606
2022-09-28,LAB_GOV_EUR,116.3693808077
2022-09-29,LAB_GOV_EUR,116.7061134787
2022-09-30,LAB_GOV_EUR,117.4943023926
2022-10-03,LAB_GOV_EUR,118.0724853375
2022-10-04,LAB_GOV_EUR,118.2281498191
2022-10-05,LAB_GOV_EUR,118.8794302489
2022-10-06,LAB_GOV_EUR,119.9440381946
2022-10-07,LAB_GOV_EUR,120.0044213022
2022-10-10,LAB_GOV_EUR,121.0135544980
2022-10-11,LAB_GOV_EUR,120.5451093093
2022-10-12,LAB_GOV_EUR,119.5552366131
2022-10-13,LAB_GOV_EUR,119.2410482194
2022-10-14,LAB_GOV_EUR,119.1557697536
2022-10-17,LAB_GOV_EUR,118.9364110741
2022-10-18,LAB_GOV_EUR,119.5316022679
2022-10-19,LAB_GOV_EUR,120.0915160914
2022-10-20,LAB_GOV_EUR,120.6324960553
2022-10-21,LAB_GOV_EUR,121.1090039451
2022-10-24,LAB_GOV_EUR,120.9054947882
2022-10-25,LAB_GOV_EUR,120.4542077680
2022-10-26,LAB_GOV_EUR,120.2611385430
2022-10-27,LAB_GOV_EUR,120.1660320806
2022-10-28,LAB_GOV_EUR,120.3489115732
2022-10-31,LAB_GOV_EUR,120.5286487520
2022-11-01,LAB_GOV_EUR,121.5729472911
2022-11-02,LAB_GOV_EUR,121.3777619987
2022-11-03,LAB_GOV_EUR,121.0115983014
2022-11-04,LAB_GOV_EUR,121.3583683605
2022-11-07,LAB_GOV_EUR,120.8622650759
2022-11-08,LAB_GOV_EUR,121.0713392216
2022-11-09,LAB_GOV_EUR,120.7695903249
2022-11-10,LAB_GOV_EUR,120.6403369615
2022-11-11,LAB_GOV_EUR,120.8631400259
2022-11-14,LAB_GOV_EUR,119.9738077784
2022-11-15,LAB_GOV_EUR,119.6810151227
2022-11-16,LAB_GOV_EUR,118.9557552631
2022-11-17,LAB_GOV_EUR,118.7065906314
2022-11-18,LAB_GOV_EUR,119.1193327101
2022-11-21,LAB_GOV_EUR,119.1515280488
2022-11-22,LAB_GOV_EUR,119.2543007201
2022-11-23,LAB_GOV_EUR,119.1331213455
2022-11-24,LAB_GOV_EUR,119.4017160038
2022-11-25,LAB_GOV_EUR,119.7148993355
2022-11-28,LAB_GOV_EUR,119.2921056277
2022-11-29,LAB_GOV_EUR,119.1578844088
2022-11-30,LAB_GOV_EUR,118.9077246048
2022-12-01,LAB_GOV_EUR,118.8320232069
2022-12-02,LAB_GOV_EUR,118.6583396299
2022-12-05,LAB_GOV_EUR,118.7642932001
2022-12-06,LAB_GOV_EUR,118.1386771945
2022-12-07,LAB_GOV_EUR,117.9443481145
2022-12-08,LAB_GOV_EUR,117.8256420558
2022-12-09,LAB_GOV_EUR,118.0780696312
2022-12-12,LAB_GOV_EUR,117.5949760844
2022-12-13,LAB_GOV_EUR,117.1785100068
2022-12-14,LAB_GOV_EUR,117.7190846564
2022-12-15,LAB_GOV_EUR,118.0057143445
2022-12-16,LAB_GOV_EUR,118.4033644583
2022-12-19,LAB_GOV_EUR,118.3970781320
2022-12-20,LAB_GOV_EUR,119.0221984966
2022-12-21,LAB_GOV_EUR,119.4606503586
2022-12-22,LAB_GOV_EUR,119.3504750373
2022-12-23,LAB_GOV_EUR,119.1931622020
2022-12-26,LAB_GOV_EUR,119.4594246748
2022-12-27,LAB_GOV_EUR,119.7686369355
2022-12-28,LAB_GOV_EUR,120.1186416720
2022-12-29,LAB_GOV_EUR,120.7363543046
2022-12-30,LAB_GOV_EUR,120.6618441540
2023-01-02,LAB_GOV_EUR,121.2488463971
2023-01-03,LAB_GOV_EUR,121.6077642008
2023-01-04,LAB_GOV_EUR,121.9782473670
2023-01-05,LAB_GOV_EUR,122.2612342079
2023-01-06,LAB_GOV_EUR,122.5803662359
2023-01-09,LAB_GOV_EUR,122.2351172162
2023-01-10,LAB_GOV_EUR,122.2360255171
2023-01-11,LAB_GOV_EUR,121.8094848330
2023-01-12,LAB_GOV_EUR,122.1753864376
2023-01-13,LAB_GOV_EUR,122.0322381181
2023-01-16,LAB_GOV_EUR,122.7440647467
2023-01-17,LAB_GOV_EUR,122.7877555467
2023-01-18,LAB_GOV_EUR,123.0633621688
2023-01-19,LAB_GOV_EUR,123.1136814724
2023-01-20,LAB_GOV_EUR,123.3912834957
2023-01-23,LAB_GOV_EUR,123.2333738253
2023-01-24,LAB_GOV_EUR,123.1888024362
2023-01-25,LAB_GOV_EUR,123.4675355234
2023-01-26,LAB_GOV_EUR,123.3693956166
2023-01-27,LAB_GOV_EUR,122.4206329651
2023-01-30,LAB_GOV_EUR,122.2589606080
2023-01-31,LAB_GOV_EUR,122.0205010649
2023-02-01,LAB_GOV_EUR,122.1369361559
2023-02-02,LAB_GOV_EUR,121.7828446151
2023-02-03,LAB_GOV_EUR,121.5933124184
2023-02-06,LAB_GOV_EUR,121.1657572927
2023-02-07,LAB_GOV_EUR,120.9056675892
2023-02-08,LAB_GOV_EUR,120.8773903926
2023-02-09,LAB_GOV_EUR,120.9083521635
2023-02-10,LAB_GOV_EUR,121.4599312157
2023-02-13,LAB_GOV_EUR,121.7331262598
2023-02-14,LAB_GOV_EUR,121.2805081600
2023-02-15,LAB_GOV_EUR,121.5789016955
2023-02-16,LAB_GOV_EUR,122.4649975506
2023-02-17,LAB_GOV_EUR,122.4298266949
2023-02-20,LAB_GOV_EUR,122.7817951421
2023-02-21,LAB_GOV_EUR,123.0699694945
2023-02-22,LAB_GOV_EUR,122.1193696390
2023-02-23,LAB_GOV_EUR,122.3188795253
2023-02-24,LAB_GOV_EUR,121.8558534268
2023-02-27,LAB_GOV_EUR,121.5511195999
2023-02-28,LAB_GOV_EUR,122.1249482464
2023-03-01,LAB_GOV_EUR,121.9522443818
2023-03-02,LAB_GOV_EUR,122.0324438959
2023-03-03,LAB_GOV_EUR,121.8788627412
2023-03-06,LAB_GOV_EUR,122.9493648621
2023-03-07,LAB_GOV_EUR,122.3918021177
2023-03-08,LAB_GOV_EUR,122.2702031729
2023-03-09,LAB_GOV_EUR,121.6007985292
2023-03-10,LAB_GOV_EUR,121.0147978291
2023-03-13,LAB_GOV_EUR,120.8935802575
2023-03-14,LAB_GOV_EUR,121.1282369689
2023-03-15,LAB_GOV_EUR,120.9693731230
2023-03-16,LAB_GOV_EUR,121.3274204681
2023-03-17,LAB_GOV_EUR,121.4087785045
2023-03-20,LAB_GOV_EUR,121.7421028556
2023-03-21,LAB_GOV_EUR,121.2943019774
2023-03-22,LAB_GOV_EUR,121.0654750451
2023-03-23,LAB_GOV_EUR,121.0253747696
2023-03-24,LAB_GOV_EUR,121.0212587230
2023-03-27,LAB_GOV_EUR,121.0713022137
2023-03-28,LAB_GOV_EUR,121.2624668697
2023-03-29,LAB_GOV_EUR,121.6218215938
2023-03-30,LAB_GOV_EUR,121.2809617361
2023-03-31,LAB_GOV_EUR,120.6266195820
2023-04-03,LAB_GOV_EUR,120.8314677460
2023-04-04,LAB_GOV_EUR,121.0159141860
2023-04-05,LAB_GOV_EUR,120.9864135171
2023-04-06,LAB_GOV_EUR,120.9599614335
2023-04-07,LAB_GOV_EUR,121.6031667906
2023-04-10,LAB_GOV_EUR,122.0746438534
2023-04-11,LAB_GOV_EUR,122.1278813582
2023-04-12,LAB_GOV_EUR,122.6676377398
2023-04-13,LAB_GOV_EUR,122.4770865816
2023-04-14,LAB_GOV_EUR,122.1626434660
2023-04-17,LAB_GOV_EUR,122.8666944879
2023-04-18,LAB_GOV_EUR,122.3250976220
2023-04-19,LAB_GOV_EUR,122.3726412857
2023-04-20,LAB_GOV_EUR,122.2168753227
2023-04-21,LAB_GOV_EUR,123.0276285877
2023-04-24,LAB_GOV_EUR,123.2870940516
2023-04-25,LAB_GOV_EUR,123.8807632684
2023-04-26,LAB_GOV_EUR,123.8602717229
2023-04-27,LAB_GOV_EUR,123.8703489412
2023-04-28,LAB_GOV_EUR,124.1744435408
2023-05-01,LAB_GOV_EUR,124.2493522405
2023-05-02,LAB_GOV_EUR,124.3285153381
2023-05-03,LAB_GOV_EUR,124.7935416534
2023-05-04,LAB_GOV_EUR,125.0039369759
2023-05-05,LAB_GOV_EUR,125.0126452662
2023-05-08,LAB_GOV_EUR,124.7570836159
2023-05-09,LAB_GOV_EUR,124.2861305504
2023-05-10,LAB_GOV_EUR,124.6169055080
2023-05-11,LAB_GOV_EUR,124.6724620202
2023-05-12,LAB_GOV_EUR,124.4651791093
2023-05-15,LAB_GOV_EUR,125.1956752827
2023-05-16,LAB_GOV_EUR,125.7961701633
2023-05-17,LAB_GOV_EUR,125.4977631071
2023-05-18,LAB_GOV_EUR,125.4608965716
2023-05-19,LAB_GOV_EUR,124.4033652707
2023-05-22,LAB_GOV_EUR,124.4569569169
2023-05-23,LAB_GOV_EUR,124.5532251687
2023-05-24,LAB_GOV_EUR,124.6715537363
2023-05-25,LAB_GOV_EUR,124.1335460841
2023-05-26,LAB_GOV_EUR,123.8447918562
2023-05-29,LAB_GOV_EUR,123.7351984785
2023-05-30,LAB_GOV_EUR,123.6316985592
2023-05-31,LAB_GOV_EUR,124.4686930967
2023-06-01,LAB_GOV_EUR,124.1931669655
2023-06-02,LAB_GOV_EUR,124.6776806208
2023-06-05,LAB_GOV_EUR,124.5826708524
2023-06-06,LAB_GOV_EUR,124.1327698580
2023-06-07,LAB_GOV_EUR,124.3700478810
2023-06-08,LAB_GOV_EUR,124.9275579551
2023-06-09,LAB_GOV_EUR,124.8186802575
2023-06-12,LAB_GOV_EUR,124.9389531799
2023-06-13,LAB_GOV_EUR,125.0062212961
2023-06-14,LAB_GOV_EUR,124.5331139046
2023-06-15,LAB_GOV_EUR,123.2936422876
2023-06-16,LAB_GOV_EUR,122.8892207460
2023-06-19,LAB_GOV_EUR,123.0701809476
2023-06-20,LAB_GOV_EUR,122.9188703013
2023-06-21,LAB_GOV_EUR,122.1010652496
2023-06-22,LAB_GOV_EUR,122.4314171676
2023-06-23,LAB_GOV_EUR,123.2277187750
2023-06-26,LAB_GOV_EUR,123.2950959456
2023-06-27,LAB_GOV_EUR,123.2088558502
2023-06-28,LAB_GOV_EUR,123.2035227055
2023-06-29,LAB_GOV_EUR,122.9769119611
2023-06-30,LAB_GOV_EUR,122.6611025106
2023-07-03,LAB_GOV_EUR,122.3229124816
2023-07-04,LAB_GOV_EUR,122.1707071160
2023-07-05,LAB_GOV_EUR,122.6591461034
2023-07-06,LAB_GOV_EUR,122.9730425185
2023-07-07,LAB_GOV_EUR,122.1660536681
2023-07-10,LAB_GOV_EUR,122.8518249271
2023-07-11,LAB_GOV_EUR,122.8357650340
2023-07-12,LAB_GOV_EUR,122.7973459164
2023-07-13,LAB_GOV_EUR,122.5013248258
2023-07-14,LAB_GOV_EUR,122.4817700458
2023-07-17,LAB_GOV_EUR,122.3559437790
2023-07-18,LAB_GOV_EUR,122.1073330392
2023-07-19,LAB_GOV_EUR,121.9590961244
2023-07-20,LAB_GOV_EUR,121.9244759021
2023-07-21,LAB_GOV_EUR,122.0113567335
2023-07-24,LAB_GOV_EUR,122.2215739966
2023-07-25,LAB_GOV_EUR,121.6932782182
2023-07-26,LAB_GOV_EUR,122.2174834610
2023-07-27,LAB_GOV_EUR,121.8801538561
2023-07-28,LAB_GOV_EUR,122.8506345596
2023-07-31,LAB_GOV_EUR,123.2588334457
2023-08-01,LAB_GOV_EUR,122.2992093955
2023-08-02,LAB_GOV_EUR,122.0755052247
2023-08-03,LAB_GOV_EUR,122.3729643190
2023-08-04,LAB_GOV_EUR,121.9796793815
2023-08-07,LAB_GOV_EUR,121.9815437636
2023-08-08,LAB_GOV_EUR,121.9953954214
2023-08-09,LAB_GOV_EUR,121.7885540935
2023-08-10,LAB_GOV_EUR,121.7314171491
2023-08-11,LAB_GOV_EUR,121.4352181917
2023-08-14,LAB_GOV_EUR,121.3906835384
2023-08-15,LAB_GOV_EUR,121.4324405779
2023-08-16,LAB_GOV_EUR,121.8779774330
2023-08-17,LAB_GOV_EUR,121.5104749069
2023-08-18,LAB_GOV_EUR,121.8178778300
2023-08-21,LAB_GOV_EUR,121.6098609919
2023-08-22,LAB_GOV_EUR,121.0594082445
2023-08-23,LAB_GOV_EUR,122.0229034232
2023-08-24,LAB_GOV_EUR,122.5192840432
2023-08-25,LAB_GOV_EUR,122.8055670571
2023-08-28,LAB_GOV_EUR,122.6307749527
2023-08-29,LAB_GOV_EUR,122.6149997041
2023-08-30,LAB_GOV_EUR,122.9473632837
2023-08-31,LAB_GOV_EUR,122.9892810628
2023-09-01,LAB_GOV_EUR,122.8247516129
2023-09-04,LAB_GOV_EUR,123.1921692905
2023-09-05,LAB_GOV_EUR,122.9693550772
2023-09-06,LAB_GOV_EUR,123.4341101244
2023-09-07,LAB_GOV_EUR,123.0802981570
2023-09-08,LAB_GOV_EUR,123.1234541797
2023-09-11,LAB_GOV_EUR,123.5282042320
2023-09-12,LAB_GOV_EUR,122.8581423435
2023-09-13,LAB_GOV_EUR,123.5873253652
2023-09-14,LAB_GOV_EUR,124.3400688596
2023-09-15,LAB_GOV_EUR,124.2400597096
2023-09-18,LAB_GOV_EUR,123.6437472171
2023-09-19,LAB_GOV_EUR,123.5965863373
2023-09-20,LAB_GOV_EUR,123.3175369595
2023-09-21,LAB_GOV_EUR,123.6179705345
2023-09-22,LAB_GOV_EUR,124.1141264400
2023-09-25,LAB_GOV_EUR,123.7634330436
2023-09-26,LAB_GOV_EUR,123.3568321948
2023-09-27,LAB_GOV_EUR,122.8694279712
2023-09-28,LAB_GOV_EUR,123.1960940630
2023-09-29,LAB_GOV_EUR,123.5709305712
2023-10-02,LAB_GOV_EUR,123.9793101941
2023-10-03,LAB_GOV_EUR,123.6012168455
2023-10-04,LAB_GOV_EUR,123.0336640663
2023-10-05,LAB_GOV_EUR,122.7280838175
2023-10-06,LAB_GOV_EUR,122.9366917161
2023-10-09,LAB_GOV_EUR,123.1895909292
2023-10-10,LAB_GOV_EUR,123.0828075978
2023-10-11,LAB_GOV_EUR,123.3482711094
2023-10-12,LAB_GOV_EUR,123.4013875917
2023-10-13,LAB_GOV_EUR,123.6173545006
2023-10-16,LAB_GOV_EUR,123.4249430587
2023-10-17,LAB_GOV_EUR,123.0067314291
2023-10-18,LAB_GOV_EUR,123.0354680785
2023-10-19,LAB_GOV_EUR,122.9299292057
2023-10-20,LAB_GOV_EUR,122.7243073398
2023-10-23,LAB_GOV_EUR,122.9087647838
2023-10-24,LAB_GOV_EUR,123.3063887653
2023-10-25,LAB_GOV_EUR,123.7326536064
2023-10-26,LAB_GOV_EUR,123.7050593712
2023-10-27,LAB_GOV_EUR,123.6874453962
2023-10-30,LAB_GOV_EUR,123.4014831349
2023-10-31,LAB_GOV_EUR,124.0915394923
2023-11-01,LAB_GOV_EUR,124.3002187285
2023-11-02,LAB_GOV_EUR,124.4891821375
2023-11-03,LAB_GOV_EUR,124.2124436747
2023-11-06,LAB_GOV_EUR,124.1378171364
2023-11-07,LAB_GOV_EUR,124.7976606791
2023-11-08,LAB_GOV_EUR,125.2890427004
2023-11-09,LAB_GOV_EUR,126.2553195670
2023-11-10,LAB_GOV_EUR,126.8100882824
2023-11-13,LAB_GOV_EUR,126.5863364638
2023-11-14,LAB_GOV_EUR,126.7336284638
2023-11-15,LAB_GOV_EUR,126.9829174678
2023-11-16,LAB_GOV_EUR,126.9722412490
2023-11-17,LAB_GOV_EUR,126.1616180939
2023-11-20,LAB_GOV_EUR,125.6753288235
2023-11-21,LAB_GOV_EUR,126.3923275143
2023-11-22,LAB_GOV_EUR,126.8414646450
2023-11-23,LAB_GOV_EUR,126.9076238003
2023-11-24,LAB_GOV_EUR,127.0955048635
2023-11-27,LAB_GOV_EUR,126.9673011026
2023-11-28,LAB_GOV_EUR,126.8458437336
2023-11-29,LAB_GOV_EUR,126.5073170848
2023-11-30,LAB_GOV_EUR,126.2732698891
2023-12-01,LAB_GOV_EUR,126.7222238342
2023-12-04,LAB_GOV_EUR,126.7056652096
2023-12-05,LAB_GOV_EUR,126.7015164569
2023-12-06,LAB_GOV_EUR,126.8065352811
2023-12-07,LAB_GOV_EUR,127.9822808106
2023-12-08,LAB_GOV_EUR,128.3600718566
2023-12-11,LAB_GOV_EUR,127.9081719170
2023-12-12,LAB_GOV_EUR,127.8269512473
2023-12-13,LAB_GOV_EUR,127.6199641410
2023-12-14,LAB_GOV_EUR,127.9974996898
2023-12-15,LAB_GOV_EUR,129.1007563294
2023-12-18,LAB_GOV_EUR,129.8514052311
2023-12-19,LAB_GOV_EUR,130.6658070859
2023-12-20,LAB_GOV_EUR,130.8539795287
2023-12-21,LAB_GOV_EUR,130.7774460518
2023-12-22,LAB_GOV_EUR,130.9326121441
2023-12-25,LAB_GOV_EUR,130.5744258989
2023-12-26,LAB_GOV_EUR,130.0546675060
2023-12-27,LAB_GOV_EUR,130.5492247680
2023-12-28,LAB_GOV_EUR,130.8857202115
2023-12-29,LAB_GOV_EUR,130.3452686174
2024-01-01,LAB_GOV_EUR,129.8774597233
2024-01-02,LAB_GOV_EUR,129.9261721801
2024-01-03,LAB_GOV_EUR,130.4751428560
2024-01-04,LAB_GOV_EUR,131.3937880371
2024-01-05,LAB_GOV_EUR,132.2033391252
2024-01-08,LAB_GOV_EUR,132.5148046263
2024-01-09,LAB_GOV_EUR,132.3459394671
2024-01-10,LAB_GOV_EUR,131.2377172359
2024-01-11,LAB_GOV_EUR,131.5852062164
2024-01-12,LAB_GOV_EUR,131.5886181373
2024-01-15,LAB_GOV_EUR,131.1317762197
2024-01-16,LAB_GOV_EUR,130.9995576590
2024-01-17,LAB_GOV_EUR,130.3720503577
2024-01-18,LAB_GOV_EUR,130.7759688572
2024-01-19,LAB_GOV_EUR,130.5141317954
2024-01-22,LAB_GOV_EUR,130.6722348473
2024-01-23,LAB_GOV_EUR,130.8892012122
2024-01-24,LAB_GOV_EUR,130.4676088851
2024-01-25,LAB_GOV_EUR,130.9276268811
2024-01-26,LAB_GOV_EUR,131.0437392186
2024-01-29,LAB_GOV_EUR,131.1431691338
2024-01-30,LAB_GOV_EUR,130.5988604626
2024-01-31,LAB_GOV_EUR,130.9282306594
2024-02-01,LAB_GOV_EUR,131.1898495906
2024-02-02,LAB_GOV_EUR,130.7821216859
2024-02-05,LAB_GOV_EUR,130.7814458037
2024-02-06,LAB_GOV_EUR,131.0718645968
2024-02-07,LAB_GOV_EUR,131.0804841214
2024-02-08,LAB_GOV_EUR,132.0959696012
2024-02-09,LAB_GOV_EUR,132.1766243452
2024-02-12,LAB_GOV_EUR,131.8340387848
2024-02-13,LAB_GOV_EUR,131.3159376245
2024-02-14,LAB_GOV_EUR,131.1505778368
2024-02-15,LAB_GOV_EUR,131.1093494519
2024-02-16,LAB_GOV_EUR,131.1814688888
2024-02-19,LAB_GOV_EUR,131.1208495452
2024-02-20,LAB_GOV_EUR,131.1380027768
2024-02-21,LAB_GOV_EUR,131.6292350171
2024-02-22,LAB_GOV_EUR,131.2645247206
2024-02-23,LAB_GOV_EUR,131.5267555968
2024-02-26,LAB_GOV_EUR,131.4058850235
2024-02-27,LAB_GOV_EUR,131.6945192184
2024-02-28,LAB_GOV_EUR,130.9403749913
2024-02-29,LAB_GOV_EUR,130.2084732990
2024-03-01,LAB_GOV_EUR,129.7794555897
2024-03-04,LAB_GOV_EUR,128.9912933268
2024-03-05,LAB_GOV_EUR,128.9399710139
2024-03-06,LAB_GOV_EUR,128.8790985236
2024-03-07,LAB_GOV_EUR,129.7119590611
2024-03-08,LAB_GOV_EUR,129.1711134488
2024-03-11,LAB_GOV_EUR,128.3186244138
2024-03-12,LAB_GOV_EUR,128.6270243813
2024-03-13,LAB_GOV_EUR,128.3418220284
2024-03-14,LAB_GOV_EUR,128.3066887416
2024-03-15,LAB_GOV_EUR,128.7766786243
2024-03-18,LAB_GOV_EUR,129.3976861522
2024-03-19,LAB_GOV_EUR,129.4596554937
2024-03-20,LAB_GOV_EUR,128.6241295756
2024-03-21,LAB_GOV_EUR,128.0444942320
2024-03-22,LAB_GOV_EUR,128.0131332233
2024-03-25,LAB_GOV_EUR,127.7866154036
2024-03-26,LAB_GOV_EUR,127.2704626203
2024-03-27,LAB_GOV_EUR,126.8077993036
2024-03-28,LAB_GOV_EUR,126.2421464418
2024-03-29,LAB_GOV_EUR,125.6956502208
2024-04-01,LAB_GOV_EUR,126.1201127765
2024-04-02,LAB_GOV_EUR,125.9599567914
2024-04-03,LAB_GOV_EUR,125.5219435297
2024-04-04,LAB_GOV_EUR,125.4980309355
2024-04-05,LAB_GOV_EUR,124.9707453513
2024-04-08,LAB_GOV_EUR,124.5106926956
2024-04-09,LAB_GOV_EUR,124.5252332416
2024-04-10,LAB_GOV_EUR,123.8322928706
2024-04-11,LAB_GOV_EUR,123.9670771687
2024-04-12,LAB_GOV_EUR,124.2979664775
2024-04-15,LAB_GOV_EUR,124.5067048123
2024-04-16,LAB_GOV_EUR,125.1492882852
2024-04-17,LAB_GOV_EUR,125.2978927614
2024-04-18,LAB_GOV_EUR,124.7296076783
2024-04-19,LAB_GOV_EUR,124.0435795566
2024-04-22,LAB_GOV_EUR,124.3116747949
2024-04-23,LAB_GOV_EUR,124.6096789256
2024-04-24,LAB_GOV_EUR,124.1029099810
2024-04-25,LAB_GOV_EUR,123.6020229381
2024-04-26,LAB_GOV_EUR,123.1550921120
2024-04-29,LAB_GOV_EUR,123.1229734829
2024-04-30,LAB_GOV_EUR,123.1150645491
2024-05-01,LAB_GOV_EUR,123.1681631035
2024-05-02,LAB_GOV_EUR,123.2274780638
2024-05-03,LAB_GOV_EUR,123.4161437168
2024-05-06,LAB_GOV_EUR,123.1674532785
2024-05-07,LAB_GOV_EUR,123.1318700934
2024-05-08,LAB_GOV_EUR,122.9896712823
2024-05-09,LAB_GOV_EUR,122.5836303661
2024-05-10,LAB_GOV_EUR,122.5987563134
2024-05-13,LAB_GOV_EUR,123.3379938279
2024-05-14,LAB_GOV_EUR,123.3018864278
2024-05-15,LAB_GOV_EUR,123.1384040299
2024-05-16,LAB_GOV_EUR,122.6087724577
2024-05-17,LAB_GOV_EUR,122.8938716254
2024-05-20,LAB_GOV_EUR,122.0955544295
2024-05-21,LAB_GOV_EUR,122.1195917587
2024-05-22,LAB_GOV_EUR,122.7464447574
2024-05-23,LAB_GOV_EUR,122.2591605290
2024-05-24,LAB_GOV_EUR,121.6864569843
2024-05-27,LAB_GOV_EUR,121.8012486586
2024-05-28,LAB_GOV_EUR,121.7633537479
2024-05-29,LAB_GOV_EUR,121.3464767910
2024-05-30,LAB_GOV_EUR,121.4393532765
2024-05-31,LAB_GOV_EUR,121.4117747462
2024-06-03,LAB_GOV_EUR,121.3348278607
2024-06-04,LAB_GOV_EUR,121.9334696213
2024-06-05,LAB_GOV_EUR,121.6629758234
2024-06-06,LAB_GOV_EUR,121.2130890778
2024-06-07,LAB_GOV_EUR,121.2015306043
2024-06-10,LAB_GOV_EUR,121.0128581765
2024-06-11,LAB_GOV_EUR,121.1506840433
2024-06-12,LAB_GOV_EUR,121.2645557242
2024-06-13,LAB_GOV_EUR,121.3571958286
2024-06-14,LAB_GOV_EUR,121.7172815792
2024-06-17,LAB_GOV_EUR,121.8237241867
2024-06-18,LAB_GOV_EUR,121.7350426549
2024-06-19,LAB_GOV_EUR,121.9563359587
2024-06-20,LAB_GOV_EUR,121.9867718545
2024-06-21,LAB_GOV_EUR,121.9333243389
2024-06-24,LAB_GOV_EUR,121.1434471590
2024-06-25,LAB_GOV_EUR,120.6375307585
2024-06-26,LAB_GOV_EUR,119.5098125212
2024-06-27,LAB_GOV_EUR,119.6706300808
2024-06-28,LAB_GOV_EUR,120.2495780533
2024-07-01,LAB_GOV_EUR,119.7018580867
2024-07-02,LAB_GOV_EUR,119.7825289394
2024-07-03,LAB_GOV_EUR,120.0746465890
2024-07-04,LAB_GOV_EUR,120.1527518726
2024-07-05,LAB_GOV_EUR,119.7031376237
2024-07-08,LAB_GOV_EUR,119.6546896169
2024-07-09,LAB_GOV_EUR,119.2189524368
2024-07-10,LAB_GOV_EUR,118.6208890460
2024-07-11,LAB_GOV_EUR,118.1671402092
2024-07-12,LAB_GOV_EUR,118.2974167314
2024-07-15,LAB_GOV_EUR,118.3906941906
2024-07-16,LAB_GOV_EUR,118.0177297895
2024-07-17,LAB_GOV_EUR,118.1119861712
2024-07-18,LAB_GOV_EUR,118.0694187834
2024-07-19,LAB_GOV_EUR,118.0102162832
2024-07-22,LAB_GOV_EUR,116.9590047771
2024-07-23,LAB_GOV_EUR,117.3120034865
2024-07-24,LAB_GOV_EUR,117.8341380486
2024-07-25,LAB_GOV_EUR,117.7041033838
2024-07-26,LAB_GOV_EUR,117.7224364393
2024-07-29,LAB_GOV_EUR,117.7514714616
2024-07-30,LAB_GOV_EUR,117.5705714387
2024-07-31,LAB_GOV_EUR,117.0253632925
2024-08-01,LAB_GOV_EUR,117.4698011287
2024-08-02,LAB_GOV_EUR,117.3374481303
2024-08-05,LAB_GOV_EUR,117.6994222248
2024-08-06,LAB_GOV_EUR,118.2707409625
2024-08-07,LAB_GOV_EUR,118.2010061001
2024-08-08,LAB_GOV_EUR,118.4731585069
2024-08-09,LAB_GOV_EUR,118.6517218462
2024-08-12,LAB_GOV_EUR,118.6826596980
2024-08-13,LAB_GOV_EUR,119.3396452515
2024-08-14,LAB_GOV_EUR,120.1010896384
2024-08-15,LAB_GOV_EUR,120.2231850978
2024-08-16,LAB_GOV_EUR,119.9211448536
2024-08-19,LAB_GOV_EUR,119.5911025121
2024-08-20,LAB_GOV_EUR,119.3376406712
2024-08-21,LAB_GOV_EUR,119.7237193193
2024-08-22,LAB_GOV_EUR,119.4786099653
2024-08-23,LAB_GOV_EUR,119.7861758551
2024-08-26,LAB_GOV_EUR,120.1288613852
2024-08-27,LAB_GOV_EUR,120.6259037790
2024-08-28,LAB_GOV_EUR,120.7738397117
2024-08-29,LAB_GOV_EUR,120.4667867487
2024-08-30,LAB_GOV_EUR,120.2264571678
2024-09-02,LAB_GOV_EUR,119.8960798385
2024-09-03,LAB_GOV_EUR,120.1183091133
2024-09-04,LAB_GOV_EUR,120.7522915237
2024-09-05,LAB_GOV_EUR,119.9263695659
2024-09-06,LAB_GOV_EUR,119.6196041732
2024-09-09,LAB_GOV_EUR,119.5277177932
2024-09-10,LAB_GOV_EUR,119.6568625812
2024-09-11,LAB_GOV_EUR,119.8626312469
2024-09-12,LAB_GOV_EUR,120.7204355926
2024-09-13,LAB_GOV_EUR,121.0744294376
2024-09-16,LAB_GOV_EUR,121.1925387386
2024-09-17,LAB_GOV_EUR,121.4104629113
2024-09-18,LAB_GOV_EUR,121.5718303148
2024-09-19,LAB_GOV_EUR,122.3900040454
2024-09-20,LAB_GOV_EUR,122.6653857615
2024-09-23,LAB_GOV_EUR,121.9931192788
2024-09-24,LAB_GOV_EUR,122.5506365655
2024-09-25,LAB_GOV_EUR,122.6046071685
2024-09-26,LAB_GOV_EUR,123.0334294001
2024-09-27,LAB_GOV_EUR,123.1534333485
2024-09-30,LAB_GOV_EUR,123.1350042791
2024-10-01,LAB_GOV_EUR,123.2514297557
2024-10-02,LAB_GOV_EUR,122.3994920207
2024-10-03,LAB_GOV_EUR,122.7655383791
2024-10-04,LAB_GOV_EUR,122.9609044925
2024-10-07,LAB_GOV_EUR,123.5910352390
2024-10-08,LAB_GOV_EUR,124.2962758586
2024-10-09,LAB_GOV_EUR,123.4239967153
2024-10-10,LAB_GOV_EUR,123.6438865743
2024-10-11,LAB_GOV_EUR,122.8250777471
2024-10-14,LAB_GOV_EUR,122.9514859324
2024-10-15,LAB_GOV_EUR,123.7563382050
2024-10-16,LAB_GOV_EUR,123.1584048852
2024-10-17,LAB_GOV_EUR,123.1182822384
2024-10-18,LAB_GOV_EUR,123.3392182060
2024-10-21,LAB_GOV_EUR,122.9352971502
2024-10-22,LAB_GOV_EUR,122.9419904115
2024-10-23,LAB_GOV_EUR,122.8192918125
2024-10-24,LAB_GOV_EUR,122.4905422973
2024-10-25,LAB_GOV_EUR,122.2469488515
2024-10-28,LAB_GOV_EUR,121.6228984030
2024-10-29,LAB_GOV_EUR,121.8929496697
2024-10-30,LAB_GOV_EUR,121.9515713843
2024-10-31,LAB_GOV_EUR,122.1152917631
2024-11-01,LAB_GOV_EUR,121.5061055523
2024-11-04,LAB_GOV_EUR,122.1002839831
2024-11-05,LAB_GOV_EUR,121.3077528512
2024-11-06,LAB_GOV_EUR,120.9828528494
2024-11-07,LAB_GOV_EUR,121.5809402753
2024-11-08,LAB_GOV_EUR,121.3167451889
2024-11-11,LAB_GOV_EUR,121.0115217338
2024-11-12,LAB_GOV_EUR,120.7816719170
2024-11-13,LAB_GOV_EUR,121.1147064457
2024-11-14,LAB_GOV_EUR,121.4890377809
2024-11-15,LAB_GOV_EUR,121.8764408609
2024-11-18,LAB_GOV_EUR,122.1067762542
2024-11-19,LAB_GOV_EUR,122.5152462638
2024-11-20,LAB_GOV_EUR,122.9036023209
2024-11-21,LAB_GOV_EUR,122.9382863304
2024-11-22,LAB_GOV_EUR,123.0235341348
2024-11-25,LAB_GOV_EUR,122.9632097856
2024-11-26,LAB_GOV_EUR,123.3413429971
2024-11-27,LAB_GOV_EUR,123.6595043062
2024-11-28,LAB_GOV_EUR,123.2331003632
2024-11-29,LAB_GOV_EUR,122.9069999415
2024-12-02,LAB_GOV_EUR,123.0233565375
2024-12-03,LAB_GOV_EUR,123.0702137067
2024-12-04,LAB_GOV_EUR,123.7984138855
2024-12-05,LAB_GOV_EUR,124.4695754986
2024-12-06,LAB_GOV_EUR,124.4559800279
2024-12-09,LAB_GOV_EUR,124.3296959137
2024-12-10,LAB_GOV_EUR,124.4007089332
2024-12-11,LAB_GOV_EUR,124.8855278085
2024-12-12,LAB_GOV_EUR,124.8023238605
2024-12-13,LAB_GOV_EUR,124.9589848732
2024-12-16,LAB_GOV_EUR,125.3472834013
2024-12-17,LAB_GOV_EUR,125.6208502235
2024-12-18,LAB_GOV_EUR,125.2784560276
2024-12-19,LAB_GOV_EUR,125.5654083949
2024-12-20,LAB_GOV_EUR,125.4690420401
2024-12-23,LAB_GOV_EUR,124.4249377939
2024-12-24,LAB_GOV_EUR,124.5971580400
2024-12-25,LAB_GOV_EUR,124.7290541082
2024-12-26,LAB_GOV_EUR,124.0098651133
2024-12-27,LAB_GOV_EUR,123.8657657998
2024-12-30,LAB_GOV_EUR,124.1861375084
2024-12-31,LAB_GOV_EUR,124.6742961304
2025-01-01,LAB_GOV_EUR,124.4851569361
2025-01-02,LAB_GOV_EUR,123.7882930213
2025-01-03,LAB_GOV_EUR,122.8966598146
2025-01-06,LAB_GOV_EUR,123.2589763486
2025-01-07,LAB_GOV_EUR,123.4413101313
2025-01-08,LAB_GOV_EUR,123.5501419034
2025-01-09,LAB_GOV_EUR,123.8383221129
2025-01-10,LAB_GOV_EUR,123.3098144168
2025-01-13,LAB_GOV_EUR,122.8192727206
2025-01-14,LAB_GOV_EUR,122.6279592496
2025-01-15,LAB_GOV_EUR,122.7460166452
2025-01-16,LAB_GOV_EUR,122.2747298721
2025-01-17,LAB_GOV_EUR,122.1846253261
2025-01-20,LAB_GOV_EUR,122.5836506536
2025-01-21,LAB_GOV_EUR,122.2443956976
2025-01-22,LAB_GOV_EUR,122.0803882209
2025-01-23,LAB_GOV_EUR,122.6041663686
2025-01-24,LAB_GOV_EUR,122.2743203744
2025-01-27,LAB_GOV_EUR,122.0865658161
2025-01-28,LAB_GOV_EUR,122.6751956991
2025-01-29,LAB_GOV_EUR,121.9825351624
2025-01-30,LAB_GOV_EUR,122.6334061698
2025-01-31,LAB_GOV_EUR,123.1808314980
2025-02-03,LAB_GOV_EUR,123.2774085494
2025-02-04,LAB_GOV_EUR,123.2374251066
2025-02-05,LAB_GOV_EUR,123.5431042772
2025-02-06,LAB_GOV_EUR,123.8298915479
2025-02-07,LAB_GOV_EUR,123.5421144239
2025-02-10,LAB_GOV_EUR,122.3578062534
2025-02-11,LAB_GOV_EUR,122.8454237273
2025-02-12,LAB_GOV_EUR,122.9635082875
2025-02-13,LAB_GOV_EUR,123.2340875865
2025-02-14,LAB_GOV_EUR,123.7023866228
2025-02-17,LAB_GOV_EUR,123.6467439002
2025-02-18,LAB_GOV_EUR,123.1642986734
2025-02-19,LAB_GOV_EUR,123.2987699505
2025-02-20,LAB_GOV_EUR,123.2187957806
2025-02-21,LAB_GOV_EUR,123.5169695014
2025-02-24,LAB_GOV_EUR,123.3164451335
2025-02-25,LAB_GOV_EUR,123.6831990280
2025-02-26,LAB_GOV_EUR,123.4736156284
2025-02-27,LAB_GOV_EUR,122.9724207690
2025-02-28,LAB_GOV_EUR,123.2955450898
2025-03-03,LAB_GOV_EUR,123.4728901634
2025-03-04,LAB_GOV_EUR,123.7408602635
2025-03-05,LAB_GOV_EUR,123.0384085319
2025-03-06,LAB_GOV_EUR,122.5723839857
2025-03-07,LAB_GOV_EUR,122.8694621085
2025-03-10,LAB_GOV_EUR,123.1124013688
2025-03-11,LAB_GOV_EUR,123.1349326887
2025-03-12,LAB_GOV_EUR,122.2435774086
2025-03-13,LAB_GOV_EUR,123.1171294432
2025-03-14,LAB_GOV_EUR,122.5390870714
2025-03-17,LAB_GOV_EUR,123.0925028974
2025-03-18,LAB_GOV_EUR,122.8989404642
2025-03-19,LAB_GOV_EUR,122.8812016422
2025-03-20,LAB_GOV_EUR,122.7622576614
2025-03-21,LAB_GOV_EUR,122.9295374298
2025-03-24,LAB_GOV_EUR,123.1674041555
2025-03-25,LAB_GOV_EUR,123.7084607026
2025-03-26,LAB_GOV_EUR,123.3783579112
2025-03-27,LAB_GOV_EUR,123.6090918234
2025-03-28,LAB_GOV_EUR,124.0888677388
2025-03-31,LAB_GOV_EUR,124.0644881838
2025-04-01,LAB_GOV_EUR,123.6492651416
2025-04-02,LAB_GOV_EUR,123.9336945377
2025-04-03,LAB_GOV_EUR,124.1113520992
2025-04-04,LAB_GOV_EUR,124.4437879041
2025-04-07,LAB_GOV_EUR,124.6516246434
2025-04-08,LAB_GOV_EUR,124.7281233188
2025-04-09,LAB_GOV_EUR,125.3344867580
2025-04-10,LAB_GOV_EUR,125.8318158488
2025-04-11,LAB_GOV_EUR,125.5919449136
2025-04-14,LAB_GOV_EUR,126.5607722715
2025-04-15,LAB_GOV_EUR,125.9720268247
2025-04-16,LAB_GOV_EUR,126.6561698883
2025-04-17,LAB_GOV_EUR,127.2798162047
2025-04-18,LAB_GOV_EUR,127.1142451508
2025-04-21,LAB_GOV_EUR,126.7292799757
2025-04-22,LAB_GOV_EUR,126.6153547988
2025-04-23,LAB_GOV_EUR,126.2581013739
2025-04-24,LAB_GOV_EUR,126.5741076548
2025-04-25,LAB_GOV_EUR,127.1837803977
2025-04-28,LAB_GOV_EUR,126.8797049870
2025-04-29,LAB_GOV_EUR,127.2186394541
2025-04-30,LAB_GOV_EUR,126.7531566369
2025-05-01,LAB_GOV_EUR,127.0432261312
2025-05-02,LAB_GOV_EUR,126.9652909387
2025-05-05,LAB_GOV_EUR,126.2400217605
2025-05-06,LAB_GOV_EUR,126.4049869486
2025-05-07,LAB_GOV_EUR,126.5321009634
2025-05-08,LAB_GOV_EUR,126.5036259118
2025-05-09,LAB_GOV_EUR,126.7217519407
2025-05-12,LAB_GOV_EUR,126.8743234966
2025-05-13,LAB_GOV_EUR,126.4000207726
2025-05-14,LAB_GOV_EUR,126.4608309581
2025-05-15,LAB_GOV_EUR,126.8183855626
2025-05-16,LAB_GOV_EUR,126.8929266294
2025-05-19,LAB_GOV_EUR,127.3162204774
2025-05-20,LAB_GOV_EUR,127.6246613507
2025-05-21,LAB_GOV_EUR,127.2069805767
2025-05-22,LAB_GOV_EUR,127.5162847681
2025-05-23,LAB_GOV_EUR,127.3700183303
2025-05-26,LAB_GOV_EUR,126.8944960661
2025-05-27,LAB_GOV_EUR,126.8533310336
2025-05-28,LAB_GOV_EUR,127.2189689199
2025-05-29,LAB_GOV_EUR,127.1189988003
2025-05-30,LAB_GOV_EUR,126.9949731490
2025-06-02,LAB_GOV_EUR,127.2386311922
2025-06-03,LAB_GOV_EUR,127.1047163040
2025-06-04,LAB_GOV_EUR,126.9455860586
2025-06-05,LAB_GOV_EUR,127.2397101381
2025-06-06,LAB_GOV_EUR,127.3414458656
2025-06-09,LAB_GOV_EUR,127.0233579338
2025-06-10,LAB_GOV_EUR,126.7291176612
2025-06-11,LAB_GOV_EUR,126.5617659761
2025-06-12,LAB_GOV_EUR,126.6470263610
2025-06-13,LAB_GOV_EUR,126.2807380214
2025-06-16,LAB_GOV_EUR,126.8579195862
2025-06-17,LAB_GOV_EUR,128.2903662805
2025-06-18,LAB_GOV_EUR,128.1793264093
2025-06-19,LAB_GOV_EUR,127.9427439775
2025-06-20,LAB_GOV_EUR,127.4078991089
2025-06-23,LAB_GOV_EUR,127.6430053167
2025-06-24,LAB_GOV_EUR,127.6486721638
2025-06-25,LAB_GOV_EUR,128.0356258166
2025-06-26,LAB_GOV_EUR,127.8977242384
2025-06-27,LAB_GOV_EUR,128.2436116728
2025-06-30,LAB_GOV_EUR,128.4598651517
2025-07-01,LAB_GOV_EUR,128.2643210019
2025-07-02,LAB_GOV_EUR,128.2087713961
2025-07-03,LAB_GOV_EUR,128.3346119320
2025-07-04,LAB_GOV_EUR,128.6082416189
2025-07-07,LAB_GOV_EUR,128.4503425302
2025-07-08,LAB_GOV_EUR,128.6863544484
2025-07-09,LAB_GOV_EUR,129.1364866539
2025-07-10,LAB_GOV_EUR,130.4025187029
2025-07-11,LAB_GOV_EUR,130.6967038451
2025-07-14,LAB_GOV_EUR,129.9843956552
2025-07-15,LAB_GOV_EUR,130.3370330592
2025-07-16,LAB_GOV_EUR,130.6260000295
2025-07-17,LAB_GOV_EUR,129.9515826010
2025-07-18,LAB_GOV_EUR,129.9078948043
2025-07-21,LAB_GOV_EUR,130.2211608473
2025-07-22,LAB_GOV_EUR,130.0536665382
2025-07-23,LAB_GOV_EUR,130.3579307429
2025-07-24,LAB_GOV_EUR,130.9717727893
2025-07-25,LAB_GOV_EUR,130.5140597438
2025-07-28,LAB_GOV_EUR,130.0743189789
2025-07-29,LAB_GOV_EUR,129.8231572651
2025-07-30,LAB_GOV_EUR,129.6580569834
2025-07-31,LAB_GOV_EUR,130.1687547052
2025-08-01,LAB_GOV_EUR,130.4522853187
2025-08-04,LAB_GOV_EUR,130.9750637784
2025-08-05,LAB_GOV_EUR,131.3062350220
2025-08-06,LAB_GOV_EUR,131.3200612472
2025-08-07,LAB_GOV_EUR,131.1781490478
2025-08-08,LAB_GOV_EUR,130.8721651086
2025-08-11,LAB_GOV_EUR,130.9770913530
2025-08-12,LAB_GOV_EUR,130.5404262467
2025-08-13,LAB_GOV_EUR,131.0636757503
2025-08-14,LAB_GOV_EUR,131.5675695145
2025-08-15,LAB_GOV_EUR,131.3676740770
2025-08-18,LAB_GOV_EUR,131.1110496275
2025-08-19,LAB_GOV_EUR,130.0688925926
2025-08-20,LAB_GOV_EUR,130.3406407416
2025-08-21,LAB_GOV_EUR,130.4501612575
2025-08-22,LAB_GOV_EUR,130.4989120821
2025-08-25,LAB_GOV_EUR,130.5861051461
2025-08-26,LAB_GOV_EUR,130.7301853352
2025-08-27,LAB_GOV_EUR,130.8062408401
2025-08-28,LAB_GOV_EUR,131.0432195078
2025-08-29,LAB_GOV_EUR,131.3345469563
2025-09-01,LAB_GOV_EUR,131.1619795644
2025-09-02,LAB_GOV_EUR,131.6242931194
2025-09-03,LAB_GOV_EUR,131.7632015362
2025-09-04,LAB_GOV_EUR,131.2672632446
2025-09-05,LAB_GOV_EUR,131.3521013415
2025-09-08,LAB_GOV_EUR,132.0541242684
2025-09-09,LAB_GOV_EUR,131.7582663697
2025-09-10,LAB_GOV_EUR,132.5388034635
2025-09-11,LAB_GOV_EUR,132.5460977366
2025-09-12,LAB_GOV_EUR,132.9771978612
2025-09-15,LAB_GOV_EUR,133.4897684296
2025-09-16,LAB_GOV_EUR,133.2302139720
2025-09-17,LAB_GOV_EUR,133.0496351033
2025-09-18,LAB_GOV_EUR,132.9141766219
2025-09-19,LAB_GOV_EUR,133.1402554280
2025-09-22,LAB_GOV_EUR,133.1411380649
2025-09-23,LAB_GOV_EUR,133.1978056158
2025-09-24,LAB_GOV_EUR,133.3751153714
2025-09-25,LAB_GOV_EUR,133.0172977528
2025-09-26,LAB_GOV_EUR,133.4695224379
2025-09-29,LAB_GOV_EUR,133.0591093587
2025-09-30,LAB_GOV_EUR,132.3566654204
2025-10-01,LAB_GOV_EUR,132.1810306036
2025-10-02,LAB_GOV_EUR,131.8468344150
2025-10-03,LAB_GOV_EUR,132.2284369684
2025-10-06,LAB_GOV_EUR,132.3688693225
2025-10-07,LAB_GOV_EUR,132.8883183517
2025-10-08,LAB_GOV_EUR,132.4929026592
2025-10-09,LAB_GOV_EUR,132.2147518746
2025-10-10,LAB_GOV_EUR,132.0040255752
2025-10-13,LAB_GOV_EUR,131.8436216529
2025-10-14,LAB_GOV_EUR,132.0533280878
2025-10-15,LAB_GOV_EUR,132.0308686551
2025-10-16,LAB_GOV_EUR,132.5444392246
2025-10-17,LAB_GOV_EUR,132.6915208496
2025-10-20,LAB_GOV_EUR,132.4367011385
2025-10-21,LAB_GOV_EUR,132.0253597880
2025-10-22,LAB_GOV_EUR,131.6164474175
2025-10-23,LAB_GOV_EUR,131.3196668389
2025-10-24,LAB_GOV_EUR,130.9439049954
2025-10-27,LAB_GOV_EUR,130.6647810357
2025-10-28,LAB_GOV_EUR,130.5733672960
2025-10-29,LAB_GOV_EUR,131.2422448847
2025-10-30,LAB_GOV_EUR,130.8696479932
2025-10-31,LAB_GOV_EUR,130.9201088324
2025-11-03,LAB_GOV_EUR,130.7799560887
2025-11-04,LAB_GOV_EUR,130.3968226345
2025-11-05,LAB_GOV_EUR,130.6474622456
2025-11-06,LAB_GOV_EUR,130.5864625408
2025-11-07,LAB_GOV_EUR,130.6259825503
2025-11-10,LAB_GOV_EUR,130.7061078610
2025-11-11,LAB_GOV_EUR,130.8644591874
2025-11-12,LAB_GOV_EUR,131.8937928150
2025-11-13,LAB_GOV_EUR,131.3237285707
2025-11-14,LAB_GOV_EUR,131.3763922854
2025-11-17,LAB_GOV_EUR,131.5399704331
2025-11-18,LAB_GOV_EUR,132.2755710995
2025-11-19,LAB_GOV_EUR,132.2929383646
2025-11-20,LAB_GOV_EUR,132.6537798576
2025-11-21,LAB_GOV_EUR,132.7447703712
2025-11-24,LAB_GOV_EUR,131.9863932154
2025-11-25,LAB_GOV_EUR,131.8408326588
2025-11-26,LAB_GOV_EUR,131.5298251220
2025-11-27,LAB_GOV_EUR,131.6903627433
2025-11-28,LAB_GOV_EUR,131.3556020804
2025-12-01,LAB_GOV_EUR,131.1751210763
2025-12-02,LAB_GOV_EUR,131.7035802279
2025-12-03,LAB_GOV_EUR,131.7236201271
2025-12-04,LAB_GOV_EUR,132.1140728447
2025-12-05,LAB_GOV_EUR,132.2321792580
2025-12-08,LAB_GOV_EUR,131.7779918283
2025-12-09,LAB_GOV_EUR,132.3038661794
2025-12-10,LAB_GOV_EUR,131.5659203045
2025-12-11,LAB_GOV_EUR,131.0410707742
2025-12-12,LAB_GOV_EUR,131.6240361203
2025-12-15,LAB_GOV_EUR,131.4170717743
2025-12-16,LAB_GOV_EUR,132.4865501924
2025-12-17,LAB_GOV_EUR,132.0625900877
2025-12-18,LAB_GOV_EUR,132.4454747319
2025-12-19,LAB_GOV_EUR,132.2242337337
2025-12-22,LAB_GOV_EUR,132.4725028273
2025-12-23,LAB_GOV_EUR,132.1723443849
2025-12-24,LAB_GOV_EUR,132.3554079644
2025-12-25,LAB_GOV_EUR,132.0979252519
2025-12-26,LAB_GOV_EUR,132.5579580763
2025-12-29,LAB_GOV_EUR,132.3893170492
2025-12-30,LAB_GOV_EUR,132.8077913548
2025-12-31,LAB_GOV_EUR,132.2429345598
2021-01-04,LAB_GOV_GBP,109.0000000000
2021-01-05,LAB_GOV_GBP,109.0103582224
2021-01-06,LAB_GOV_GBP,109.4871374674
2021-01-07,LAB_GOV_GBP,109.6513629516
2021-01-08,LAB_GOV_GBP,110.1023891987
2021-01-11,LAB_GOV_GBP,110.3230425575
2021-01-12,LAB_GOV_GBP,109.4368574601
2021-01-13,LAB_GOV_GBP,109.4182249247
2021-01-14,LAB_GOV_GBP,108.6975632668
2021-01-15,LAB_GOV_GBP,108.6627802825
2021-01-18,LAB_GOV_GBP,108.4288987606
2021-01-19,LAB_GOV_GBP,108.0284821935
2021-01-20,LAB_GOV_GBP,108.3084116083
2021-01-21,LAB_GOV_GBP,108.7191384585
2021-01-22,LAB_GOV_GBP,109.1802720753
2021-01-25,LAB_GOV_GBP,110.0809707358
2021-01-26,LAB_GOV_GBP,108.9506151487
2021-01-27,LAB_GOV_GBP,109.0261474556
2021-01-28,LAB_GOV_GBP,109.1850931662
2021-01-29,LAB_GOV_GBP,109.5001033155
2021-02-01,LAB_GOV_GBP,109.7939721001
2021-02-02,LAB_GOV_GBP,109.1879966171
2021-02-03,LAB_GOV_GBP,109.0811136062
2021-02-04,LAB_GOV_GBP,109.0871728695
2021-02-05,LAB_GOV_GBP,108.7473458597
2021-02-08,LAB_GOV_GBP,109.7794922324
2021-02-09,LAB_GOV_GBP,109.6314424559
2021-02-10,LAB_GOV_GBP,109.7599554877
2021-02-11,LAB_GOV_GBP,109.9447766252
2021-02-12,LAB_GOV_GBP,109.7416388707
2021-02-15,LAB_GOV_GBP,108.8055488756
2021-02-16,LAB_GOV_GBP,109.0399713543
2021-02-17,LAB_GOV_GBP,108.3220806714
2021-02-18,LAB_GOV_GBP,108.7929243381
2021-02-19,LAB_GOV_GBP,109.4893016743
2021-02-22,LAB_GOV_GBP,108.3910351841
2021-02-23,LAB_GOV_GBP,108.3719421161
2021-02-24,LAB_GOV_GBP,108.2888383805
2021-02-25,LAB_GOV_GBP,108.1196663382
2021-02-26,LAB_GOV_GBP,107.8995902899
2021-03-01,LAB_GOV_GBP,107.7427322820
2021-03-02,LAB_GOV_GBP,107.6397784623
2021-03-03,LAB_GOV_GBP,107.7362742634
2021-03-04,LAB_GOV_GBP,107.0024508972
2021-03-05,LAB_GOV_GBP,107.5509264524
2021-03-08,LAB_GOV_GBP,106.8622903766
2021-03-09,LAB_GOV_GBP,106.9362330283
2021-03-10,LAB_GOV_GBP,107.0850020172
2021-03-11,LAB_GOV_GBP,107.1250167271
2021-03-12,LAB_GOV_GBP,106.9007751300
2021-03-15,LAB_GOV_GBP,106.0894574026
2021-03-16,LAB_GOV_GBP,106.7816477350
2021-03-17,LAB_GOV_GBP,107.2251270364
2021-03-18,LAB_GOV_GBP,106.6746854750
2021-03-19,LAB_GOV_GBP,106.1835639741
2021-03-22,LAB_GOV_GBP,106.0682529215
2021-03-23,LAB_GOV_GBP,105.5271964132
2021-03-24,LAB_GOV_GBP,105.8232813227
2021-03-25,LAB_GOV_GBP,105.9474197359
2021-03-26,LAB_GOV_GBP,105.7310755108
2021-03-29,LAB_GOV_GBP,105.7183050471
2021-03-30,LAB_GOV_GBP,105.7484564970
2021-03-31,LAB_GOV_GBP,106.3785513655
2021-04-01,LAB_GOV_GBP,107.0016677291
2021-04-02,LAB_GOV_GBP,107.0999236304
2021-04-05,LAB_GOV_GBP,107.6757965803
2021-04-06,LAB_GOV_GBP,108.9161250349
2021-04-07,LAB_GOV_GBP,107.9630085060
2021-04-08,LAB_GOV_GBP,108.1407455964
2021-04-09,LAB_GOV_GBP,108.8168336193
2021-04-12,LAB_GOV_GBP,108.7986823586
2021-04-13,LAB_GOV_GBP,109.3013025179
2021-04-14,LAB_GOV_GBP,109.1190524655
2021-04-15,LAB_GOV_GBP,109.5752299682
2021-04-16,LAB_GOV_GBP,109.9515549660
2021-04-19,LAB_GOV_GBP,110.3360798547
2021-04-20,LAB_GOV_GBP,110.5105605981
2021-04-21,LAB_GOV_GBP,110.6795270168
2021-04-22,LAB_GOV_GBP,110.6398556714
2021-04-23,LAB_GOV_GBP,110.6177506592
2021-04-26,LAB_GOV_GBP,111.1146843472
2021-04-27,LAB_GOV_GBP,110.8389355998
2021-04-28,LAB_GOV_GBP,110.9890309617
2021-04-29,LAB_GOV_GBP,111.4014322155
2021-04-30,LAB_GOV_GBP,111.3670925503
2021-05-03,LAB_GOV_GBP,110.8641291118
2021-05-04,LAB_GOV_GBP,111.3182257239
2021-05-05,LAB_GOV_GBP,111.4016823985
2021-05-06,LAB_GOV_GBP,112.0617191855
2021-05-07,LAB_GOV_GBP,112.1743332020
2021-05-10,LAB_GOV_GBP,112.6996072354
2021-05-11,LAB_GOV_GBP,112.4478374543
2021-05-12,LAB_GOV_GBP,112.0661096404
2021-05-13,LAB_GOV_GBP,111.1364162705
2021-05-14,LAB_GOV_GBP,111.6661277026
2021-05-17,LAB_GOV_GBP,112.6250603191
2021-05-18,LAB_GOV_GBP,112.9865289063
2021-05-19,LAB_GOV_GBP,113.1276406451
2021-05-20,LAB_GOV_GBP,113.2781515778
2021-05-21,LAB_GOV_GBP,113.6620831507
2021-05-24,LAB_GOV_GBP,113.2826954794
2021-05-25,LAB_GOV_GBP,113.8316460912
2021-05-26,LAB_GOV_GBP,113.3838124471
2021-05-27,LAB_GOV_GBP,113.8811853494
2021-05-28,LAB_GOV_GBP,114.5752055263
2021-05-31,LAB_GOV_GBP,114.9504626118
2021-06-01,LAB_GOV_GBP,114.8209863245
2021-06-02,LAB_GOV_GBP,114.0601257381
2021-06-03,LAB_GOV_GBP,113.7074934766
2021-06-04,LAB_GOV_GBP,113.5538441853
2021-06-07,LAB_GOV_GBP,113.9847724947
2021-06-08,LAB_GOV_GBP,114.0676079041
2021-06-09,LAB_GOV_GBP,113.7066756491
2021-06-10,LAB_GOV_GBP,113.5444268527
2021-06-11,LAB_GOV_GBP,114.0650540788
2021-06-14,LAB_GOV_GBP,114.3546212593
2021-06-15,LAB_GOV_GBP,114.8379411384
2021-06-16,LAB_GOV_GBP,114.2220943012
2021-06-17,LAB_GOV_GBP,114.5383839296
2021-06-18,LAB_GOV_GBP,115.7256029806
2021-06-21,LAB_GOV_GBP,115.7480653934
2021-06-22,LAB_GOV_GBP,116.4354428407
2021-06-23,LAB_GOV_GBP,116.4176721733
2021-06-24,LAB_GOV_GBP,115.3204270495
2021-06-25,LAB_GOV_GBP,115.7167064239
2021-06-28,LAB_GOV_GBP,116.1166487865
2021-06-29,LAB_GOV_GBP,116.1336371414
2021-06-30,LAB_GOV_GBP,116.5626203736
2021-07-01,LAB_GOV_GBP,116.7788165642
2021-07-02,LAB_GOV_GBP,117.1237369933
2021-07-05,LAB_GOV_GBP,117.6956052582
2021-07-06,LAB_GOV_GBP,117.5393275348
2021-07-07,LAB_GOV_GBP,118.0195290615
2021-07-08,LAB_GOV_GBP,118.0034700971
2021-07-09,LAB_GOV_GBP,118.1165221991
2021-07-12,LAB_GOV_GBP,118.0735291047
2021-07-13,LAB_GOV_GBP,117.5250014873
2021-07-14,LAB_GOV_GBP,117.4498493838
2021-07-15,LAB_GOV_GBP,117.7286821931
2021-07-16,LAB_GOV_GBP,118.6181656526
2021-07-19,LAB_GOV_GBP,119.5269144723
2021-07-20,LAB_GOV_GBP,118.9002066794
2021-07-21,LAB_GOV_GBP,119.3961920367
2021-07-22,LAB_GOV_GBP,119.1183661405
2021-07-23,LAB_GOV_GBP,119.3351895218
2021-07-26,LAB_GOV_GBP,119.2071066908
2021-07-27,LAB_GOV_GBP,119.0995876453
2021-07-28,LAB_GOV_GBP,119.7292554436
2021-07-29,LAB_GOV_GBP,119.3787646707
2021-07-30,LAB_GOV_GBP,119.5841544605
2021-08-02,LAB_GOV_GBP,119.8837858597
2021-08-03,LAB_GOV_GBP,119.4834812297
2021-08-04,LAB_GOV_GBP,118.9244576361
2021-08-05,LAB_GOV_GBP,119.2123905630
2021-08-06,LAB_GOV_GBP,119.1059902947
2021-08-09,LAB_GOV_GBP,120.2757314524
2021-08-10,LAB_GOV_GBP,120.2087088080
2021-08-11,LAB_GOV_GBP,120.4482183772
2021-08-12,LAB_GOV_GBP,120.5796980351
2021-08-13,LAB_GOV_GBP,120.3101962748
2021-08-16,LAB_GOV_GBP,121.3971560476
2021-08-17,LAB_GOV_GBP,119.6719072634
2021-08-18,LAB_GOV_GBP,119.6227451574
2021-08-19,LAB_GOV_GBP,119.5220273328
2021-08-20,LAB_GOV_GBP,120.3289394814
2021-08-23,LAB_GOV_GBP,120.6615491041
2021-08-24,LAB_GOV_GBP,120.3402217933
2021-08-25,LAB_GOV_GBP,119.4531241699
2021-08-26,LAB_GOV_GBP,119.3646035633
2021-08-27,LAB_GOV_GBP,119.5636691492
2021-08-30,LAB_GOV_GBP,119.5223537531
2021-08-31,LAB_GOV_GBP,119.6841364870
2021-09-01,LAB_GOV_GBP,120.0292291419
2021-09-02,LAB_GOV_GBP,119.9976093096
2021-09-03,LAB_GOV_GBP,119.7448898356
2021-09-06,LAB_GOV_GBP,119.4711780815
2021-09-07,LAB_GOV_GBP,119.2470639551
2021-09-08,LAB_GOV_GBP,119.4203039619
2021-09-09,LAB_GOV_GBP,119.2051836228
2021-09-10,LAB_GOV_GBP,118.6516856763
2021-09-13,LAB_GOV_GBP,118.6956761480
2021-09-14,LAB_GOV_GBP,119.2562995830
2021-09-15,LAB_GOV_GBP,119.2307965111
2021-09-16,LAB_GOV_GBP,119.7034343720
2021-09-17,LAB_GOV_GBP,119.7233210961
2021-09-20,LAB_GOV_GBP,120.1138024069
2021-09-21,LAB_GOV_GBP,120.9343080396
2021-09-22,LAB_GOV_GBP,121.5551248783
2021-09-23,LAB_GOV_GBP,121.4219666358
2021-09-24,LAB_GOV_GBP,121.3419734063
2021-09-27,LAB_GOV_GBP,121.9527117213
2021-09-28,LAB_GOV_GBP,121.9447523053
2021-09-29,LAB_GOV_GBP,121.5804248529
2021-09-30,LAB_GOV_GBP,121.7116215929
2021-10-01,LAB_GOV_GBP,121.9846449818
2021-10-04,LAB_GOV_GBP,121.2058460706
2021-10-05,LAB_GOV_GBP,121.7361958636
2021-10-06,LAB_GOV_GBP,122.4162251841
2021-10-07,LAB_GOV_GBP,122.1956799667
2021-10-08,LAB_GOV_GBP,122.3069141301
2021-10-11,LAB_GOV_GBP,121.8239497878
2021-10-12,LAB_GOV_GBP,121.0779397601
2021-10-13,LAB_GOV_GBP,121.5531188996
2021-10-14,LAB_GOV_GBP,121.3616038978
2021-10-15,LAB_GOV_GBP,121.3430912346
2021-10-18,LAB_GOV_GBP,121.7633799153
2021-10-19,LAB_GOV_GBP,121.7152417726
2021-10-20,LAB_GOV_GBP,121.5768152474
2021-10-21,LAB_GOV_GBP,121.2477267487
2021-10-22,LAB_GOV_GBP,121.3750739592
2021-10-25,LAB_GOV_GBP,122.3361582909
2021-10-26,LAB_GOV_GBP,122.9796292629
2021-10-27,LAB_GOV_GBP,123.2439390390
2021-10-28,LAB_GOV_GBP,123.3313115957
2021-10-29,LAB_GOV_GBP,123.2315911209
2021-11-01,LAB_GOV_GBP,123.1061687389
2021-11-02,LAB_GOV_GBP,121.8441196748
2021-11-03,LAB_GOV_GBP,122.3420703303
2021-11-04,LAB_GOV_GBP,121.8585373365
2021-11-05,LAB_GOV_GBP,121.9528445232
2021-11-08,LAB_GOV_GBP,122.3288027829
2021-11-09,LAB_GOV_GBP,122.8512484619
2021-11-10,LAB_GOV_GBP,122.3430947216
2021-11-11,LAB_GOV_GBP,122.2104473940
2021-11-12,LAB_GOV_GBP,122.0921130625
2021-11-15,LAB_GOV_GBP,121.3816727977
2021-11-16,LAB_GOV_GBP,122.6468990864
2021-11-17,LAB_GOV_GBP,122.6746016210
2021-11-18,LAB_GOV_GBP,122.4593378460
2021-11-19,LAB_GOV_GBP,122.1397545013
2021-11-22,LAB_GOV_GBP,123.2575143237
2021-11-23,LAB_GOV_GBP,123.0339324453
2021-11-24,LAB_GOV_GBP,122.9316787404
2021-11-25,LAB_GOV_GBP,122.9292927179
2021-11-26,LAB_GOV_GBP,122.7056629202
2021-11-29,LAB_GOV_GBP,122.5273339915
2021-11-30,LAB_GOV_GBP,123.3927081183
2021-12-01,LAB_GOV_GBP,123.5082489621
2021-12-02,LAB_GOV_GBP,123.8486944550
2021-12-03,LAB_GOV_GBP,123.6893274503
2021-12-06,LAB_GOV_GBP,123.2328307160
2021-12-07,LAB_GOV_GBP,122.7678507240
2021-12-08,LAB_GOV_GBP,123.4089563633
2021-12-09,LAB_GOV_GBP,123.2358708123
2021-12-10,LAB_GOV_GBP,123.8725817920
2021-12-13,LAB_GOV_GBP,123.6239394192
2021-12-14,LAB_GOV_GBP,122.9991524783
2021-12-15,LAB_GOV_GBP,122.7998191750
2021-12-16,LAB_GOV_GBP,123.2542182741
2021-12-17,LAB_GOV_GBP,123.2913340141
2021-12-20,LAB_GOV_GBP,123.5939206327
2021-12-21,LAB_GOV_GBP,123.7079295787
2021-12-22,LAB_GOV_GBP,123.5718738183
2021-12-23,LAB_GOV_GBP,124.3158633605
2021-12-24,LAB_GOV_GBP,124.2049198872
2021-12-27,LAB_GOV_GBP,123.1844013588
2021-12-28,LAB_GOV_GBP,123.5634914304
2021-12-29,LAB_GOV_GBP,123.7987632913
2021-12-30,LAB_GOV_GBP,123.9895423787
2021-12-31,LAB_GOV_GBP,124.4915549248
2022-01-03,LAB_GOV_GBP,125.0483499129
2022-01-04,LAB_GOV_GBP,125.3825543139
2022-01-05,LAB_GOV_GBP,125.5946991014
2022-01-06,LAB_GOV_GBP,125.1593445093
2022-01-07,LAB_GOV_GBP,125.1984208460
2022-01-10,LAB_GOV_GBP,125.5821834395
2022-01-11,LAB_GOV_GBP,125.1356944759
2022-01-12,LAB_GOV_GBP,124.7075961967
2022-01-13,LAB_GOV_GBP,124.9977442100
2022-01-14,LAB_GOV_GBP,125.1809428266
2022-01-17,LAB_GOV_GBP,125.1553654009
2022-01-18,LAB_GOV_GBP,125.6614543281
2022-01-19,LAB_GOV_GBP,125.8559278689
2022-01-20,LAB_GOV_GBP,126.3645213256
2022-01-21,LAB_GOV_GBP,126.4452630551
2022-01-24,LAB_GOV_GBP,127.3695204683
2022-01-25,LAB_GOV_GBP,127.7227871861
2022-01-26,LAB_GOV_GBP,128.4206164675
2022-01-27,LAB_GOV_GBP,128.4731055948
2022-01-28,LAB_GOV_GBP,127.5004385367
2022-01-31,LAB_GOV_GBP,127.1367691257
2022-02-01,LAB_GOV_GBP,127.2356693805
2022-02-02,LAB_GOV_GBP,126.7682444374
2022-02-03,LAB_GOV_GBP,126.7665753335
2022-02-04,LAB_GOV_GBP,127.1845898064
2022-02-07,LAB_GOV_GBP,126.9386121571
2022-02-08,LAB_GOV_GBP,126.8930492081
2022-02-09,LAB_GOV_GBP,126.6217197576
2022-02-10,LAB_GOV_GBP,126.3427827575
2022-02-11,LAB_GOV_GBP,126.3249452475
2022-02-14,LAB_GOV_GBP,126.7957758364
2022-02-15,LAB_GOV_GBP,127.0330154093
2022-02-16,LAB_GOV_GBP,127.1541021170
2022-02-17,LAB_GOV_GBP,127.7637431168
2022-02-18,LAB_GOV_GBP,127.9875641699
2022-02-21,LAB_GOV_GBP,127.2038501316
2022-02-22,LAB_GOV_GBP,127.1498201261
2022-02-23,LAB_GOV_GBP,127.3027809626
2022-02-24,LAB_GOV_GBP,127.9128882887
2022-02-25,LAB_GOV_GBP,128.7099734200
2022-02-28,LAB_GOV_GBP,128.5963913758
2022-03-01,LAB_GOV_GBP,129.4126507820
2022-03-02,LAB_GOV_GBP,128.9247195299
2022-03-03,LAB_GOV_GBP,128.5531012541
2022-03-04,LAB_GOV_GBP,127.5515324085
2022-03-07,LAB_GOV_GBP,127.5860843734
2022-03-08,LAB_GOV_GBP,127.5564933135
2022-03-09,LAB_GOV_GBP,127.7660434624
2022-03-10,LAB_GOV_GBP,128.0221024014
2022-03-11,LAB_GOV_GBP,128.0521620160
2022-03-14,LAB_GOV_GBP,128.6918425699
2022-03-15,LAB_GOV_GBP,129.2749207677
2022-03-16,LAB_GOV_GBP,129.7675344174
2022-03-17,LAB_GOV_GBP,129.9889865408
2022-03-18,LAB_GOV_GBP,128.8135032273
2022-03-21,LAB_GOV_GBP,129.4095919390
2022-03-22,LAB_GOV_GBP,128.7736371030
2022-03-23,LAB_GOV_GBP,129.1993582712
2022-03-24,LAB_GOV_GBP,128.8965902637
2022-03-25,LAB_GOV_GBP,129.0381171553
2022-03-28,LAB_GOV_GBP,129.8487015490
2022-03-29,LAB_GOV_GBP,129.5759953018
2022-03-30,LAB_GOV_GBP,128.9050107604
2022-03-31,LAB_GOV_GBP,128.6035968277
2022-04-01,LAB_GOV_GBP,129.4300074792
2022-04-04,LAB_GOV_GBP,130.0513871427
2022-04-05,LAB_GOV_GBP,129.8391231137
2022-04-06,LAB_GOV_GBP,129.7106169227
2022-04-07,LAB_GOV_GBP,129.1348502641
2022-04-08,LAB_GOV_GBP,127.9719780071
2022-04-11,LAB_GOV_GBP,127.9683983825
2022-04-12,LAB_GOV_GBP,128.1618016527
2022-04-13,LAB_GOV_GBP,127.5500908176
2022-04-14,LAB_GOV_GBP,127.9307278343
2022-04-15,LAB_GOV_GBP,128.4560389063
2022-04-18,LAB_GOV_GBP,128.3375917574
2022-04-19,LAB_GOV_GBP,129.1922736629
2022-04-20,LAB_GOV_GBP,130.1008142868
2022-04-21,LAB_GOV_GBP,130.7657975504
2022-04-22,LAB_GOV_GBP,131.2036590165
2022-04-25,LAB_GOV_GBP,130.8466949428
2022-04-26,LAB_GOV_GBP,130.3405544351
2022-04-27,LAB_GOV_GBP,129.4821252532
2022-04-28,LAB_GOV_GBP,130.6445579978
2022-04-29,LAB_GOV_GBP,129.8071516773
2022-05-02,LAB_GOV_GBP,130.3713877192
2022-05-03,LAB_GOV_GBP,130.4063912062
2022-05-04,LAB_GOV_GBP,129.8505684372
2022-05-05,LAB_GOV_GBP,129.7891269016
2022-05-06,LAB_GOV_GBP,129.6794996562
2022-05-09,LAB_GOV_GBP,129.5663128636
2022-05-10,LAB_GOV_GBP,129.1962426906
2022-05-11,LAB_GOV_GBP,130.0725491568
2022-05-12,LAB_GOV_GBP,129.7085240284
2022-05-13,LAB_GOV_GBP,130.7234725815
2022-05-16,LAB_GOV_GBP,130.9557432026
2022-05-17,LAB_GOV_GBP,131.1162784699
2022-05-18,LAB_GOV_GBP,131.4808520691
2022-05-19,LAB_GOV_GBP,131.0652836677
2022-05-20,LAB_GOV_GBP,131.5397295351
2022-05-23,LAB_GOV_GBP,131.5397531093
2022-05-24,LAB_GOV_GBP,131.4219241610
2022-05-25,LAB_GOV_GBP,131.6742839260
2022-05-26,LAB_GOV_GBP,131.6090672053
2022-05-27,LAB_GOV_GBP,131.1517078362
2022-05-30,LAB_GOV_GBP,131.6862947636
2022-05-31,LAB_GOV_GBP,132.7601279024
2022-06-01,LAB_GOV_GBP,132.4821680944
2022-06-02,LAB_GOV_GBP,132.5917827239
2022-06-03,LAB_GOV_GBP,132.8886998119
2022-06-06,LAB_GOV_GBP,132.7294767441
2022-06-07,LAB_GOV_GBP,133.5310662759
2022-06-08,LAB_GOV_GBP,133.9923268781
2022-06-09,LAB_GOV_GBP,133.8672877057
2022-06-10,LAB_GOV_GBP,134.8355074132
2022-06-13,LAB_GOV_GBP,135.5943307040
2022-06-14,LAB_GOV_GBP,135.4788859573
2022-06-15,LAB_GOV_GBP,135.6227549883
2022-06-16,LAB_GOV_GBP,136.0267414745
2022-06-17,LAB_GOV_GBP,136.0995980387
2022-06-20,LAB_GOV_GBP,135.6313255555
2022-06-21,LAB_GOV_GBP,134.6781971733
2022-06-22,LAB_GOV_GBP,134.4164878801
2022-06-23,LAB_GOV_GBP,134.8472080844
2022-06-24,LAB_GOV_GBP,136.1759822510
2022-06-27,LAB_GOV_GBP,136.3659477440
2022-06-28,LAB_GOV_GBP,137.1001589525
2022-06-29,LAB_GOV_GBP,136.7453816475
2022-06-30,LAB_GOV_GBP,135.8181261815
2022-07-01,LAB_GOV_GBP,135.3847868469
2022-07-04,LAB_GOV_GBP,135.8706969012
2022-07-05,LAB_GOV_GBP,136.9681432494
2022-07-06,LAB_GOV_GBP,137.1047633811
2022-07-07,LAB_GOV_GBP,137.1892713580
2022-07-08,LAB_GOV_GBP,136.7827719627
2022-07-11,LAB_GOV_GBP,136.9588443720
2022-07-12,LAB_GOV_GBP,136.2035261899
2022-07-13,LAB_GOV_GBP,135.7642810850
2022-07-14,LAB_GOV_GBP,134.9472450998
2022-07-15,LAB_GOV_GBP,134.0537132418
2022-07-18,LAB_GOV_GBP,132.5266400193
2022-07-19,LAB_GOV_GBP,132.1182237073
2022-07-20,LAB_GOV_GBP,131.8422506814
2022-07-21,LAB_GOV_GBP,131.4939052514
2022-07-22,LAB_GOV_GBP,131.1600133624
2022-07-25,LAB_GOV_GBP,131.8675388279
2022-07-26,LAB_GOV_GBP,131.2168682470
2022-07-27,LAB_GOV_GBP,130.0873150254
2022-07-28,LAB_GOV_GBP,129.4270991921
2022-07-29,LAB_GOV_GBP,129.7587240675
2022-08-01,LAB_GOV_GBP,130.4405037323
2022-08-02,LAB_GOV_GBP,130.3222174683
2022-08-03,LAB_GOV_GBP,129.0628172549
2022-08-04,LAB_GOV_GBP,129.8208424080
2022-08-05,LAB_GOV_GBP,130.5490686363
2022-08-08,LAB_GOV_GBP,130.7662755416
2022-08-09,LAB_GOV_GBP,130.7702882174
2022-08-10,LAB_GOV_GBP,131.1279846861
2022-08-11,LAB_GOV_GBP,130.0587482908
2022-08-12,LAB_GOV_GBP,131.5314180519
2022-08-15,LAB_GOV_GBP,131.7752011353
2022-08-16,LAB_GOV_GBP,130.9691161683
2022-08-17,LAB_GOV_GBP,130.7591205251
2022-08-18,LAB_GOV_GBP,129.6519971256
2022-08-19,LAB_GOV_GBP,130.6250918311
2022-08-22,LAB_GOV_GBP,131.4082678706
2022-08-23,LAB_GOV_GBP,130.1985431376
2022-08-24,LAB_GOV_GBP,130.7402000970
2022-08-25,LAB_GOV_GBP,131.2581694185
2022-08-26,LAB_GOV_GBP,131.1005103026
2022-08-29,LAB_GOV_GBP,130.5446984245
2022-08-30,LAB_GOV_GBP,129.8882231009
2022-08-31,LAB_GOV_GBP,130.0406640523
2022-09-01,LAB_GOV_GBP,129.7641428081
2022-09-02,LAB_GOV_GBP,129.3423899601
2022-09-05,LAB_GOV_GBP,128.8017131057
2022-09-06,LAB_GOV_GBP,128.2706467096
2022-09-07,LAB_GOV_GBP,128.8372122300
2022-09-08,LAB_GOV_GBP,128.2329032813
2022-09-09,LAB_GOV_GBP,128.8562945665
2022-09-12,LAB_GOV_GBP,128.7990468793
2022-09-13,LAB_GOV_GBP,128.8444508998
2022-09-14,LAB_GOV_GBP,129.3878946145
2022-09-15,LAB_GOV_GBP,129.9902218106
2022-09-16,LAB_GOV_GBP,130.2530102565
2022-09-19,LAB_GOV_GBP,129.9793796408
2022-09-20,LAB_GOV_GBP,130.7247374979
2022-09-21,LAB_GOV_GBP,130.9179219751
2022-09-22,LAB_GOV_GBP,131.2640183768
2022-09-23,LAB_GOV_GBP,130.8194372856
2022-09-26,LAB_GOV_GBP,131.5044309642
2022-09-27,LAB_GOV_GBP,130.8287577692
2022-09-28,LAB_GOV_GBP,130.5891136757
2022-09-29,LAB_GOV_GBP,130.9241601273
2022-09-30,LAB_GOV_GBP,131.1301652338
2022-10-03,LAB_GOV_GBP,131.3539431879
2022-10-04,LAB_GOV_GBP,131.7064592434
2022-10-05,LAB_GOV_GBP,131.0589365685
2022-10-06,LAB_GOV_GBP,131.4048446686
2022-10-07,LAB_GOV_GBP,131.5980809581
2022-10-10,LAB_GOV_GBP,132.0876419100
2022-10-11,LAB_GOV_GBP,130.9657649792
2022-10-12,LAB_GOV_GBP,129.8731015374
2022-10-13,LAB_GOV_GBP,129.4611052671
2022-10-14,LAB_GOV_GBP,129.9058564557
2022-10-17,LAB_GOV_GBP,129.6737371770
2022-10-18,LAB_GOV_GBP,130.4840637037
2022-10-19,LAB_GOV_GBP,130.5766675453
2022-10-20,LAB_GOV_GBP,131.4441736471
2022-10-21,LAB_GOV_GBP,131.9974885495
2022-10-24,LAB_GOV_GBP,131.4542533838
2022-10-25,LAB_GOV_GBP,130.9633197706
2022-10-26,LAB_GOV_GBP,131.0108298466
2022-10-27,LAB_GOV_GBP,131.3928690729
2022-10-28,LAB_GOV_GBP,130.9247387749
2022-10-31,LAB_GOV_GBP,130.4312014587
2022-11-01,LAB_GOV_GBP,130.7196558769
2022-11-02,LAB_GOV_GBP,130.0368672200
2022-11-03,LAB_GOV_GBP,129.5302130819
2022-11-04,LAB_GOV_GBP,129.8542710500
2022-11-07,LAB_GOV_GBP,129.7591320322
2022-11-08,LAB_GOV_GBP,129.2163910938
2022-11-09,LAB_GOV_GBP,129.6713040787
2022-11-10,LAB_GOV_GBP,129.9461351744
2022-11-11,LAB_GOV_GBP,130.9836375429
2022-11-14,LAB_GOV_GBP,129.8505943954
2022-11-15,LAB_GOV_GBP,129.2148864806
2022-11-16,LAB_GOV_GBP,128.9142629389
2022-11-17,LAB_GOV_GBP,127.8491438210
2022-11-18,LAB_GOV_GBP,128.0836625203
2022-11-21,LAB_GOV_GBP,127.9889034579
2022-11-22,LAB_GOV_GBP,128.3523394718
2022-11-23,LAB_GOV_GBP,128.2855836113
2022-11-24,LAB_GOV_GBP,128.6706905924
2022-11-25,LAB_GOV_GBP,127.9446831754
2022-11-28,LAB_GOV_GBP,128.1214392542
2022-11-29,LAB_GOV_GBP,127.5365818686
2022-11-30,LAB_GOV_GBP,127.4060751894
2022-12-01,LAB_GOV_GBP,126.6702446485
2022-12-02,LAB_GOV_GBP,125.8136582119
2022-12-05,LAB_GOV_GBP,126.0587749218
2022-12-06,LAB_GOV_GBP,126.4026069260
2022-12-07,LAB_GOV_GBP,126.3290939148
2022-12-08,LAB_GOV_GBP,125.7925665823
2022-12-09,LAB_GOV_GBP,126.0186101622
2022-12-12,LAB_GOV_GBP,125.5933267363
2022-12-13,LAB_GOV_GBP,125.1220599984
2022-12-14,LAB_GOV_GBP,125.3580711879
2022-12-15,LAB_GOV_GBP,125.4580601706
2022-12-16,LAB_GOV_GBP,124.8100110979
2022-12-19,LAB_GOV_GBP,124.7274234868
2022-12-20,LAB_GOV_GBP,124.9885819268
2022-12-21,LAB_GOV_GBP,126.3281486853
2022-12-22,LAB_GOV_GBP,126.0113234885
2022-12-23,LAB_GOV_GBP,125.6125638144
2022-12-26,LAB_GOV_GBP,126.7158917137
2022-12-27,LAB_GOV_GBP,127.0823847449
2022-12-28,LAB_GOV_GBP,127.9182653172
2022-12-29,LAB_GOV_GBP,127.1588821317
2022-12-30,LAB_GOV_GBP,126.2015196631
2023-01-02,LAB_GOV_GBP,126.7994704036
2023-01-03,LAB_GOV_GBP,127.9530029835
2023-01-04,LAB_GOV_GBP,127.9467294860
2023-01-05,LAB_GOV_GBP,128.5550677265
2023-01-06,LAB_GOV_GBP,129.3576093274
2023-01-09,LAB_GOV_GBP,129.0748223006
2023-01-10,LAB_GOV_GBP,128.7600282081
2023-01-11,LAB_GOV_GBP,129.5286420949
2023-01-12,LAB_GOV_GBP,129.9387068211
2023-01-13,LAB_GOV_GBP,129.3179957981
2023-01-16,LAB_GOV_GBP,129.0951200760
2023-01-17,LAB_GOV_GBP,129.7323437010
2023-01-18,LAB_GOV_GBP,130.4964209604
2023-01-19,LAB_GOV_GBP,129.7881255850
2023-01-20,LAB_GOV_GBP,129.6213256958
2023-01-23,LAB_GOV_GBP,130.2274606460
2023-01-24,LAB_GOV_GBP,130.7394160183
2023-01-25,LAB_GOV_GBP,130.9315623033
2023-01-26,LAB_GOV_GBP,130.8626879122
2023-01-27,LAB_GOV_GBP,130.6176599315
2023-01-30,LAB_GOV_GBP,130.4933744975
2023-01-31,LAB_GOV_GBP,129.5663372949
2023-02-01,LAB_GOV_GBP,129.5200254044
2023-02-02,LAB_GOV_GBP,129.8147806995
2023-02-03,LAB_GOV_GBP,129.3680821171
2023-02-06,LAB_GOV_GBP,128.4308423825
2023-02-07,LAB_GOV_GBP,127.4298892824
2023-02-08,LAB_GOV_GBP,127.5850486853
2023-02-09,LAB_GOV_GBP,127.1949606517
2023-02-10,LAB_GOV_GBP,126.5484094045
2023-02-13,LAB_GOV_GBP,126.9153090492
2023-02-14,LAB_GOV_GBP,126.6313285658
2023-02-15,LAB_GOV_GBP,127.6465059695
2023-02-16,LAB_GOV_GBP,128.5177241803
2023-02-17,LAB_GOV_GBP,128.5678621995
2023-02-20,LAB_GOV_GBP,128.4818937277
2023-02-21,LAB_GOV_GBP,128.2128736362
2023-02-22,LAB_GOV_GBP,127.3478760129
2023-02-23,LAB_GOV_GBP,127.5078350819
2023-02-24,LAB_GOV_GBP,126.3326406759
2023-02-27,LAB_GOV_GBP,126.5009813928
2023-02-28,LAB_GOV_GBP,127.9393145953
2023-03-01,LAB_GOV_GBP,127.8074177754
2023-03-02,LAB_GOV_GBP,127.9477187799
2023-03-03,LAB_GOV_GBP,128.5203710120
2023-03-06,LAB_GOV_GBP,129.5310177105
2023-03-07,LAB_GOV_GBP,129.6192261361
2023-03-08,LAB_GOV_GBP,129.2431885660
2023-03-09,LAB_GOV_GBP,128.4782051050
2023-03-10,LAB_GOV_GBP,128.8703423156
2023-03-13,LAB_GOV_GBP,128.1034262532
2023-03-14,LAB_GOV_GBP,128.1449898710
2023-03-15,LAB_GOV_GBP,128.5102010730
2023-03-16,LAB_GOV_GBP,128.1392542856
2023-03-17,LAB_GOV_GBP,128.7832276184
2023-03-20,LAB_GOV_GBP,129.7302804962
2023-03-21,LAB_GOV_GBP,129.5222740592
2023-03-22,LAB_GOV_GBP,129.8240441781
2023-03-23,LAB_GOV_GBP,130.2497995128
2023-03-24,LAB_GOV_GBP,130.5098369107
2023-03-27,LAB_GOV_GBP,131.2426464729
2023-03-28,LAB_GOV_GBP,131.1259739134
2023-03-29,LAB_GOV_GBP,131.0291452286
2023-03-30,LAB_GOV_GBP,130.1517024723
2023-03-31,LAB_GOV_GBP,129.6200426556
2023-04-03,LAB_GOV_GBP,130.5231996378
2023-04-04,LAB_GOV_GBP,131.0826130544
2023-04-05,LAB_GOV_GBP,131.5946187047
2023-04-06,LAB_GOV_GBP,132.0696212539
2023-04-07,LAB_GOV_GBP,131.5556874760
2023-04-10,LAB_GOV_GBP,132.9072160055
2023-04-11,LAB_GOV_GBP,132.9054086370
2023-04-12,LAB_GOV_GBP,133.2993939739
2023-04-13,LAB_GOV_GBP,133.7729870409
2023-04-14,LAB_GOV_GBP,134.4770535586
2023-04-17,LAB_GOV_GBP,135.2961436103
2023-04-18,LAB_GOV_GBP,135.4750100937
2023-04-19,LAB_GOV_GBP,135.5687438089
2023-04-20,LAB_GOV_GBP,135.1119615380
2023-04-21,LAB_GOV_GBP,135.7316244382
2023-04-24,LAB_GOV_GBP,136.7507311055
2023-04-25,LAB_GOV_GBP,137.7603678438
2023-04-26,LAB_GOV_GBP,138.0152571189
2023-04-27,LAB_GOV_GBP,138.7859770177
2023-04-28,LAB_GOV_GBP,138.2720636539
2023-05-01,LAB_GOV_GBP,139.1125409885
2023-05-02,LAB_GOV_GBP,139.0234158346
2023-05-03,LAB_GOV_GBP,139.4634810318
2023-05-04,LAB_GOV_GBP,139.5207616046
2023-05-05,LAB_GOV_GBP,138.4230017146
2023-05-08,LAB_GOV_GBP,137.8675205578
2023-05-09,LAB_GOV_GBP,138.0496494878
2023-05-10,LAB_GOV_GBP,138.7004665921
2023-05-11,LAB_GOV_GBP,138.6001808741
2023-05-12,LAB_GOV_GBP,138.8060361301
2023-05-15,LAB_GOV_GBP,138.7400603868
2023-05-16,LAB_GOV_GBP,139.7736873299
2023-05-17,LAB_GOV_GBP,139.0329879635
2023-05-18,LAB_GOV_GBP,138.7110399383
2023-05-19,LAB_GOV_GBP,138.2342203326
2023-05-22,LAB_GOV_GBP,138.1383691131
2023-05-23,LAB_GOV_GBP,138.3991899859
2023-05-24,LAB_GOV_GBP,137.7924459030
2023-05-25,LAB_GOV_GBP,137.3605173067
2023-05-26,LAB_GOV_GBP,137.6065625075
2023-05-29,LAB_GOV_GBP,136.7642129280
2023-05-30,LAB_GOV_GBP,136.6446830300
2023-05-31,LAB_GOV_GBP,137.0024013295
2023-06-01,LAB_GOV_GBP,136.3799408491
2023-06-02,LAB_GOV_GBP,136.6612125859
2023-06-05,LAB_GOV_GBP,137.1740974951
2023-06-06,LAB_GOV_GBP,137.1093784877
2023-06-07,LAB_GOV_GBP,136.1953399328
2023-06-08,LAB_GOV_GBP,136.2915219970
2023-06-09,LAB_GOV_GBP,136.0772104792
2023-06-12,LAB_GOV_GBP,135.6857207772
2023-06-13,LAB_GOV_GBP,135.4197941048
2023-06-14,LAB_GOV_GBP,134.6928279174
2023-06-15,LAB_GOV_GBP,133.9738239782
2023-06-16,LAB_GOV_GBP,134.3397658547
2023-06-19,LAB_GOV_GBP,134.2107725507
2023-06-20,LAB_GOV_GBP,134.1631496763
2023-06-21,LAB_GOV_GBP,133.5843968131
2023-06-22,LAB_GOV_GBP,134.5326275197
2023-06-23,LAB_GOV_GBP,135.3088847585
2023-06-26,LAB_GOV_GBP,135.2637017387
2023-06-27,LAB_GOV_GBP,134.6255948633
2023-06-28,LAB_GOV_GBP,135.1057669511
2023-06-29,LAB_GOV_GBP,134.2702442408
2023-06-30,LAB_GOV_GBP,134.4262367409
2023-07-03,LAB_GOV_GBP,134.7189130171
2023-07-04,LAB_GOV_GBP,134.3297604336
2023-07-05,LAB_GOV_GBP,134.8896896323
2023-07-06,LAB_GOV_GBP,135.1967498296
2023-07-07,LAB_GOV_GBP,134.5431384519
2023-07-10,LAB_GOV_GBP,134.8123632630
2023-07-11,LAB_GOV_GBP,135.8698618961
2023-07-12,LAB_GOV_GBP,135.7021554517
2023-07-13,LAB_GOV_GBP,134.6059051687
2023-07-14,LAB_GOV_GBP,134.3558094793
2023-07-17,LAB_GOV_GBP,134.1412097136
2023-07-18,LAB_GOV_GBP,134.1737889521
2023-07-19,LAB_GOV_GBP,134.1514311834
2023-07-20,LAB_GOV_GBP,133.0901762532
2023-07-21,LAB_GOV_GBP,132.4633368631
2023-07-24,LAB_GOV_GBP,132.8159649538
2023-07-25,LAB_GOV_GBP,132.4631815134
2023-07-26,LAB_GOV_GBP,132.4642453712
2023-07-27,LAB_GOV_GBP,132.1957513213
2023-07-28,LAB_GOV_GBP,133.1642209784
2023-07-31,LAB_GOV_GBP,134.4753559844
2023-08-01,LAB_GOV_GBP,133.3286256800
2023-08-02,LAB_GOV_GBP,132.5647141037
2023-08-03,LAB_GOV_GBP,133.2831183462
2023-08-04,LAB_GOV_GBP,132.7733054686
2023-08-07,LAB_GOV_GBP,132.5748608975
2023-08-08,LAB_GOV_GBP,132.7996321333
2023-08-09,LAB_GOV_GBP,133.2984470464
2023-08-10,LAB_GOV_GBP,132.9869404405
2023-08-11,LAB_GOV_GBP,133.4540435485
2023-08-14,LAB_GOV_GBP,134.2818274247
2023-08-15,LAB_GOV_GBP,134.6257489863
2023-08-16,LAB_GOV_GBP,134.8338401912
2023-08-17,LAB_GOV_GBP,134.4752057066
2023-08-18,LAB_GOV_GBP,134.3351878825
2023-08-21,LAB_GOV_GBP,133.6046374412
2023-08-22,LAB_GOV_GBP,133.1886309860
2023-08-23,LAB_GOV_GBP,133.1828048536
2023-08-24,LAB_GOV_GBP,133.7650001344
2023-08-25,LAB_GOV_GBP,133.1472856622
2023-08-28,LAB_GOV_GBP,133.6846277673
2023-08-29,LAB_GOV_GBP,134.3069646235
2023-08-30,LAB_GOV_GBP,134.2190947221
2023-08-31,LAB_GOV_GBP,134.0940479121
2023-09-01,LAB_GOV_GBP,133.8502026983
2023-09-04,LAB_GOV_GBP,134.5766029980
2023-09-05,LAB_GOV_GBP,134.9570483678
2023-09-06,LAB_GOV_GBP,135.0288647898
2023-09-07,LAB_GOV_GBP,134.7682383007
2023-09-08,LAB_GOV_GBP,134.9399130044
2023-09-11,LAB_GOV_GBP,135.0895469112
2023-09-12,LAB_GOV_GBP,134.5108298780
2023-09-13,LAB_GOV_GBP,134.4821219943
2023-09-14,LAB_GOV_GBP,135.7134279686
2023-09-15,LAB_GOV_GBP,135.1668474464
2023-09-18,LAB_GOV_GBP,134.0188161983
2023-09-19,LAB_GOV_GBP,133.4918816363
2023-09-20,LAB_GOV_GBP,132.7569620110
2023-09-21,LAB_GOV_GBP,132.0987361483
2023-09-22,LAB_GOV_GBP,131.6161662199
2023-09-25,LAB_GOV_GBP,131.4396407646
2023-09-26,LAB_GOV_GBP,130.5063309905
2023-09-27,LAB_GOV_GBP,130.0375175734
2023-09-28,LAB_GOV_GBP,130.0441917735
2023-09-29,LAB_GOV_GBP,131.0853132668
2023-10-02,LAB_GOV_GBP,131.5140032808
2023-10-03,LAB_GOV_GBP,131.2627393685
2023-10-04,LAB_GOV_GBP,130.5403230560
2023-10-05,LAB_GOV_GBP,130.4347411018
2023-10-06,LAB_GOV_GBP,130.7700929022
2023-10-09,LAB_GOV_GBP,130.8396693457
2023-10-10,LAB_GOV_GBP,131.4234652100
2023-10-11,LAB_GOV_GBP,131.2986618794
2023-10-12,LAB_GOV_GBP,131.7714965354
2023-10-13,LAB_GOV_GBP,131.9209612327
2023-10-16,LAB_GOV_GBP,131.2149943666
2023-10-17,LAB_GOV_GBP,131.0614654797
2023-10-18,LAB_GOV_GBP,131.1614577737
2023-10-19,LAB_GOV_GBP,131.5107578246
2023-10-20,LAB_GOV_GBP,130.9705344929
2023-10-23,LAB_GOV_GBP,130.4467232776
2023-10-24,LAB_GOV_GBP,130.7048178441
2023-10-25,LAB_GOV_GBP,130.9634881963
2023-10-26,LAB_GOV_GBP,130.8386896590
2023-10-27,LAB_GOV_GBP,130.8472034134
2023-10-30,LAB_GOV_GBP,130.0890437519
2023-10-31,LAB_GOV_GBP,130.2584247473
2023-11-01,LAB_GOV_GBP,130.1532148097
2023-11-02,LAB_GOV_GBP,130.7807774606
2023-11-03,LAB_GOV_GBP,130.2493950572
2023-11-06,LAB_GOV_GBP,130.9177036477
2023-11-07,LAB_GOV_GBP,131.5023955298
2023-11-08,LAB_GOV_GBP,131.4872159348
2023-11-09,LAB_GOV_GBP,132.5447343485
2023-11-10,LAB_GOV_GBP,132.3572034946
2023-11-13,LAB_GOV_GBP,132.4011418075
2023-11-14,LAB_GOV_GBP,132.4097300775
2023-11-15,LAB_GOV_GBP,132.6616481964
2023-11-16,LAB_GOV_GBP,132.1911787081
2023-11-17,LAB_GOV_GBP,131.5068997848
2023-11-20,LAB_GOV_GBP,131.2303599207
2023-11-21,LAB_GOV_GBP,130.9990729565
2023-11-22,LAB_GOV_GBP,130.0599539534
2023-11-23,LAB_GOV_GBP,129.6988643517
2023-11-24,LAB_GOV_GBP,129.7162026815
2023-11-27,LAB_GOV_GBP,129.7369437356
2023-11-28,LAB_GOV_GBP,129.5610331294
2023-11-29,LAB_GOV_GBP,130.2003768491
2023-11-30,LAB_GOV_GBP,130.0678215996
2023-12-01,LAB_GOV_GBP,129.9603619059
2023-12-04,LAB_GOV_GBP,130.0975774974
2023-12-05,LAB_GOV_GBP,130.3663205742
2023-12-06,LAB_GOV_GBP,131.0200413946
2023-12-07,LAB_GOV_GBP,132.7786779329
2023-12-08,LAB_GOV_GBP,132.8791117815
2023-12-11,LAB_GOV_GBP,132.7815278899
2023-12-12,LAB_GOV_GBP,132.6639071140
2023-12-13,LAB_GOV_GBP,131.7422704786
2023-12-14,LAB_GOV_GBP,131.5438001554
2023-12-15,LAB_GOV_GBP,132.3631199677
2023-12-18,LAB_GOV_GBP,132.7399827551
2023-12-19,LAB_GOV_GBP,132.7521741399
2023-12-20,LAB_GOV_GBP,132.6219197150
2023-12-21,LAB_GOV_GBP,132.7219782892
2023-12-22,LAB_GOV_GBP,132.8180151377
2023-12-25,LAB_GOV_GBP,132.1968958172
2023-12-26,LAB_GOV_GBP,132.0950723865
2023-12-27,LAB_GOV_GBP,131.9384978341
2023-12-28,LAB_GOV_GBP,131.9086414270
2023-12-29,LAB_GOV_GBP,131.8146122434
2024-01-01,LAB_GOV_GBP,131.7793479574
2024-01-02,LAB_GOV_GBP,132.6330989933
2024-01-03,LAB_GOV_GBP,132.3348377778
2024-01-04,LAB_GOV_GBP,133.3542343065
2024-01-05,LAB_GOV_GBP,134.1238108552
2024-01-08,LAB_GOV_GBP,134.4457116131
2024-01-09,LAB_GOV_GBP,134.3073621406
2024-01-10,LAB_GOV_GBP,133.7474323584
2024-01-11,LAB_GOV_GBP,133.8216974113
2024-01-12,LAB_GOV_GBP,134.2705087895
2024-01-15,LAB_GOV_GBP,134.2473578064
2024-01-16,LAB_GOV_GBP,133.7578162627
2024-01-17,LAB_GOV_GBP,133.6402961276
2024-01-18,LAB_GOV_GBP,133.3777816881
2024-01-19,LAB_GOV_GBP,133.5701763294
2024-01-22,LAB_GOV_GBP,133.7692851830
2024-01-23,LAB_GOV_GBP,133.8923909145
2024-01-24,LAB_GOV_GBP,134.2745388277
2024-01-25,LAB_GOV_GBP,134.6828155308
2024-01-26,LAB_GOV_GBP,136.0322512774
2024-01-29,LAB_GOV_GBP,135.6404927976
2024-01-30,LAB_GOV_GBP,135.6136921434
2024-01-31,LAB_GOV_GBP,135.8118898292
2024-02-01,LAB_GOV_GBP,137.1621041876
2024-02-02,LAB_GOV_GBP,137.1805620603
2024-02-05,LAB_GOV_GBP,137.5672870562
2024-02-06,LAB_GOV_GBP,138.3290486438
2024-02-07,LAB_GOV_GBP,138.0787945886
2024-02-08,LAB_GOV_GBP,138.5963734927
2024-02-09,LAB_GOV_GBP,139.3916662744
2024-02-12,LAB_GOV_GBP,138.3568572529
2024-02-13,LAB_GOV_GBP,137.8591869018
2024-02-14,LAB_GOV_GBP,138.4647516803
2024-02-15,LAB_GOV_GBP,138.6090466468
2024-02-16,LAB_GOV_GBP,138.4523640525
2024-02-19,LAB_GOV_GBP,137.4927121304
2024-02-20,LAB_GOV_GBP,137.5299232098
2024-02-21,LAB_GOV_GBP,138.7014017475
2024-02-22,LAB_GOV_GBP,138.7599333819
2024-02-23,LAB_GOV_GBP,138.8299699103
2024-02-26,LAB_GOV_GBP,138.1940565090
2024-02-27,LAB_GOV_GBP,138.7279529722
2024-02-28,LAB_GOV_GBP,138.7924283204
2024-02-29,LAB_GOV_GBP,138.5219992493
2024-03-01,LAB_GOV_GBP,137.7461644284
2024-03-04,LAB_GOV_GBP,137.0556691356
2024-03-05,LAB_GOV_GBP,137.1559728286
2024-03-06,LAB_GOV_GBP,137.2185071317
2024-03-07,LAB_GOV_GBP,138.0823035976
2024-03-08,LAB_GOV_GBP,137.9477333450
2024-03-11,LAB_GOV_GBP,136.5921449824
2024-03-12,LAB_GOV_GBP,136.2875102569
2024-03-13,LAB_GOV_GBP,135.7861960269
2024-03-14,LAB_GOV_GBP,136.4574675243
2024-03-15,LAB_GOV_GBP,136.3319259325
2024-03-18,LAB_GOV_GBP,136.1660014947
2024-03-19,LAB_GOV_GBP,135.7644761321
2024-03-20,LAB_GOV_GBP,135.4966682942
2024-03-21,LAB_GOV_GBP,135.8194748185
2024-03-22,LAB_GOV_GBP,136.4789235992
2024-03-25,LAB_GOV_GBP,135.6756283441
2024-03-26,LAB_GOV_GBP,135.6564001254
2024-03-27,LAB_GOV_GBP,135.2800408802
2024-03-28,LAB_GOV_GBP,135.5017137484
2024-03-29,LAB_GOV_GBP,135.2014487662
2024-04-01,LAB_GOV_GBP,135.1843978789
2024-04-02,LAB_GOV_GBP,135.3111166431
2024-04-03,LAB_GOV_GBP,135.4678590433
2024-04-04,LAB_GOV_GBP,136.0921305831
2024-04-05,LAB_GOV_GBP,136.5481848781
2024-04-08,LAB_GOV_GBP,135.9580845004
2024-04-09,LAB_GOV_GBP,135.9012218851
2024-04-10,LAB_GOV_GBP,135.2050096862
2024-04-11,LAB_GOV_GBP,134.2243052899
2024-04-12,LAB_GOV_GBP,133.9724665188
2024-04-15,LAB_GOV_GBP,134.1458478821
2024-04-16,LAB_GOV_GBP,135.8853919490
2024-04-17,LAB_GOV_GBP,135.9039717363
2024-04-18,LAB_GOV_GBP,136.0830345495
2024-04-19,LAB_GOV_GBP,135.7466144907
2024-04-22,LAB_GOV_GBP,135.3755166029
2024-04-23,LAB_GOV_GBP,135.9671425506
2024-04-24,LAB_GOV_GBP,136.1753403503
2024-04-25,LAB_GOV_GBP,134.5908288131
2024-04-26,LAB_GOV_GBP,134.2669248760
2024-04-29,LAB_GOV_GBP,134.0935053537
2024-04-30,LAB_GOV_GBP,134.4955902624
2024-05-01,LAB_GOV_GBP,135.2219369125
2024-05-02,LAB_GOV_GBP,135.0485241011
2024-05-03,LAB_GOV_GBP,135.5303554351
2024-05-06,LAB_GOV_GBP,135.2931569648
2024-05-07,LAB_GOV_GBP,135.0233207396
2024-05-08,LAB_GOV_GBP,135.3075089287
2024-05-09,LAB_GOV_GBP,135.3387841035
2024-05-10,LAB_GOV_GBP,135.5473033583
2024-05-13,LAB_GOV_GBP,135.9383817898
2024-05-14,LAB_GOV_GBP,136.2855862584
2024-05-15,LAB_GOV_GBP,137.1848124837
2024-05-16,LAB_GOV_GBP,135.6810734928
2024-05-17,LAB_GOV_GBP,135.4031474467
2024-05-20,LAB_GOV_GBP,134.7482845408
2024-05-21,LAB_GOV_GBP,135.0673141436
2024-05-22,LAB_GOV_GBP,134.8909048266
2024-05-23,LAB_GOV_GBP,135.1838075050
2024-05-24,LAB_GOV_GBP,134.0878365560
2024-05-27,LAB_GOV_GBP,134.5830963580
2024-05-28,LAB_GOV_GBP,134.1910861567
2024-05-29,LAB_GOV_GBP,134.0973178383
2024-05-30,LAB_GOV_GBP,134.3964833845
2024-05-31,LAB_GOV_GBP,134.1932667847
2024-06-03,LAB_GOV_GBP,134.7464059956
2024-06-04,LAB_GOV_GBP,135.3910745911
2024-06-05,LAB_GOV_GBP,135.8389946162
2024-06-06,LAB_GOV_GBP,135.0300955833
2024-06-07,LAB_GOV_GBP,135.2188414985
2024-06-10,LAB_GOV_GBP,134.9505466842
2024-06-11,LAB_GOV_GBP,135.2708732872
2024-06-12,LAB_GOV_GBP,136.0443647874
2024-06-13,LAB_GOV_GBP,137.2675359353
2024-06-14,LAB_GOV_GBP,137.9149412036
2024-06-17,LAB_GOV_GBP,138.7019544664
2024-06-18,LAB_GOV_GBP,138.2663913544
2024-06-19,LAB_GOV_GBP,138.0173892909
2024-06-20,LAB_GOV_GBP,137.5613985847
2024-06-21,LAB_GOV_GBP,137.2590773592
2024-06-24,LAB_GOV_GBP,137.0264568820
2024-06-25,LAB_GOV_GBP,136.0255053134
2024-06-26,LAB_GOV_GBP,136.1724110189
2024-06-27,LAB_GOV_GBP,136.2139996283
2024-06-28,LAB_GOV_GBP,137.1335667454
2024-07-01,LAB_GOV_GBP,137.7310806493
2024-07-02,LAB_GOV_GBP,138.2845284044
2024-07-03,LAB_GOV_GBP,138.3729780601
2024-07-04,LAB_GOV_GBP,138.7500280392
2024-07-05,LAB_GOV_GBP,138.0786118726
2024-07-08,LAB_GOV_GBP,137.8956940594
2024-07-09,LAB_GOV_GBP,137.5936139410
2024-07-10,LAB_GOV_GBP,137.0055512266
2024-07-11,LAB_GOV_GBP,136.3298870188
2024-07-12,LAB_GOV_GBP,136.4096499050
2024-07-15,LAB_GOV_GBP,136.4363217604
2024-07-16,LAB_GOV_GBP,136.5843956244
2024-07-17,LAB_GOV_GBP,136.7662556029
2024-07-18,LAB_GOV_GBP,137.1091684841
2024-07-19,LAB_GOV_GBP,136.7494806721
2024-07-22,LAB_GOV_GBP,136.5694908431
2024-07-23,LAB_GOV_GBP,137.1474293408
2024-07-24,LAB_GOV_GBP,137.7226292605
2024-07-25,LAB_GOV_GBP,137.5054682941
2024-07-26,LAB_GOV_GBP,137.6501235101
2024-07-29,LAB_GOV_GBP,138.2234516807
2024-07-30,LAB_GOV_GBP,137.7970399223
2024-07-31,LAB_GOV_GBP,137.9980343716
2024-08-01,LAB_GOV_GBP,138.8115568641
2024-08-02,LAB_GOV_GBP,139.2352432194
2024-08-05,LAB_GOV_GBP,139.7547719334
2024-08-06,LAB_GOV_GBP,140.7180232573
2024-08-07,LAB_GOV_GBP,140.2728316886
2024-08-08,LAB_GOV_GBP,139.9255740770
2024-08-09,LAB_GOV_GBP,139.8405398686
2024-08-12,LAB_GOV_GBP,139.7255466458
2024-08-13,LAB_GOV_GBP,139.2762999561
2024-08-14,LAB_GOV_GBP,139.6528043662
2024-08-15,LAB_GOV_GBP,140.0778599421
2024-08-16,LAB_GOV_GBP,140.8848492831
2024-08-19,LAB_GOV_GBP,140.8037943278
2024-08-20,LAB_GOV_GBP,140.0967916392
2024-08-21,LAB_GOV_GBP,140.6041115613
2024-08-22,LAB_GOV_GBP,140.6983627465
2024-08-23,LAB_GOV_GBP,140.8778154244
2024-08-26,LAB_GOV_GBP,140.9067997163
2024-08-27,LAB_GOV_GBP,141.1435779818
2024-08-28,LAB_GOV_GBP,140.6326668527
2024-08-29,LAB_GOV_GBP,140.7387958298
2024-08-30,LAB_GOV_GBP,141.2106141143
2024-09-02,LAB_GOV_GBP,140.3556492223
2024-09-03,LAB_GOV_GBP,139.9528686364
2024-09-04,LAB_GOV_GBP,140.2145561516
2024-09-05,LAB_GOV_GBP,139.3481961092
2024-09-06,LAB_GOV_GBP,139.0158560564
2024-09-09,LAB_GOV_GBP,138.6737527238
2024-09-10,LAB_GOV_GBP,138.3606225664
2024-09-11,LAB_GOV_GBP,139.4622958777
2024-09-12,LAB_GOV_GBP,140.4394615727
2024-09-13,LAB_GOV_GBP,140.2025285687
2024-09-16,LAB_GOV_GBP,140.0626659254
2024-09-17,LAB_GOV_GBP,139.4806083536
2024-09-18,LAB_GOV_GBP,139.9488458160
2024-09-19,LAB_GOV_GBP,140.8148969576
2024-09-20,LAB_GOV_GBP,142.0590329576
2024-09-23,LAB_GOV_GBP,141.6478280940
2024-09-24,LAB_GOV_GBP,141.3395800065
2024-09-25,LAB_GOV_GBP,141.4879636709
2024-09-26,LAB_GOV_GBP,142.0592414644
2024-09-27,LAB_GOV_GBP,142.6573781804
2024-09-30,LAB_GOV_GBP,142.9036910397
2024-10-01,LAB_GOV_GBP,143.4190244951
2024-10-02,LAB_GOV_GBP,143.1017818502
2024-10-03,LAB_GOV_GBP,143.3097992659
2024-10-04,LAB_GOV_GBP,142.5302597304
2024-10-07,LAB_GOV_GBP,142.2160922511
2024-10-08,LAB_GOV_GBP,142.1864276605
2024-10-09,LAB_GOV_GBP,141.5289266278
2024-10-10,LAB_GOV_GBP,141.2231148262
2024-10-11,LAB_GOV_GBP,141.0616348256
2024-10-14,LAB_GOV_GBP,140.9203043208
2024-10-15,LAB_GOV_GBP,141.4423764742
2024-10-16,LAB_GOV_GBP,140.3301364480
2024-10-17,LAB_GOV_GBP,140.6405855460
2024-10-18,LAB_GOV_GBP,140.1717893991
2024-10-21,LAB_GOV_GBP,139.7643947869
2024-10-22,LAB_GOV_GBP,140.1459100239
2024-10-23,LAB_GOV_GBP,139.5795160670
2024-10-24,LAB_GOV_GBP,138.9487628184
2024-10-25,LAB_GOV_GBP,137.9333481608
2024-10-28,LAB_GOV_GBP,137.3415574435
2024-10-29,LAB_GOV_GBP,137.2314074750
2024-10-30,LAB_GOV_GBP,137.1998080435
2024-10-31,LAB_GOV_GBP,137.0706102577
2024-11-01,LAB_GOV_GBP,136.8541984523
2024-11-04,LAB_GOV_GBP,137.9303370264
2024-11-05,LAB_GOV_GBP,137.5799910276
2024-11-06,LAB_GOV_GBP,137.3776196686
2024-11-07,LAB_GOV_GBP,137.9824199898
2024-11-08,LAB_GOV_GBP,137.8908017792
2024-11-11,LAB_GOV_GBP,136.7250323864
2024-11-12,LAB_GOV_GBP,136.6750056877
2024-11-13,LAB_GOV_GBP,135.9008623548
2024-11-14,LAB_GOV_GBP,136.9693106588
2024-11-15,LAB_GOV_GBP,137.5772057830
2024-11-18,LAB_GOV_GBP,137.8143729995
2024-11-19,LAB_GOV_GBP,138.3904287532
2024-11-20,LAB_GOV_GBP,139.0447951921
2024-11-21,LAB_GOV_GBP,139.3831954215
2024-11-22,LAB_GOV_GBP,139.2860653050
2024-11-25,LAB_GOV_GBP,139.1251036898
2024-11-26,LAB_GOV_GBP,138.3534971154
2024-11-27,LAB_GOV_GBP,138.9815116681
2024-11-28,LAB_GOV_GBP,139.0365924669
2024-11-29,LAB_GOV_GBP,139.1000415801
2024-12-02,LAB_GOV_GBP,139.5727981270
2024-12-03,LAB_GOV_GBP,139.4604881937
2024-12-04,LAB_GOV_GBP,139.7339955299
2024-12-05,LAB_GOV_GBP,140.7606976333
2024-12-06,LAB_GOV_GBP,139.7997283946
2024-12-09,LAB_GOV_GBP,140.0037269023
2024-12-10,LAB_GOV_GBP,140.5199232472
2024-12-11,LAB_GOV_GBP,141.3294607041
2024-12-12,LAB_GOV_GBP,141.9637401529
2024-12-13,LAB_GOV_GBP,142.2103593688
2024-12-16,LAB_GOV_GBP,142.2704503226
2024-12-17,LAB_GOV_GBP,143.3420952719
2024-12-18,LAB_GOV_GBP,142.9916753744
2024-12-19,LAB_GOV_GBP,143.2789016674
2024-12-20,LAB_GOV_GBP,143.2084001972
2024-12-23,LAB_GOV_GBP,143.4614566222
2024-12-24,LAB_GOV_GBP,143.0938710165
2024-12-25,LAB_GOV_GBP,142.8017875360
2024-12-26,LAB_GOV_GBP,142.5194730561
2024-12-27,LAB_GOV_GBP,142.5947737603
2024-12-30,LAB_GOV_GBP,143.9680790486
2024-12-31,LAB_GOV_GBP,145.0089374802
2025-01-01,LAB_GOV_GBP,144.6006558827
2025-01-02,LAB_GOV_GBP,144.5165284844
2025-01-03,LAB_GOV_GBP,144.1031173012
2025-01-06,LAB_GOV_GBP,144.2899442169
2025-01-07,LAB_GOV_GBP,144.0871089534
2025-01-08,LAB_GOV_GBP,142.7485059529
2025-01-09,LAB_GOV_GBP,142.8343827525
2025-01-10,LAB_GOV_GBP,141.6408095285
2025-01-13,LAB_GOV_GBP,140.8373725733
2025-01-14,LAB_GOV_GBP,141.4975946276
2025-01-15,LAB_GOV_GBP,141.5661353048
2025-01-16,LAB_GOV_GBP,140.7703287517
2025-01-17,LAB_GOV_GBP,140.4229491134
2025-01-20,LAB_GOV_GBP,140.6242631776
2025-01-21,LAB_GOV_GBP,140.3232244186
2025-01-22,LAB_GOV_GBP,140.2077450023
2025-01-23,LAB_GOV_GBP,140.9161688741
2025-01-24,LAB_GOV_GBP,140.6149488746
2025-01-27,LAB_GOV_GBP,140.5418330200
2025-01-28,LAB_GOV_GBP,140.7517799220
2025-01-29,LAB_GOV_GBP,140.3306505264
2025-01-30,LAB_GOV_GBP,140.8023151698
2025-01-31,LAB_GOV_GBP,142.0483593026
2025-02-03,LAB_GOV_GBP,142.0999219688
2025-02-04,LAB_GOV_GBP,142.6349589398
2025-02-05,LAB_GOV_GBP,143.3940753074
2025-02-06,LAB_GOV_GBP,141.9174093232
2025-02-07,LAB_GOV_GBP,141.1475350109
2025-02-10,LAB_GOV_GBP,141.5553565023
2025-02-11,LAB_GOV_GBP,141.8502346458
2025-02-12,LAB_GOV_GBP,141.6363171392
2025-02-13,LAB_GOV_GBP,141.8181845743
2025-02-14,LAB_GOV_GBP,143.1801157529
2025-02-17,LAB_GOV_GBP,143.3871156022
2025-02-18,LAB_GOV_GBP,142.3956978450
2025-02-19,LAB_GOV_GBP,142.6811440451
2025-02-20,LAB_GOV_GBP,142.1252610057
2025-02-21,LAB_GOV_GBP,141.8095528044
2025-02-24,LAB_GOV_GBP,141.1933221003
2025-02-25,LAB_GOV_GBP,140.9710252238
2025-02-26,LAB_GOV_GBP,140.6723884698
2025-02-27,LAB_GOV_GBP,139.8324964387
2025-02-28,LAB_GOV_GBP,139.4689485693
2025-03-03,LAB_GOV_GBP,139.9883344096
2025-03-04,LAB_GOV_GBP,139.9582082709
2025-03-05,LAB_GOV_GBP,139.5026418100
2025-03-06,LAB_GOV_GBP,139.2424853712
2025-03-07,LAB_GOV_GBP,139.2665590589
2025-03-10,LAB_GOV_GBP,138.9663140739
2025-03-11,LAB_GOV_GBP,138.0837666646
2025-03-12,LAB_GOV_GBP,137.6254188057
2025-03-13,LAB_GOV_GBP,138.2352586825
2025-03-14,LAB_GOV_GBP,138.4984896208
2025-03-17,LAB_GOV_GBP,138.9121947855
2025-03-18,LAB_GOV_GBP,139.2576779964
2025-03-19,LAB_GOV_GBP,139.9396561099
2025-03-20,LAB_GOV_GBP,138.8212778378
2025-03-21,LAB_GOV_GBP,139.4887227181
2025-03-24,LAB_GOV_GBP,140.1248146000
2025-03-25,LAB_GOV_GBP,140.5628028068
2025-03-26,LAB_GOV_GBP,140.0265249572
2025-03-27,LAB_GOV_GBP,139.6210292424
2025-03-28,LAB_GOV_GBP,139.6588161402
2025-03-31,LAB_GOV_GBP,139.0088529945
2025-04-01,LAB_GOV_GBP,139.5250521919
2025-04-02,LAB_GOV_GBP,140.6159847081
2025-04-03,LAB_GOV_GBP,140.7927226585
2025-04-04,LAB_GOV_GBP,141.8485024546
2025-04-07,LAB_GOV_GBP,142.4070337804
2025-04-08,LAB_GOV_GBP,141.2446980583
2025-04-09,LAB_GOV_GBP,141.6758128004
2025-04-10,LAB_GOV_GBP,142.1132616850
2025-04-11,LAB_GOV_GBP,143.3945369038
2025-04-14,LAB_GOV_GBP,143.8464632253
2025-04-15,LAB_GOV_GBP,143.4443612494
2025-04-16,LAB_GOV_GBP,144.0353122394
2025-04-17,LAB_GOV_GBP,143.2774868908
2025-04-18,LAB_GOV_GBP,142.8663062198
2025-04-21,LAB_GOV_GBP,142.7827246449
2025-04-22,LAB_GOV_GBP,142.9389809935
2025-04-23,LAB_GOV_GBP,142.7552216692
2025-04-24,LAB_GOV_GBP,143.9595568783
2025-04-25,LAB_GOV_GBP,144.2018775409
2025-04-28,LAB_GOV_GBP,144.8208535246
2025-04-29,LAB_GOV_GBP,145.0547697150
2025-04-30,LAB_GOV_GBP,144.7223015452
2025-05-01,LAB_GOV_GBP,144.4247530369
2025-05-02,LAB_GOV_GBP,143.8858229872
2025-05-05,LAB_GOV_GBP,143.5517291573
2025-05-06,LAB_GOV_GBP,143.4945619434
2025-05-07,LAB_GOV_GBP,143.6750835081
2025-05-08,LAB_GOV_GBP,144.0371933034
2025-05-09,LAB_GOV_GBP,143.9254424996
2025-05-12,LAB_GOV_GBP,143.8021275572
2025-05-13,LAB_GOV_GBP,142.9516227301
2025-05-14,LAB_GOV_GBP,142.5763728546
2025-05-15,LAB_GOV_GBP,143.3803216502
2025-05-16,LAB_GOV_GBP,143.4205377831
2025-05-19,LAB_GOV_GBP,144.1162137853
2025-05-20,LAB_GOV_GBP,144.8565503105
2025-05-21,LAB_GOV_GBP,143.9182495791
2025-05-22,LAB_GOV_GBP,143.6248671707
2025-05-23,LAB_GOV_GBP,143.5538695762
2025-05-26,LAB_GOV_GBP,143.2559067563
2025-05-27,LAB_GOV_GBP,143.4610478047
2025-05-28,LAB_GOV_GBP,143.8195840558
2025-05-29,LAB_GOV_GBP,144.5867665176
2025-05-30,LAB_GOV_GBP,144.1456957903
2025-06-02,LAB_GOV_GBP,144.5953095837
2025-06-03,LAB_GOV_GBP,143.7880619195
2025-06-04,LAB_GOV_GBP,144.0178941497
2025-06-05,LAB_GOV_GBP,144.9039773492
2025-06-06,LAB_GOV_GBP,143.9590937367
2025-06-09,LAB_GOV_GBP,143.8586384294
2025-06-10,LAB_GOV_GBP,143.6690171923
2025-06-11,LAB_GOV_GBP,143.9015504003
2025-06-12,LAB_GOV_GBP,144.2327230352
2025-06-13,LAB_GOV_GBP,144.7641237185
2025-06-16,LAB_GOV_GBP,145.9036095710
2025-06-17,LAB_GOV_GBP,147.4844878023
2025-06-18,LAB_GOV_GBP,147.1908447526
2025-06-19,LAB_GOV_GBP,147.1015283218
2025-06-20,LAB_GOV_GBP,145.9756684650
2025-06-23,LAB_GOV_GBP,146.6414459571
2025-06-24,LAB_GOV_GBP,147.7758425192
2025-06-25,LAB_GOV_GBP,147.2440494744
2025-06-26,LAB_GOV_GBP,147.3374079953
2025-06-27,LAB_GOV_GBP,147.8025156143
2025-06-30,LAB_GOV_GBP,148.9914194558
2025-07-01,LAB_GOV_GBP,149.0341269846
2025-07-02,LAB_GOV_GBP,150.1933453350
2025-07-03,LAB_GOV_GBP,149.8492588273
2025-07-04,LAB_GOV_GBP,149.9455136784
2025-07-07,LAB_GOV_GBP,151.0543766554
2025-07-08,LAB_GOV_GBP,151.0202612588
2025-07-09,LAB_GOV_GBP,151.5540507623
2025-07-10,LAB_GOV_GBP,152.4314072567
2025-07-11,LAB_GOV_GBP,151.6509644938
2025-07-14,LAB_GOV_GBP,151.4725556874
2025-07-15,LAB_GOV_GBP,152.4347416046
2025-07-16,LAB_GOV_GBP,152.4749875218
2025-07-17,LAB_GOV_GBP,151.5775494757
2025-07-18,LAB_GOV_GBP,150.7635816604
2025-07-21,LAB_GOV_GBP,151.6253256051
2025-07-22,LAB_GOV_GBP,150.9332672917
2025-07-23,LAB_GOV_GBP,151.0959113027
2025-07-24,LAB_GOV_GBP,151.2247491918
2025-07-25,LAB_GOV_GBP,150.0665814817
2025-07-28,LAB_GOV_GBP,148.9180408728
2025-07-29,LAB_GOV_GBP,148.3880043713
2025-07-30,LAB_GOV_GBP,148.6970096244
2025-07-31,LAB_GOV_GBP,149.6047313908
2025-08-01,LAB_GOV_GBP,150.0016802220
2025-08-04,LAB_GOV_GBP,151.0399475065
2025-08-05,LAB_GOV_GBP,150.9747139334
2025-08-06,LAB_GOV_GBP,151.3482760110
2025-08-07,LAB_GOV_GBP,151.7812571982
2025-08-08,LAB_GOV_GBP,150.6497362126
2025-08-11,LAB_GOV_GBP,150.0230832895
2025-08-12,LAB_GOV_GBP,149.1281500261
2025-08-13,LAB_GOV_GBP,149.9696941850
2025-08-14,LAB_GOV_GBP,150.5845789684
2025-08-15,LAB_GOV_GBP,150.3356309311
2025-08-18,LAB_GOV_GBP,151.0020259446
2025-08-19,LAB_GOV_GBP,150.0571749750
2025-08-20,LAB_GOV_GBP,150.7721767131
2025-08-21,LAB_GOV_GBP,151.7097439940
2025-08-22,LAB_GOV_GBP,152.2505875383
2025-08-25,LAB_GOV_GBP,152.1494324697
2025-08-26,LAB_GOV_GBP,152.0044545528
2025-08-27,LAB_GOV_GBP,152.6935322305
2025-08-28,LAB_GOV_GBP,152.0909095823
2025-08-29,LAB_GOV_GBP,152.3454060775
2025-09-01,LAB_GOV_GBP,152.0527697537
2025-09-02,LAB_GOV_GBP,152.4827844164
2025-09-03,LAB_GOV_GBP,152.3646053477
2025-09-04,LAB_GOV_GBP,151.8225594859
2025-09-05,LAB_GOV_GBP,151.3276880686
2025-09-08,LAB_GOV_GBP,151.9138326032
2025-09-09,LAB_GOV_GBP,151.9957215760
2025-09-10,LAB_GOV_GBP,153.3762898308
2025-09-11,LAB_GOV_GBP,153.6116839844
2025-09-12,LAB_GOV_GBP,154.0481465057
2025-09-15,LAB_GOV_GBP,154.7961737437
2025-09-16,LAB_GOV_GBP,155.0813104924
2025-09-17,LAB_GOV_GBP,155.3079076160
2025-09-18,LAB_GOV_GBP,155.0869819604
2025-09-19,LAB_GOV_GBP,155.1165462911
2025-09-22,LAB_GOV_GBP,155.2519085055
2025-09-23,LAB_GOV_GBP,155.2868028893
2025-09-24,LAB_GOV_GBP,155.3802145110
2025-09-25,LAB_GOV_GBP,155.5420537408
2025-09-26,LAB_GOV_GBP,156.1159813225
2025-09-29,LAB_GOV_GBP,156.4426954646
2025-09-30,LAB_GOV_GBP,156.6942599611
2025-10-01,LAB_GOV_GBP,155.8409271665
2025-10-02,LAB_GOV_GBP,156.1690050466
2025-10-03,LAB_GOV_GBP,157.1936956295
2025-10-06,LAB_GOV_GBP,157.8406603415
2025-10-07,LAB_GOV_GBP,157.7731883143
2025-10-08,LAB_GOV_GBP,158.0481134889
2025-10-09,LAB_GOV_GBP,157.9422572999
2025-10-10,LAB_GOV_GBP,158.0834240270
2025-10-13,LAB_GOV_GBP,158.6420554321
2025-10-14,LAB_GOV_GBP,159.0574609102
2025-10-15,LAB_GOV_GBP,158.2065710508
2025-10-16,LAB_GOV_GBP,159.1377184401
2025-10-17,LAB_GOV_GBP,158.9790717648
2025-10-20,LAB_GOV_GBP,158.5833949584
2025-10-21,LAB_GOV_GBP,158.2589021780
2025-10-22,LAB_GOV_GBP,158.0359748959
2025-10-23,LAB_GOV_GBP,157.6323355115
2025-10-24,LAB_GOV_GBP,156.9892049739
2025-10-27,LAB_GOV_GBP,155.6737929649
2025-10-28,LAB_GOV_GBP,155.7559225774
2025-10-29,LAB_GOV_GBP,155.8256774324
2025-10-30,LAB_GOV_GBP,155.2384598054
2025-10-31,LAB_GOV_GBP,156.4186811244
2025-11-03,LAB_GOV_GBP,156.5400929454
2025-11-04,LAB_GOV_GBP,156.1260913542
2025-11-05,LAB_GOV_GBP,156.2793057332
2025-11-06,LAB_GOV_GBP,156.2926077249
2025-11-07,LAB_GOV_GBP,156.3113992847
2025-11-10,LAB_GOV_GBP,157.0497725154
2025-11-11,LAB_GOV_GBP,157.4436304096
2025-11-12,LAB_GOV_GBP,159.1399548206
2025-11-13,LAB_GOV_GBP,157.9906145524
2025-11-14,LAB_GOV_GBP,157.2216944240
2025-11-17,LAB_GOV_GBP,158.4617940022
2025-11-18,LAB_GOV_GBP,158.2335177441
2025-11-19,LAB_GOV_GBP,157.6256297364
2025-11-20,LAB_GOV_GBP,158.0700649895
2025-11-21,LAB_GOV_GBP,158.0712633759
2025-11-24,LAB_GOV_GBP,157.2612099845
2025-11-25,LAB_GOV_GBP,156.6121350783
2025-11-26,LAB_GOV_GBP,156.6515168186
2025-11-27,LAB_GOV_GBP,157.5382741830
2025-11-28,LAB_GOV_GBP,157.7186651684
2025-12-01,LAB_GOV_GBP,156.9788266184
2025-12-02,LAB_GOV_GBP,158.1151852269
2025-12-03,LAB_GOV_GBP,159.3191479011
2025-12-04,LAB_GOV_GBP,160.0665838121
2025-12-05,LAB_GOV_GBP,160.6949262177
2025-12-08,LAB_GOV_GBP,160.7996531554
2025-12-09,LAB_GOV_GBP,160.6150800611
2025-12-10,LAB_GOV_GBP,160.3023690111
2025-12-11,LAB_GOV_GBP,160.0472215680
2025-12-12,LAB_GOV_GBP,159.9388590353
2025-12-15,LAB_GOV_GBP,160.6852459641
2025-12-16,LAB_GOV_GBP,161.9372669528
2025-12-17,LAB_GOV_GBP,161.5763714022
2025-12-18,LAB_GOV_GBP,161.7543670604
2025-12-19,LAB_GOV_GBP,161.7058726131
2025-12-22,LAB_GOV_GBP,161.2468868214
2025-12-23,LAB_GOV_GBP,161.1597064654
2025-12-24,LAB_GOV_GBP,161.9363657143
2025-12-25,LAB_GOV_GBP,162.4434812847
2025-12-26,LAB_GOV_GBP,163.2627598386
2025-12-29,LAB_GOV_GBP,163.5085932862
2025-12-30,LAB_GOV_GBP,162.8888325270
2025-12-31,LAB_GOV_GBP,162.8068975847
2021-01-04,LAB_GOV_USD,98.0000000000
2021-01-05,LAB_GOV_USD,97.5573661300
2021-01-06,LAB_GOV_USD,97.6642855484
2021-01-07,LAB_GOV_USD,97.6461639610
2021-01-08,LAB_GOV_USD,97.5440374545
2021-01-11,LAB_GOV_USD,97.7352911815
2021-01-12,LAB_GOV_USD,97.7038461072
2021-01-13,LAB_GOV_USD,97.9701721056
2021-01-14,LAB_GOV_USD,97.2415444294
2021-01-15,LAB_GOV_USD,96.9422591633
2021-01-18,LAB_GOV_USD,96.8085779036
2021-01-19,LAB_GOV_USD,96.6041436049
2021-01-20,LAB_GOV_USD,96.7370186433
2021-01-21,LAB_GOV_USD,97.3477214263
2021-01-22,LAB_GOV_USD,97.4251741510
2021-01-25,LAB_GOV_USD,97.3319684547
2021-01-26,LAB_GOV_USD,96.5711560514
2021-01-27,LAB_GOV_USD,96.7736093863
2021-01-28,LAB_GOV_USD,97.2292802066
2021-01-29,LAB_GOV_USD,97.1246190690
2021-02-01,LAB_GOV_USD,97.2625528469
2021-02-02,LAB_GOV_USD,96.9901798663
2021-02-03,LAB_GOV_USD,97.0876315860
2021-02-04,LAB_GOV_USD,97.3807883124
2021-02-05,LAB_GOV_USD,97.4490725080
2021-02-08,LAB_GOV_USD,97.5692324030
2021-02-09,LAB_GOV_USD,97.9323313602
2021-02-10,LAB_GOV_USD,97.5997048710
2021-02-11,LAB_GOV_USD,98.3367862924
2021-02-12,LAB_GOV_USD,98.3212421390
2021-02-15,LAB_GOV_USD,97.7934250050
2021-02-16,LAB_GOV_USD,98.2394721140
2021-02-17,LAB_GOV_USD,98.5605855898
2021-02-18,LAB_GOV_USD,98.7175803684
2021-02-19,LAB_GOV_USD,99.4699831625
2021-02-22,LAB_GOV_USD,99.2393855709
2021-02-23,LAB_GOV_USD,99.4775118686
2021-02-24,LAB_GOV_USD,99.2228430888
2021-02-25,LAB_GOV_USD,99.5376750931
2021-02-26,LAB_GOV_USD,99.7593564147
2021-03-01,LAB_GOV_USD,99.2214978570
2021-03-02,LAB_GOV_USD,98.9355770661
2021-03-03,LAB_GOV_USD,99.1720337505
2021-03-04,LAB_GOV_USD,98.7160392671
2021-03-05,LAB_GOV_USD,99.0797408763
2021-03-08,LAB_GOV_USD,98.8636701265
2021-03-09,LAB_GOV_USD,98.8677778099
2021-03-10,LAB_GOV_USD,98.4700599200
2021-03-11,LAB_GOV_USD,98.3236330549
2021-03-12,LAB_GOV_USD,98.4006291943
2021-03-15,LAB_GOV_USD,98.6692141335
2021-03-16,LAB_GOV_USD,98.3158094469
2021-03-17,LAB_GOV_USD,98.8320841996
2021-03-18,LAB_GOV_USD,98.5160084622
2021-03-19,LAB_GOV_USD,98.3330890762
2021-03-22,LAB_GOV_USD,98.1092481617
2021-03-23,LAB_GOV_USD,97.8218562422
2021-03-24,LAB_GOV_USD,98.0917873943
2021-03-25,LAB_GOV_USD,98.2414380659
2021-03-26,LAB_GOV_USD,97.4379136861
2021-03-29,LAB_GOV_USD,98.1211921976
2021-03-30,LAB_GOV_USD,98.0819285421
2021-03-31,LAB_GOV_USD,98.0792067318
2021-04-01,LAB_GOV_USD,98.1369815613
2021-04-02,LAB_GOV_USD,98.7830184267
2021-04-05,LAB_GOV_USD,99.1776227495
2021-04-06,LAB_GOV_USD,99.4921258528
2021-04-07,LAB_GOV_USD,99.4962921888
2021-04-08,LAB_GOV_USD,99.1154062155
2021-04-09,LAB_GOV_USD,99.2773853604
2021-04-12,LAB_GOV_USD,98.7293209442
2021-04-13,LAB_GOV_USD,98.9299573529
2021-04-14,LAB_GOV_USD,99.1254966390
2021-04-15,LAB_GOV_USD,99.4155047747
2021-04-16,LAB_GOV_USD,99.5161146865
2021-04-19,LAB_GOV_USD,99.5279816929
2021-04-20,LAB_GOV_USD,99.4355009059
2021-04-21,LAB_GOV_USD,99.2059712907
2021-04-22,LAB_GOV_USD,98.7581097484
2021-04-23,LAB_GOV_USD,99.1563891386
2021-04-26,LAB_GOV_USD,99.5777333642
2021-04-27,LAB_GOV_USD,99.4779885874
2021-04-28,LAB_GOV_USD,99.2117983960
2021-04-29,LAB_GOV_USD,99.5081818326
2021-04-30,LAB_GOV_USD,99.7051365224
2021-05-03,LAB_GOV_USD,99.4519917503
2021-05-04,LAB_GOV_USD,99.7550083958
2021-05-05,LAB_GOV_USD,99.7775409344
2021-05-06,LAB_GOV_USD,100.4703751542
2021-05-07,LAB_GOV_USD,100.4762174350
2021-05-10,LAB_GOV_USD,100.3419900929
2021-05-11,LAB_GOV_USD,99.7504905110
2021-05-12,LAB_GOV_USD,98.6695129533
2021-05-13,LAB_GOV_USD,98.1652055010
2021-05-14,LAB_GOV_USD,98.7290820235
2021-05-17,LAB_GOV_USD,98.6623028304
2021-05-18,LAB_GOV_USD,98.1774095863
2021-05-19,LAB_GOV_USD,98.4688257052
2021-05-20,LAB_GOV_USD,98.2777172808
2021-05-21,LAB_GOV_USD,98.4135765017
2021-05-24,LAB_GOV_USD,98.2287108046
2021-05-25,LAB_GOV_USD,98.2337136982
2021-05-26,LAB_GOV_USD,97.7480516674
2021-05-27,LAB_GOV_USD,98.2502049521
2021-05-28,LAB_GOV_USD,98.4346727715
2021-05-31,LAB_GOV_USD,98.7123496738
2021-06-01,LAB_GOV_USD,98.9227866521
2021-06-02,LAB_GOV_USD,98.3667727003
2021-06-03,LAB_GOV_USD,98.4441511339
2021-06-04,LAB_GOV_USD,98.0252518575
2021-06-07,LAB_GOV_USD,98.6353683752
2021-06-08,LAB_GOV_USD,98.3623037589
2021-06-09,LAB_GOV_USD,98.1240320651
2021-06-10,LAB_GOV_USD,98.2511897879
2021-06-11,LAB_GOV_USD,98.5985980775
2021-06-14,LAB_GOV_USD,98.3809046489
2021-06-15,LAB_GOV_USD,98.5625593842
2021-06-16,LAB_GOV_USD,98.2963254899
2021-06-17,LAB_GOV_USD,98.7432682182
2021-06-18,LAB_GOV_USD,98.9545389874
2021-06-21,LAB_GOV_USD,98.8334392949
2021-06-22,LAB_GOV_USD,98.7580292449
2021-06-23,LAB_GOV_USD,98.6744020528
2021-06-24,LAB_GOV_USD,97.9831262187
2021-06-25,LAB_GOV_USD,97.5853796593
2021-06-28,LAB_GOV_USD,97.9332074480
2021-06-29,LAB_GOV_USD,98.2206245407
2021-06-30,LAB_GOV_USD,98.3911440404
2021-07-01,LAB_GOV_USD,98.3797660388
2021-07-02,LAB_GOV_USD,98.7282552976
2021-07-05,LAB_GOV_USD,98.6652967343
2021-07-06,LAB_GOV_USD,99.0290467386
2021-07-07,LAB_GOV_USD,98.7371878189
2021-07-08,LAB_GOV_USD,98.6466954778
2021-07-09,LAB_GOV_USD,98.3418127302
2021-07-12,LAB_GOV_USD,98.5386099151
2021-07-13,LAB_GOV_USD,98.5215587613
2021-07-14,LAB_GOV_USD,98.8830441932
2021-07-15,LAB_GOV_USD,98.8059170322
2021-07-16,LAB_GOV_USD,99.5515867021
2021-07-19,LAB_GOV_USD,99.7363417972
2021-07-20,LAB_GOV_USD,100.0214142731
2021-07-21,LAB_GOV_USD,100.3079993800
2021-07-22,LAB_GOV_USD,100.1907361058
2021-07-23,LAB_GOV_USD,99.9810912259
2021-07-26,LAB_GOV_USD,99.3346648648
2021-07-27,LAB_GOV_USD,99.8402232622
2021-07-28,LAB_GOV_USD,100.5393565214
2021-07-29,LAB_GOV_USD,100.0799047781
2021-07-30,LAB_GOV_USD,99.8724663025
2021-08-02,LAB_GOV_USD,99.8053135815
2021-08-03,LAB_GOV_USD,99.5970691493
2021-08-04,LAB_GOV_USD,98.9064086724
2021-08-05,LAB_GOV_USD,99.4738950483
2021-08-06,LAB_GOV_USD,99.5434261889
2021-08-09,LAB_GOV_USD,99.8384541274
2021-08-10,LAB_GOV_USD,100.0412063718
2021-08-11,LAB_GOV_USD,100.3953641748
2021-08-12,LAB_GOV_USD,100.1514228972
2021-08-13,LAB_GOV_USD,100.2571321533
2021-08-16,LAB_GOV_USD,100.9101612160
2021-08-17,LAB_GOV_USD,100.3272004696
2021-08-18,LAB_GOV_USD,99.9113214248
2021-08-19,LAB_GOV_USD,100.1130873439
2021-08-20,LAB_GOV_USD,100.3264167657
2021-08-23,LAB_GOV_USD,100.9327405831
2021-08-24,LAB_GOV_USD,100.7605910287
2021-08-25,LAB_GOV_USD,100.5160342308
2021-08-26,LAB_GOV_USD,100.0618439985
2021-08-27,LAB_GOV_USD,100.1002776257
2021-08-30,LAB_GOV_USD,99.1879641400
2021-08-31,LAB_GOV_USD,99.9456433643
2021-09-01,LAB_GOV_USD,100.3858841797
2021-09-02,LAB_GOV_USD,100.5499847808
2021-09-03,LAB_GOV_USD,100.7792061922
2021-09-06,LAB_GOV_USD,100.7316820210
2021-09-07,LAB_GOV_USD,100.3865682871
2021-09-08,LAB_GOV_USD,99.8332887636
2021-09-09,LAB_GOV_USD,99.7803127197
2021-09-10,LAB_GOV_USD,99.4031325596
2021-09-13,LAB_GOV_USD,99.5980294286
2021-09-14,LAB_GOV_USD,99.4941218090
2021-09-15,LAB_GOV_USD,99.0389108464
2021-09-16,LAB_GOV_USD,98.5751042312
2021-09-17,LAB_GOV_USD,98.7710634358
2021-09-20,LAB_GOV_USD,99.0379899160
2021-09-21,LAB_GOV_USD,99.0867922670
2021-09-22,LAB_GOV_USD,99.0365922489
2021-09-23,LAB_GOV_USD,99.4489229052
2021-09-24,LAB_GOV_USD,99.8809175923
2021-09-27,LAB_GOV_USD,100.4725805265
2021-09-28,LAB_GOV_USD,100.2981992637
2021-09-29,LAB_GOV_USD,100.5800879974
2021-09-30,LAB_GOV_USD,101.1186085000
2021-10-01,LAB_GOV_USD,101.0656628280
2021-10-04,LAB_GOV_USD,100.8306430138
2021-10-05,LAB_GOV_USD,100.8006432995
2021-10-06,LAB_GOV_USD,100.9501601317
2021-10-07,LAB_GOV_USD,100.8808523964
2021-10-08,LAB_GOV_USD,100.8758235819
2021-10-11,LAB_GOV_USD,100.7040708138
2021-10-12,LAB_GOV_USD,100.6105417706
2021-10-13,LAB_GOV_USD,100.3030138884
2021-10-14,LAB_GOV_USD,100.1829082831
2021-10-15,LAB_GOV_USD,100.3352422577
2021-10-18,LAB_GOV_USD,101.0574885701
2021-10-19,LAB_GOV_USD,100.9618207064
2021-10-20,LAB_GOV_USD,100.9663851330
2021-10-21,LAB_GOV_USD,100.9511471256
2021-10-22,LAB_GOV_USD,101.5103971822
2021-10-25,LAB_GOV_USD,102.0763095992
2021-10-26,LAB_GOV_USD,102.3378102497
2021-10-27,LAB_GOV_USD,102.5641126197
2021-10-28,LAB_GOV_USD,102.8149774931
2021-10-29,LAB_GOV_USD,102.3874358146
2021-11-01,LAB_GOV_USD,102.3319294737
2021-11-02,LAB_GOV_USD,101.9571670885
2021-11-03,LAB_GOV_USD,102.1197995104
2021-11-04,LAB_GOV_USD,101.9205806859
2021-11-05,LAB_GOV_USD,102.1118486341
2021-11-08,LAB_GOV_USD,102.3225406640
2021-11-09,LAB_GOV_USD,102.8889846384
2021-11-10,LAB_GOV_USD,102.2477718150
2021-11-11,LAB_GOV_USD,102.6104447949
2021-11-12,LAB_GOV_USD,103.3200683858
2021-11-15,LAB_GOV_USD,102.9954975826
2021-11-16,LAB_GOV_USD,102.8330523396
2021-11-17,LAB_GOV_USD,103.3372404144
2021-11-18,LAB_GOV_USD,102.9613597420
2021-11-19,LAB_GOV_USD,103.1081491251
2021-11-22,LAB_GOV_USD,103.5141706497
2021-11-23,LAB_GOV_USD,103.6414268385
2021-11-24,LAB_GOV_USD,103.3868049766
2021-11-25,LAB_GOV_USD,103.4760596412
2021-11-26,LAB_GOV_USD,103.0814790459
2021-11-29,LAB_GOV_USD,102.6470536123
2021-11-30,LAB_GOV_USD,102.5229352045
2021-12-01,LAB_GOV_USD,102.1431407713
2021-12-02,LAB_GOV_USD,101.9631820125
2021-12-03,LAB_GOV_USD,101.6173087512
2021-12-06,LAB_GOV_USD,100.9573382017
2021-12-07,LAB_GOV_USD,100.7968972417
2021-12-08,LAB_GOV_USD,101.3882121843
2021-12-09,LAB_GOV_USD,100.4482042462
2021-12-10,LAB_GOV_USD,100.2095573370
2021-12-13,LAB_GOV_USD,100.8114041930
2021-12-14,LAB_GOV_USD,100.0936030533
2021-12-15,LAB_GOV_USD,99.8055287592
2021-12-16,LAB_GOV_USD,100.4303894408
2021-12-17,LAB_GOV_USD,100.9546282942
2021-12-20,LAB_GOV_USD,101.0217254446
2021-12-21,LAB_GOV_USD,101.4165301414
2021-12-22,LAB_GOV_USD,101.9516205665
2021-12-23,LAB_GOV_USD,102.2987624103
2021-12-24,LAB_GOV_USD,102.9659324801
2021-12-27,LAB_GOV_USD,102.7757944323
2021-12-28,LAB_GOV_USD,102.9175235676
2021-12-29,LAB_GOV_USD,102.7581992440
2021-12-30,LAB_GOV_USD,102.2020381733
2021-12-31,LAB_GOV_USD,102.5575701013
2022-01-03,LAB_GOV_USD,103.0072190679
2022-01-04,LAB_GOV_USD,103.3928072974
2022-01-05,LAB_GOV_USD,103.8964135833
2022-01-06,LAB_GOV_USD,103.7023642087
2022-01-07,LAB_GOV_USD,104.3482067139
2022-01-10,LAB_GOV_USD,104.8931016531
2022-01-11,LAB_GOV_USD,104.6930953752
2022-01-12,LAB_GOV_USD,104.8531481641
2022-01-13,LAB_GOV_USD,106.0442795045
2022-01-14,LAB_GOV_USD,105.4734740960
2022-01-17,LAB_GOV_USD,105.4806367079
2022-01-18,LAB_GOV_USD,105.6788960224
2022-01-19,LAB_GOV_USD,105.4036476178
2022-01-20,LAB_GOV_USD,105.4211501248
2022-01-21,LAB_GOV_USD,105.2402227324
2022-01-24,LAB_GOV_USD,105.3370976924
2022-01-25,LAB_GOV_USD,105.4386025839
2022-01-26,LAB_GOV_USD,105.8742669716
2022-01-27,LAB_GOV_USD,106.5966224492
2022-01-28,LAB_GOV_USD,105.5076110258
2022-01-31,LAB_GOV_USD,105.6591615547
2022-02-01,LAB_GOV_USD,105.9027526178
2022-02-02,LAB_GOV_USD,106.2956286327
2022-02-03,LAB_GOV_USD,106.5720941041
2022-02-04,LAB_GOV_USD,106.8221405261
2022-02-07,LAB_GOV_USD,107.0265438906
2022-02-08,LAB_GOV_USD,107.2163605667
2022-02-09,LAB_GOV_USD,106.7835418901
2022-02-10,LAB_GOV_USD,106.2971265332
2022-02-11,LAB_GOV_USD,106.8750396253
2022-02-14,LAB_GOV_USD,107.9070560561
2022-02-15,LAB_GOV_USD,108.0705863183
2022-02-16,LAB_GOV_USD,108.1394188765
2022-02-17,LAB_GOV_USD,108.2565344410
2022-02-18,LAB_GOV_USD,108.5973403469
2022-02-21,LAB_GOV_USD,108.4781462917
2022-02-22,LAB_GOV_USD,108.1183323868
2022-02-23,LAB_GOV_USD,107.9933387046
2022-02-24,LAB_GOV_USD,108.4299208162
2022-02-25,LAB_GOV_USD,108.5686356536
2022-02-28,LAB_GOV_USD,108.3487814818
2022-03-01,LAB_GOV_USD,108.9574978980
2022-03-02,LAB_GOV_USD,108.5174140246
2022-03-03,LAB_GOV_USD,108.3799025053
2022-03-04,LAB_GOV_USD,108.3587001574
2022-03-07,LAB_GOV_USD,107.9667215449
2022-03-08,LAB_GOV_USD,108.0826133026
2022-03-09,LAB_GOV_USD,108.8016780022
2022-03-10,LAB_GOV_USD,108.3742984168
2022-03-11,LAB_GOV_USD,108.3163487065
2022-03-14,LAB_GOV_USD,108.5902508113
2022-03-15,LAB_GOV_USD,108.7254119852
2022-03-16,LAB_GOV_USD,109.0357682046
2022-03-17,LAB_GOV_USD,109.1016006654
2022-03-18,LAB_GOV_USD,108.9342009694
2022-03-21,LAB_GOV_USD,109.6829327451
2022-03-22,LAB_GOV_USD,108.9536224609
2022-03-23,LAB_GOV_USD,109.2295138093
2022-03-24,LAB_GOV_USD,109.1972207658
2022-03-25,LAB_GOV_USD,109.0837450583
2022-03-28,LAB_GOV_USD,109.3827783891
2022-03-29,LAB_GOV_USD,108.8180146467
2022-03-30,LAB_GOV_USD,108.6672842798
2022-03-31,LAB_GOV_USD,108.7264262276
2022-04-01,LAB_GOV_USD,108.5850356517
2022-04-04,LAB_GOV_USD,109.1598866259
2022-04-05,LAB_GOV_USD,109.2503483174
2022-04-06,LAB_GOV_USD,108.7131716448
2022-04-07,LAB_GOV_USD,109.1485208428
2022-04-08,LAB_GOV_USD,108.3858797444
2022-04-11,LAB_GOV_USD,107.9241430619
2022-04-12,LAB_GOV_USD,107.9199363577
2022-04-13,LAB_GOV_USD,107.5641216779
2022-04-14,LAB_GOV_USD,107.8073697844
2022-04-15,LAB_GOV_USD,107.7809835536
2022-04-18,LAB_GOV_USD,107.7905350174
2022-04-19,LAB_GOV_USD,107.8026920241
2022-04-20,LAB_GOV_USD,107.9858595891
2022-04-21,LAB_GOV_USD,108.2233729178
2022-04-22,LAB_GOV_USD,108.4222006171
2022-04-25,LAB_GOV_USD,108.5955420801
2022-04-26,LAB_GOV_USD,108.0419438931
2022-04-27,LAB_GOV_USD,107.1487230501
2022-04-28,LAB_GOV_USD,107.0201115692
2022-04-29,LAB_GOV_USD,106.3844375665
2022-05-02,LAB_GOV_USD,106.4447894295
2022-05-03,LAB_GOV_USD,105.9635538569
2022-05-04,LAB_GOV_USD,105.0896371718
2022-05-05,LAB_GOV_USD,104.9740679476
2022-05-06,LAB_GOV_USD,105.1728193183
2022-05-09,LAB_GOV_USD,104.8167187508
2022-05-10,LAB_GOV_USD,104.1470388704
2022-05-11,LAB_GOV_USD,104.1611083887
2022-05-12,LAB_GOV_USD,103.5841030618
2022-05-13,LAB_GOV_USD,104.4328214585
2022-05-16,LAB_GOV_USD,104.2360297052
2022-05-17,LAB_GOV_USD,104.0881110494
2022-05-18,LAB_GOV_USD,104.6499271316
2022-05-19,LAB_GOV_USD,104.1505461316
2022-05-20,LAB_GOV_USD,104.0743987727
2022-05-23,LAB_GOV_USD,104.2576841147
2022-05-24,LAB_GOV_USD,104.2878597734
2022-05-25,LAB_GOV_USD,105.0592316242
2022-05-26,LAB_GOV_USD,105.2688396932
2022-05-27,LAB_GOV_USD,104.9797253941
2022-05-30,LAB_GOV_USD,104.9072241401
2022-05-31,LAB_GOV_USD,105.0963819069
2022-06-01,LAB_GOV_USD,105.5800089989
2022-06-02,LAB_GOV_USD,105.5191908223
2022-06-03,LAB_GOV_USD,106.0405423748
2022-06-06,LAB_GOV_USD,106.3254433477
2022-06-07,LAB_GOV_USD,106.3200055870
2022-06-08,LAB_GOV_USD,107.3196822879
2022-06-09,LAB_GOV_USD,107.1951012645
2022-06-10,LAB_GOV_USD,106.8777182492
2022-06-13,LAB_GOV_USD,106.3884069592
2022-06-14,LAB_GOV_USD,106.8161742275
2022-06-15,LAB_GOV_USD,106.9336794280
2022-06-16,LAB_GOV_USD,107.2311755056
2022-06-17,LAB_GOV_USD,106.9414363640
2022-06-20,LAB_GOV_USD,106.9373059261
2022-06-21,LAB_GOV_USD,106.3434537039
2022-06-22,LAB_GOV_USD,106.1094413344
2022-06-23,LAB_GOV_USD,106.2143216523
2022-06-24,LAB_GOV_USD,106.7432612125
2022-06-27,LAB_GOV_USD,107.3441010031
2022-06-28,LAB_GOV_USD,108.5201307757
2022-06-29,LAB_GOV_USD,107.8700384402
2022-06-30,LAB_GOV_USD,107.8493161835
2022-07-01,LAB_GOV_USD,107.4938355800
2022-07-04,LAB_GOV_USD,107.8265921234
2022-07-05,LAB_GOV_USD,108.1072420184
2022-07-06,LAB_GOV_USD,108.6850469887
2022-07-07,LAB_GOV_USD,108.9834118294
2022-07-08,LAB_GOV_USD,108.7189658978
2022-07-11,LAB_GOV_USD,109.4042710110
2022-07-12,LAB_GOV_USD,109.2367604340
2022-07-13,LAB_GOV_USD,108.8662814824
2022-07-14,LAB_GOV_USD,108.9078330032
2022-07-15,LAB_GOV_USD,109.4642301269
2022-07-18,LAB_GOV_USD,109.3591701782
2022-07-19,LAB_GOV_USD,109.8281260163
2022-07-20,LAB_GOV_USD,109.2593545610
2022-07-21,LAB_GOV_USD,109.5848362817
2022-07-22,LAB_GOV_USD,109.7454992222
2022-07-25,LAB_GOV_USD,110.6782543810
2022-07-26,LAB_GOV_USD,110.6517750139
2022-07-27,LAB_GOV_USD,110.4255701330
2022-07-28,LAB_GOV_USD,110.7618835985
2022-07-29,LAB_GOV_USD,110.3761470299
2022-08-01,LAB_GOV_USD,111.5872597757
2022-08-02,LAB_GOV_USD,111.8504412922
2022-08-03,LAB_GOV_USD,111.6128761326
2022-08-04,LAB_GOV_USD,112.1270846420
2022-08-05,LAB_GOV_USD,112.8080851811
2022-08-08,LAB_GOV_USD,112.6024887065
2022-08-09,LAB_GOV_USD,112.6766423420
2022-08-10,LAB_GOV_USD,112.3531930311
2022-08-11,LAB_GOV_USD,111.6737761998
2022-08-12,LAB_GOV_USD,112.6168176290
2022-08-15,LAB_GOV_USD,113.0093954403
2022-08-16,LAB_GOV_USD,112.6603047304
2022-08-17,LAB_GOV_USD,113.0412501092
2022-08-18,LAB_GOV_USD,113.1549048912
2022-08-19,LAB_GOV_USD,112.6331353964
2022-08-22,LAB_GOV_USD,113.0521905684
2022-08-23,LAB_GOV_USD,112.0880471426
2022-08-24,LAB_GOV_USD,111.8033307796
2022-08-25,LAB_GOV_USD,111.7670461456
2022-08-26,LAB_GOV_USD,111.7504910780
2022-08-29,LAB_GOV_USD,111.9372894860
2022-08-30,LAB_GOV_USD,111.2432521529
2022-08-31,LAB_GOV_USD,111.3767531061
2022-09-01,LAB_GOV_USD,110.7849060602
2022-09-02,LAB_GOV_USD,111.2307582321
2022-09-05,LAB_GOV_USD,111.0995231445
2022-09-06,LAB_GOV_USD,110.4835089364
2022-09-07,LAB_GOV_USD,110.7110237324
2022-09-08,LAB_GOV_USD,109.9431492503
2022-09-09,LAB_GOV_USD,110.8557115077
2022-09-12,LAB_GOV_USD,110.6912850289
2022-09-13,LAB_GOV_USD,110.8624884446
2022-09-14,LAB_GOV_USD,111.1106734401
2022-09-15,LAB_GOV_USD,111.2484958966
2022-09-16,LAB_GOV_USD,111.5903512845
2022-09-19,LAB_GOV_USD,111.4623342854
2022-09-20,LAB_GOV_USD,111.8621763545
2022-09-21,LAB_GOV_USD,111.5651354959
2022-09-22,LAB_GOV_USD,111.9010889291
2022-09-23,LAB_GOV_USD,112.4428542776
2022-09-26,LAB_GOV_USD,111.8226095323
2022-09-27,LAB_GOV_USD,111.3468734085
2022-09-28,LAB_GOV_USD,110.8846910876
2022-09-29,LAB_GOV_USD,110.9226219510
2022-09-30,LAB_GOV_USD,111.4115747066
2022-10-03,LAB_GOV_USD,110.8155954073
2022-10-04,LAB_GOV_USD,110.7375609857
2022-10-05,LAB_GOV_USD,110.4631308920
2022-10-06,LAB_GOV_USD,111.3205684558
2022-10-07,LAB_GOV_USD,112.3353320819
2022-10-10,LAB_GOV_USD,112.6223952413
2022-10-11,LAB_GOV_USD,111.5996943634
2022-10-12,LAB_GOV_USD,111.2339820424
2022-10-13,LAB_GOV_USD,110.6365615691
2022-10-14,LAB_GOV_USD,110.3483279815
2022-10-17,LAB_GOV_USD,110.6256791445
2022-10-18,LAB_GOV_USD,110.8809216861
2022-10-19,LAB_GOV_USD,110.3209020077
2022-10-20,LAB_GOV_USD,111.1093248838
2022-10-21,LAB_GOV_USD,111.5844147308
2022-10-24,LAB_GOV_USD,111.5239115125
2022-10-25,LAB_GOV_USD,111.2939137098
2022-10-26,LAB_GOV_USD,111.6206318085
2022-10-27,LAB_GOV_USD,111.4800719037
2022-10-28,LAB_GOV_USD,111.3348476700
2022-10-31,LAB_GOV_USD,111.7193744514
2022-11-01,LAB_GOV_USD,111.7172426523
2022-11-02,LAB_GOV_USD,110.9543564070
2022-11-03,LAB_GOV_USD,110.7935058309
2022-11-04,LAB_GOV_USD,110.9873274178
2022-11-07,LAB_GOV_USD,110.7101961515
2022-11-08,LAB_GOV_USD,110.9188944173
2022-11-09,LAB_GOV_USD,110.5672270786
2022-11-10,LAB_GOV_USD,110.5536516836
2022-11-11,LAB_GOV_USD,110.9359181712
2022-11-14,LAB_GOV_USD,110.3467291604
2022-11-15,LAB_GOV_USD,108.8495360545
2022-11-16,LAB_GOV_USD,108.2367386417
2022-11-17,LAB_GOV_USD,107.9284101621
2022-11-18,LAB_GOV_USD,107.5938023515
2022-11-21,LAB_GOV_USD,107.7560593622
2022-11-22,LAB_GOV_USD,107.9278082690
2022-11-23,LAB_GOV_USD,108.0396193803
2022-11-24,LAB_GOV_USD,108.3539086319
2022-11-25,LAB_GOV_USD,108.2201603265
2022-11-28,LAB_GOV_USD,107.9627066007
2022-11-29,LAB_GOV_USD,107.9448540035
2022-11-30,LAB_GOV_USD,108.2507274218
2022-12-01,LAB_GOV_USD,108.4956633481
2022-12-02,LAB_GOV_USD,108.1555204831
2022-12-05,LAB_GOV_USD,108.1943107063
2022-12-06,LAB_GOV_USD,108.0111764007
2022-12-07,LAB_GOV_USD,108.0179721315
2022-12-08,LAB_GOV_USD,108.0261877617
2022-12-09,LAB_GOV_USD,108.4626306962
2022-12-12,LAB_GOV_USD,108.5575473514
2022-12-13,LAB_GOV_USD,108.3287563872
2022-12-14,LAB_GOV_USD,108.4636036493
2022-12-15,LAB_GOV_USD,107.7603277295
2022-12-16,LAB_GOV_USD,107.4098258326
2022-12-19,LAB_GOV_USD,107.4085029150
2022-12-20,LAB_GOV_USD,107.6855394002
2022-12-21,LAB_GOV_USD,108.7116894626
2022-12-22,LAB_GOV_USD,108.3343329122
2022-12-23,LAB_GOV_USD,108.5007411235
2022-12-26,LAB_GOV_USD,108.9325880154
2022-12-27,LAB_GOV_USD,109.9841599386
2022-12-28,LAB_GOV_USD,110.2378148126
2022-12-29,LAB_GOV_USD,110.3257124448
2022-12-30,LAB_GOV_USD,109.7914637088
2023-01-02,LAB_GOV_USD,110.3725636848
2023-01-03,LAB_GOV_USD,111.2818955340
2023-01-04,LAB_GOV_USD,111.1638931039
2023-01-05,LAB_GOV_USD,111.4334088720
2023-01-06,LAB_GOV_USD,111.4645741732
2023-01-09,LAB_GOV_USD,111.2114564699
2023-01-10,LAB_GOV_USD,111.4052546590
2023-01-11,LAB_GOV_USD,111.0635300800
2023-01-12,LAB_GOV_USD,111.0706692573
2023-01-13,LAB_GOV_USD,110.5176472986
2023-01-16,LAB_GOV_USD,110.6730999078
2023-01-17,LAB_GOV_USD,110.6829754167
2023-01-18,LAB_GOV_USD,111.1755858270
2023-01-19,LAB_GOV_USD,110.4188906963
2023-01-20,LAB_GOV_USD,110.5608116164
2023-01-23,LAB_GOV_USD,111.1079291565
2023-01-24,LAB_GOV_USD,111.3218096793
2023-01-25,LAB_GOV_USD,111.7997890209
2023-01-26,LAB_GOV_USD,111.9979512887
2023-01-27,LAB_GOV_USD,111.8486153024
2023-01-30,LAB_GOV_USD,111.6176480693
2023-01-31,LAB_GOV_USD,111.3435371751
2023-02-01,LAB_GOV_USD,111.6249587508
2023-02-02,LAB_GOV_USD,111.0367716044
2023-02-03,LAB_GOV_USD,111.2183774173
2023-02-06,LAB_GOV_USD,111.0638890872
2023-02-07,LAB_GOV_USD,111.3149149623
2023-02-08,LAB_GOV_USD,111.1139481097
2023-02-09,LAB_GOV_USD,111.4008968881
2023-02-10,LAB_GOV_USD,110.9780105578
2023-02-13,LAB_GOV_USD,110.3892949321
2023-02-14,LAB_GOV_USD,110.3593722538
2023-02-15,LAB_GOV_USD,111.0891455913
2023-02-16,LAB_GOV_USD,111.6273834447
2023-02-17,LAB_GOV_USD,111.4050282581
2023-02-20,LAB_GOV_USD,111.8879005736
2023-02-21,LAB_GOV_USD,111.8576398626
2023-02-22,LAB_GOV_USD,110.9326223964
2023-02-23,LAB_GOV_USD,110.4773198286
2023-02-24,LAB_GOV_USD,110.1465980424
2023-02-27,LAB_GOV_USD,109.7690747568
2023-02-28,LAB_GOV_USD,110.7195245920
2023-03-01,LAB_GOV_USD,109.9279027853
2023-03-02,LAB_GOV_USD,109.2011026157
2023-03-03,LAB_GOV_USD,109.8798684039
2023-03-06,LAB_GOV_USD,109.8607090497
2023-03-07,LAB_GOV_USD,109.1849725902
2023-03-08,LAB_GOV_USD,108.8557579990
2023-03-09,LAB_GOV_USD,108.3958646845
2023-03-10,LAB_GOV_USD,107.9680368975
2023-03-13,LAB_GOV_USD,107.1586138853
2023-03-14,LAB_GOV_USD,107.4293332313
2023-03-15,LAB_GOV_USD,107.0612850781
2023-03-16,LAB_GOV_USD,106.4218105404
2023-03-17,LAB_GOV_USD,106.3533304605
2023-03-20,LAB_GOV_USD,106.6768994258
2023-03-21,LAB_GOV_USD,106.8936114055
2023-03-22,LAB_GOV_USD,107.0303246482
2023-03-23,LAB_GOV_USD,106.7925452697
2023-03-24,LAB_GOV_USD,107.1714581942
2023-03-27,LAB_GOV_USD,106.9478726579
2023-03-28,LAB_GOV_USD,106.4486803547
2023-03-29,LAB_GOV_USD,105.6350707449
2023-03-30,LAB_GOV_USD,104.8604651150
2023-03-31,LAB_GOV_USD,104.9965311890
2023-04-03,LAB_GOV_USD,105.2969120363
2023-04-04,LAB_GOV_USD,105.7444111303
2023-04-05,LAB_GOV_USD,106.4014528966
2023-04-06,LAB_GOV_USD,105.9551738679
2023-04-07,LAB_GOV_USD,105.9253932384
2023-04-10,LAB_GOV_USD,106.4656599398
2023-04-11,LAB_GOV_USD,106.1632265635
2023-04-12,LAB_GOV_USD,105.7509458273
2023-04-13,LAB_GOV_USD,106.5109825235
2023-04-14,LAB_GOV_USD,106.3532037335
2023-04-17,LAB_GOV_USD,106.8788995212
2023-04-18,LAB_GOV_USD,107.1799117576
2023-04-19,LAB_GOV_USD,106.4777430638
2023-04-20,LAB_GOV_USD,106.1705760648
2023-04-21,LAB_GOV_USD,107.2905011935
2023-04-24,LAB_GOV_USD,107.6749409115
2023-04-25,LAB_GOV_USD,107.2591513535
2023-04-26,LAB_GOV_USD,106.9617848472
2023-04-27,LAB_GOV_USD,107.0026980172
2023-04-28,LAB_GOV_USD,107.0719708723
2023-05-01,LAB_GOV_USD,107.6907332216
2023-05-02,LAB_GOV_USD,106.6797073515
2023-05-03,LAB_GOV_USD,107.0701510704
2023-05-04,LAB_GOV_USD,106.7407869688
2023-05-05,LAB_GOV_USD,106.4016654574
2023-05-08,LAB_GOV_USD,106.2498955375
2023-05-09,LAB_GOV_USD,106.1895409165
2023-05-10,LAB_GOV_USD,106.3542281961
2023-05-11,LAB_GOV_USD,106.5640509258
2023-05-12,LAB_GOV_USD,106.1778148275
2023-05-15,LAB_GOV_USD,106.3603910181
2023-05-16,LAB_GOV_USD,106.9560259753
2023-05-17,LAB_GOV_USD,107.0622514104
2023-05-18,LAB_GOV_USD,106.7661653726
2023-05-19,LAB_GOV_USD,105.7398741717
2023-05-22,LAB_GOV_USD,106.1344704717
2023-05-23,LAB_GOV_USD,106.7375464157
2023-05-24,LAB_GOV_USD,106.6002917524
2023-05-25,LAB_GOV_USD,106.7289618138
2023-05-26,LAB_GOV_USD,106.6975056051
2023-05-29,LAB_GOV_USD,106.3184491492
2023-05-30,LAB_GOV_USD,106.7739433310
2023-05-31,LAB_GOV_USD,107.6799775865
2023-06-01,LAB_GOV_USD,107.3397416569
2023-06-02,LAB_GOV_USD,107.8857970360
2023-06-05,LAB_GOV_USD,107.8525234933
2023-06-06,LAB_GOV_USD,107.5736982687
2023-06-07,LAB_GOV_USD,107.0819838932
2023-06-08,LAB_GOV_USD,106.8646201706
2023-06-09,LAB_GOV_USD,106.6419977136
2023-06-12,LAB_GOV_USD,106.4122927724
2023-06-13,LAB_GOV_USD,106.7966031434
2023-06-14,LAB_GOV_USD,106.3785042281
2023-06-15,LAB_GOV_USD,106.0391412209
2023-06-16,LAB_GOV_USD,106.0595027366
2023-06-19,LAB_GOV_USD,105.8170211824
2023-06-20,LAB_GOV_USD,105.8689444905
2023-06-21,LAB_GOV_USD,105.7812653224
2023-06-22,LAB_GOV_USD,105.8190931982
2023-06-23,LAB_GOV_USD,106.4528315409
2023-06-26,LAB_GOV_USD,106.9091816690
2023-06-27,LAB_GOV_USD,105.7834519695
2023-06-28,LAB_GOV_USD,105.6141656304
2023-06-29,LAB_GOV_USD,105.3259222649
2023-06-30,LAB_GOV_USD,104.9585371268
2023-07-03,LAB_GOV_USD,105.2229591212
2023-07-04,LAB_GOV_USD,105.1604744471
2023-07-05,LAB_GOV_USD,105.0701937705
2023-07-06,LAB_GOV_USD,105.5334802226
2023-07-07,LAB_GOV_USD,104.8939203215
2023-07-10,LAB_GOV_USD,105.3094641493
2023-07-11,LAB_GOV_USD,105.7077374147
2023-07-12,LAB_GOV_USD,105.0201466590
2023-07-13,LAB_GOV_USD,104.8304307118
2023-07-14,LAB_GOV_USD,104.8210031590
2023-07-17,LAB_GOV_USD,104.3757004126
2023-07-18,LAB_GOV_USD,104.5277290130
2023-07-19,LAB_GOV_USD,104.7498428416
2023-07-20,LAB_GOV_USD,103.9166333568
2023-07-21,LAB_GOV_USD,103.8674863706
2023-07-24,LAB_GOV_USD,104.2673174246
2023-07-25,LAB_GOV_USD,103.5289833959
2023-07-26,LAB_GOV_USD,103.7377398670
2023-07-27,LAB_GOV_USD,103.6163382538
2023-07-28,LAB_GOV_USD,104.2910812039
2023-07-31,LAB_GOV_USD,104.8343582852
2023-08-01,LAB_GOV_USD,104.2743047530
2023-08-02,LAB_GOV_USD,103.9149681488
2023-08-03,LAB_GOV_USD,104.2483289381
2023-08-04,LAB_GOV_USD,104.1910034133
2023-08-07,LAB_GOV_USD,104.5979524640
2023-08-08,LAB_GOV_USD,104.8337725388
2023-08-09,LAB_GOV_USD,104.4642105853
2023-08-10,LAB_GOV_USD,104.4445214150
2023-08-11,LAB_GOV_USD,104.1284024804
2023-08-14,LAB_GOV_USD,104.2840978786
2023-08-15,LAB_GOV_USD,104.2035056827
2023-08-16,LAB_GOV_USD,104.5440152252
2023-08-17,LAB_GOV_USD,104.2537622847
2023-08-18,LAB_GOV_USD,104.0544724862
2023-08-21,LAB_GOV_USD,103.4648695791
2023-08-22,LAB_GOV_USD,103.0353997467
2023-08-23,LAB_GOV_USD,103.0308867676
2023-08-24,LAB_GOV_USD,103.6938171355
2023-08-25,LAB_GOV_USD,103.5766501159
2023-08-28,LAB_GOV_USD,103.3486003370
2023-08-29,LAB_GOV_USD,103.7832279481
2023-08-30,LAB_GOV_USD,103.2770355167
2023-08-31,LAB_GOV_USD,103.2310538987
2023-09-01,LAB_GOV_USD,103.8086988297
2023-09-04,LAB_GOV_USD,103.9482246588
2023-09-05,LAB_GOV_USD,103.7244030766
2023-09-06,LAB_GOV_USD,103.8682778414
2023-09-07,LAB_GOV_USD,103.6705378928
2023-09-08,LAB_GOV_USD,104.7140718804
2023-09-11,LAB_GOV_USD,104.6740671284
2023-09-12,LAB_GOV_USD,105.0872109650
2023-09-13,LAB_GOV_USD,105.3732431134
2023-09-14,LAB_GOV_USD,106.6704320338
2023-09-15,LAB_GOV_USD,106.3203711467
2023-09-18,LAB_GOV_USD,105.9403490815
2023-09-19,LAB_GOV_USD,106.2150716365
2023-09-20,LAB_GOV_USD,105.5396063610
2023-09-21,LAB_GOV_USD,105.5019343203
2023-09-22,LAB_GOV_USD,105.0122359779
2023-09-25,LAB_GOV_USD,104.3684080941
2023-09-26,LAB_GOV_USD,104.2576290327
2023-09-27,LAB_GOV_USD,103.5631749306
2023-09-28,LAB_GOV_USD,103.8675956137
2023-09-29,LAB_GOV_USD,104.1079494137
2023-10-02,LAB_GOV_USD,104.5183731088
2023-10-03,LAB_GOV_USD,104.2457229589
2023-10-04,LAB_GOV_USD,104.3095742577
2023-10-05,LAB_GOV_USD,103.9923353058
2023-10-06,LAB_GOV_USD,104.6383807258
2023-10-09,LAB_GOV_USD,104.8391842778
2023-10-10,LAB_GOV_USD,104.6587770181
2023-10-11,LAB_GOV_USD,104.9451569691
2023-10-12,LAB_GOV_USD,105.1749250723
2023-10-13,LAB_GOV_USD,105.1725729917
2023-10-16,LAB_GOV_USD,104.6152497459
2023-10-17,LAB_GOV_USD,103.8988670160
2023-10-18,LAB_GOV_USD,103.8348741019
2023-10-19,LAB_GOV_USD,104.2387437198
2023-10-20,LAB_GOV_USD,104.0524733772
2023-10-23,LAB_GOV_USD,104.2434722739
2023-10-24,LAB_GOV_USD,104.4842475147
2023-10-25,LAB_GOV_USD,104.8740915774
2023-10-26,LAB_GOV_USD,105.0199871241
2023-10-27,LAB_GOV_USD,105.6089433405
2023-10-30,LAB_GOV_USD,105.1578509929
2023-10-31,LAB_GOV_USD,105.2024134951
2023-11-01,LAB_GOV_USD,104.9061370370
2023-11-02,LAB_GOV_USD,104.9248070837
2023-11-03,LAB_GOV_USD,103.9326562198
2023-11-06,LAB_GOV_USD,104.1557411992
2023-11-07,LAB_GOV_USD,103.9814150326
2023-11-08,LAB_GOV_USD,104.4129538408
2023-11-09,LAB_GOV_USD,105.0012626564
2023-11-10,LAB_GOV_USD,105.8846152742
2023-11-13,LAB_GOV_USD,105.9374803576
2023-11-14,LAB_GOV_USD,106.5792524912
2023-11-15,LAB_GOV_USD,106.3151835650
2023-11-16,LAB_GOV_USD,106.5006275436
2023-11-17,LAB_GOV_USD,105.9815041976
2023-11-20,LAB_GOV_USD,105.7738688787
2023-11-21,LAB_GOV_USD,106.2565497997
2023-11-22,LAB_GOV_USD,105.9518482984
2023-11-23,LAB_GOV_USD,106.0035729172
2023-11-24,LAB_GOV_USD,105.8823509659
2023-11-27,LAB_GOV_USD,105.7738434501
2023-11-28,LAB_GOV_USD,105.7971582003
2023-11-29,LAB_GOV_USD,105.4892861554
2023-11-30,LAB_GOV_USD,105.3312317880
2023-12-01,LAB_GOV_USD,106.7405670635
2023-12-04,LAB_GOV_USD,106.2389389023
2023-12-05,LAB_GOV_USD,106.2977228873
2023-12-06,LAB_GOV_USD,106.6188673479
2023-12-07,LAB_GOV_USD,107.1876237615
2023-12-08,LAB_GOV_USD,107.1278817907
2023-12-11,LAB_GOV_USD,107.1787839408
2023-12-12,LAB_GOV_USD,106.9125598353
2023-12-13,LAB_GOV_USD,106.7596521395
2023-12-14,LAB_GOV_USD,106.4720432843
2023-12-15,LAB_GOV_USD,106.5992730173
2023-12-18,LAB_GOV_USD,106.9422303935
2023-12-19,LAB_GOV_USD,107.8241673108
2023-12-20,LAB_GOV_USD,107.9577780148
2023-12-21,LAB_GOV_USD,108.0778342686
2023-12-22,LAB_GOV_USD,107.7660090048
2023-12-25,LAB_GOV_USD,107.8362869895
2023-12-26,LAB_GOV_USD,107.8233312523
2023-12-27,LAB_GOV_USD,108.2734243660
2023-12-28,LAB_GOV_USD,107.7053509951
2023-12-29,LAB_GOV_USD,107.4830291745
2024-01-01,LAB_GOV_USD,106.7015992035
2024-01-02,LAB_GOV_USD,106.6520652160
2024-01-03,LAB_GOV_USD,106.7403174635
2024-01-04,LAB_GOV_USD,107.6183945096
2024-01-05,LAB_GOV_USD,107.8685528893
2024-01-08,LAB_GOV_USD,108.1562651221
2024-01-09,LAB_GOV_USD,107.7153392695
2024-01-10,LAB_GOV_USD,107.3202437783
2024-01-11,LAB_GOV_USD,107.9869530267
2024-01-12,LAB_GOV_USD,108.0856875718
2024-01-15,LAB_GOV_USD,108.1564560719
2024-01-16,LAB_GOV_USD,107.8263966997
2024-01-17,LAB_GOV_USD,107.7794673756
2024-01-18,LAB_GOV_USD,107.8466010086
2024-01-19,LAB_GOV_USD,107.3314721030
2024-01-22,LAB_GOV_USD,107.5529450845
2024-01-23,LAB_GOV_USD,107.7997860678
2024-01-24,LAB_GOV_USD,107.6342676570
2024-01-25,LAB_GOV_USD,107.5553106003
2024-01-26,LAB_GOV_USD,108.1398561937
2024-01-29,LAB_GOV_USD,107.6910890270
2024-01-30,LAB_GOV_USD,107.5552349556
2024-01-31,LAB_GOV_USD,107.5721095747
2024-02-01,LAB_GOV_USD,107.8606812645
2024-02-02,LAB_GOV_USD,107.6917906725
2024-02-05,LAB_GOV_USD,107.6868560074
2024-02-06,LAB_GOV_USD,107.9576225066
2024-02-07,LAB_GOV_USD,108.3270012582
2024-02-08,LAB_GOV_USD,109.0825519965
2024-02-09,LAB_GOV_USD,108.5104656050
2024-02-12,LAB_GOV_USD,107.7224990403
2024-02-13,LAB_GOV_USD,106.7128507258
2024-02-14,LAB_GOV_USD,106.1740837588
2024-02-15,LAB_GOV_USD,106.2057981611
2024-02-16,LAB_GOV_USD,106.1806689419
2024-02-19,LAB_GOV_USD,105.9535643173
2024-02-20,LAB_GOV_USD,106.1136277231
2024-02-21,LAB_GOV_USD,106.6478388288
2024-02-22,LAB_GOV_USD,107.4561047828
2024-02-23,LAB_GOV_USD,107.0774041517
2024-02-26,LAB_GOV_USD,107.0267641562
2024-02-27,LAB_GOV_USD,107.8866652115
2024-02-28,LAB_GOV_USD,107.6845958141
2024-02-29,LAB_GOV_USD,107.5755606568
2024-03-01,LAB_GOV_USD,106.6453307980
2024-03-04,LAB_GOV_USD,106.5154423115
2024-03-05,LAB_GOV_USD,105.8481338724
2024-03-06,LAB_GOV_USD,106.2334516479
2024-03-07,LAB_GOV_USD,107.1581668438
2024-03-08,LAB_GOV_USD,107.2311332801
2024-03-11,LAB_GOV_USD,107.4519473679
2024-03-12,LAB_GOV_USD,107.6393558359
2024-03-13,LAB_GOV_USD,107.7117162802
2024-03-14,LAB_GOV_USD,107.6505095218
2024-03-15,LAB_GOV_USD,107.8119874943
2024-03-18,LAB_GOV_USD,107.9119502594
2024-03-19,LAB_GOV_USD,107.6638831308
2024-03-20,LAB_GOV_USD,107.4497955346
2024-03-21,LAB_GOV_USD,107.7469474059
2024-03-22,LAB_GOV_USD,108.1254334760
2024-03-25,LAB_GOV_USD,108.2797636393
2024-03-26,LAB_GOV_USD,107.7847115396
2024-03-27,LAB_GOV_USD,107.1664299379
2024-03-28,LAB_GOV_USD,107.1330118945
2024-03-29,LAB_GOV_USD,106.9858523403
2024-04-01,LAB_GOV_USD,107.1565662806
2024-04-02,LAB_GOV_USD,108.0316626619
2024-04-03,LAB_GOV_USD,108.2538515442
2024-04-04,LAB_GOV_USD,108.3529030932
2024-04-05,LAB_GOV_USD,108.4093948874
2024-04-08,LAB_GOV_USD,108.4296856236
2024-04-09,LAB_GOV_USD,108.5360752706
2024-04-10,LAB_GOV_USD,108.2406734927
2024-04-11,LAB_GOV_USD,107.8229620744
2024-04-12,LAB_GOV_USD,107.8624584644
2024-04-15,LAB_GOV_USD,108.2073951562
2024-04-16,LAB_GOV_USD,108.6066384542
2024-04-17,LAB_GOV_USD,108.2713476605
2024-04-18,LAB_GOV_USD,108.2477044908
2024-04-19,LAB_GOV_USD,107.7292101643
2024-04-22,LAB_GOV_USD,107.4591145476
2024-04-23,LAB_GOV_USD,107.3429511452
2024-04-24,LAB_GOV_USD,107.0616412753
2024-04-25,LAB_GOV_USD,107.1561376384
2024-04-26,LAB_GOV_USD,106.1905533541
2024-04-29,LAB_GOV_USD,105.8763325423
2024-04-30,LAB_GOV_USD,106.2571929665
2024-05-01,LAB_GOV_USD,106.3238669473
2024-05-02,LAB_GOV_USD,106.3675157766
2024-05-03,LAB_GOV_USD,105.8706148734
2024-05-06,LAB_GOV_USD,106.3412185934
2024-05-07,LAB_GOV_USD,106.8214076638
2024-05-08,LAB_GOV_USD,106.7525085071
2024-05-09,LAB_GOV_USD,106.9070894800
2024-05-10,LAB_GOV_USD,107.2176023788
2024-05-13,LAB_GOV_USD,107.1569020289
2024-05-14,LAB_GOV_USD,107.5921913275
2024-05-15,LAB_GOV_USD,107.5801715929
2024-05-16,LAB_GOV_USD,107.2425714709
2024-05-17,LAB_GOV_USD,106.9234122598
2024-05-20,LAB_GOV_USD,105.7573769340
2024-05-21,LAB_GOV_USD,105.4180218500
2024-05-22,LAB_GOV_USD,105.5318411576
2024-05-23,LAB_GOV_USD,105.5193750046
2024-05-24,LAB_GOV_USD,104.7259528220
2024-05-27,LAB_GOV_USD,104.8360336390
2024-05-28,LAB_GOV_USD,104.5900590390
2024-05-29,LAB_GOV_USD,104.0769616565
2024-05-30,LAB_GOV_USD,104.4147459271
2024-05-31,LAB_GOV_USD,104.1873837427
2024-06-03,LAB_GOV_USD,104.1577478976
2024-06-04,LAB_GOV_USD,104.4014217980
2024-06-05,LAB_GOV_USD,104.5064532435
2024-06-06,LAB_GOV_USD,103.6870391788
2024-06-07,LAB_GOV_USD,102.9240969473
2024-06-10,LAB_GOV_USD,102.4248319808
2024-06-11,LAB_GOV_USD,102.8514507171
2024-06-12,LAB_GOV_USD,103.3864232242
2024-06-13,LAB_GOV_USD,104.8035562034
2024-06-14,LAB_GOV_USD,104.7606577262
2024-06-17,LAB_GOV_USD,104.3578286182
2024-06-18,LAB_GOV_USD,104.3169622029
2024-06-19,LAB_GOV_USD,104.2036291935
2024-06-20,LAB_GOV_USD,104.4559835208
2024-06-21,LAB_GOV_USD,104.1147189602
2024-06-24,LAB_GOV_USD,103.4022857771
2024-06-25,LAB_GOV_USD,102.9379094823
2024-06-26,LAB_GOV_USD,102.5930138455
2024-06-27,LAB_GOV_USD,102.6706805748
2024-06-28,LAB_GOV_USD,103.0052773545
2024-07-01,LAB_GOV_USD,102.6312862226
2024-07-02,LAB_GOV_USD,102.7336314910
2024-07-03,LAB_GOV_USD,102.7446994451
2024-07-04,LAB_GOV_USD,103.1836665273
2024-07-05,LAB_GOV_USD,102.7176587284
2024-07-08,LAB_GOV_USD,103.3810923751
2024-07-09,LAB_GOV_USD,102.9701241462
2024-07-10,LAB_GOV_USD,102.7412542327
2024-07-11,LAB_GOV_USD,102.4035464520
2024-07-12,LAB_GOV_USD,102.7681143285
2024-07-15,LAB_GOV_USD,102.6515119453
2024-07-16,LAB_GOV_USD,102.2968282611
2024-07-17,LAB_GOV_USD,101.5519115059
2024-07-18,LAB_GOV_USD,101.2368831813
2024-07-19,LAB_GOV_USD,100.9744707441
2024-07-22,LAB_GOV_USD,99.9582567402
2024-07-23,LAB_GOV_USD,100.5093892059
2024-07-24,LAB_GOV_USD,100.5221791454
2024-07-25,LAB_GOV_USD,100.4974678426
2024-07-26,LAB_GOV_USD,100.2512771304
2024-07-29,LAB_GOV_USD,99.8833737745
2024-07-30,LAB_GOV_USD,99.5961067058
2024-07-31,LAB_GOV_USD,99.4625409502
2024-08-01,LAB_GOV_USD,99.5019476895
2024-08-02,LAB_GOV_USD,98.8010684021
2024-08-05,LAB_GOV_USD,98.8874186282
2024-08-06,LAB_GOV_USD,99.0996809423
2024-08-07,LAB_GOV_USD,98.1460822727
2024-08-08,LAB_GOV_USD,98.5876904396
2024-08-09,LAB_GOV_USD,97.8604362161
2024-08-12,LAB_GOV_USD,97.5700346550
2024-08-13,LAB_GOV_USD,97.5194343835
2024-08-14,LAB_GOV_USD,98.0241560497
2024-08-15,LAB_GOV_USD,97.8769208465
2024-08-16,LAB_GOV_USD,97.9568635278
2024-08-19,LAB_GOV_USD,97.8612804746
2024-08-20,LAB_GOV_USD,97.9648731333
2024-08-21,LAB_GOV_USD,98.2754909836
2024-08-22,LAB_GOV_USD,98.0728073658
2024-08-23,LAB_GOV_USD,98.6596757904
2024-08-26,LAB_GOV_USD,98.6563615070
2024-08-27,LAB_GOV_USD,99.2641323626
2024-08-28,LAB_GOV_USD,98.7990359620
2024-08-29,LAB_GOV_USD,98.8078513339
2024-08-30,LAB_GOV_USD,98.4178276602
2024-09-02,LAB_GOV_USD,97.8993349295
2024-09-03,LAB_GOV_USD,97.8800829905
2024-09-04,LAB_GOV_USD,97.9830218384
2024-09-05,LAB_GOV_USD,97.5612132883
2024-09-06,LAB_GOV_USD,97.3091389715
2024-09-09,LAB_GOV_USD,97.1819948805
2024-09-10,LAB_GOV_USD,96.3774961971
2024-09-11,LAB_GOV_USD,96.8713867136
2024-09-12,LAB_GOV_USD,97.3438114164
2024-09-13,LAB_GOV_USD,97.4161527367
2024-09-16,LAB_GOV_USD,97.5714652746
2024-09-17,LAB_GOV_USD,97.2701677374
2024-09-18,LAB_GOV_USD,97.1457773037
2024-09-19,LAB_GOV_USD,97.9611002608
2024-09-20,LAB_GOV_USD,98.4965110443
2024-09-23,LAB_GOV_USD,98.2825780587
2024-09-24,LAB_GOV_USD,97.8236559831
2024-09-25,LAB_GOV_USD,97.6623498589
2024-09-26,LAB_GOV_USD,97.9618214440
2024-09-27,LAB_GOV_USD,98.4056686010
2024-09-30,LAB_GOV_USD,98.4429975148
2024-10-01,LAB_GOV_USD,98.2076500517
2024-10-02,LAB_GOV_USD,97.8647869087
2024-10-03,LAB_GOV_USD,97.5626224796
2024-10-04,LAB_GOV_USD,97.5511969949
2024-10-07,LAB_GOV_USD,97.7855078842
2024-10-08,LAB_GOV_USD,98.2106035922
2024-10-09,LAB_GOV_USD,98.0359347987
2024-10-10,LAB_GOV_USD,98.0222738382
2024-10-11,LAB_GOV_USD,97.1716491838
2024-10-14,LAB_GOV_USD,96.9939234493
2024-10-15,LAB_GOV_USD,97.3171939109
2024-10-16,LAB_GOV_USD,96.5110432295
2024-10-17,LAB_GOV_USD,95.8799440932
2024-10-18,LAB_GOV_USD,96.1563141378
2024-10-21,LAB_GOV_USD,95.6914270588
2024-10-22,LAB_GOV_USD,96.1006006476
2024-10-23,LAB_GOV_USD,96.1577604797
2024-10-24,LAB_GOV_USD,95.2703105061
2024-10-25,LAB_GOV_USD,95.0900560232
2024-10-28,LAB_GOV_USD,94.8755127260
2024-10-29,LAB_GOV_USD,95.2987277853
2024-10-30,LAB_GOV_USD,95.6388301561
2024-10-31,LAB_GOV_USD,95.6519625858
2024-11-01,LAB_GOV_USD,94.9224958138
2024-11-04,LAB_GOV_USD,95.0582498555
2024-11-05,LAB_GOV_USD,94.2974534420
2024-11-06,LAB_GOV_USD,93.7259622655
2024-11-07,LAB_GOV_USD,94.1007385833
2024-11-08,LAB_GOV_USD,94.3181633898
2024-11-11,LAB_GOV_USD,93.6674115276
2024-11-12,LAB_GOV_USD,93.4861004828
2024-11-13,LAB_GOV_USD,93.6156563280
2024-11-14,LAB_GOV_USD,93.7619384859
2024-11-15,LAB_GOV_USD,93.9829097491
2024-11-18,LAB_GOV_USD,94.7185978804
2024-11-19,LAB_GOV_USD,94.7953317683
2024-11-20,LAB_GOV_USD,94.8484741831
2024-11-21,LAB_GOV_USD,95.4506442099
2024-11-22,LAB_GOV_USD,95.5649636350
2024-11-25,LAB_GOV_USD,95.0738499126
2024-11-26,LAB_GOV_USD,94.9981578657
2024-11-27,LAB_GOV_USD,95.3906273720
2024-11-28,LAB_GOV_USD,94.9087541842
2024-11-29,LAB_GOV_USD,94.5048946342
2024-12-02,LAB_GOV_USD,94.0273971729
2024-12-03,LAB_GOV_USD,94.3562006069
2024-12-04,LAB_GOV_USD,94.2443208909
2024-12-05,LAB_GOV_USD,94.8145252653
2024-12-06,LAB_GOV_USD,94.6706988049
2024-12-09,LAB_GOV_USD,95.0261451981
2024-12-10,LAB_GOV_USD,95.3342675307
2024-12-11,LAB_GOV_USD,95.2573029437
2024-12-12,LAB_GOV_USD,95.1454524523
2024-12-13,LAB_GOV_USD,95.2147231860
2024-12-16,LAB_GOV_USD,95.3803345980
2024-12-17,LAB_GOV_USD,95.6856106081
2024-12-18,LAB_GOV_USD,95.7605789253
2024-12-19,LAB_GOV_USD,96.1164575203
2024-12-20,LAB_GOV_USD,97.0338507357
2024-12-23,LAB_GOV_USD,96.7138030375
2024-12-24,LAB_GOV_USD,96.6056345424
2024-12-25,LAB_GOV_USD,96.8591161059
2024-12-26,LAB_GOV_USD,96.9227661309
2024-12-27,LAB_GOV_USD,96.7971605552
2024-12-30,LAB_GOV_USD,96.6128102377
2024-12-31,LAB_GOV_USD,96.6095325589
2025-01-01,LAB_GOV_USD,96.6202722938
2025-01-02,LAB_GOV_USD,95.8275566185
2025-01-03,LAB_GOV_USD,95.7751848172
2025-01-06,LAB_GOV_USD,96.1579459644
2025-01-07,LAB_GOV_USD,96.2530536203
2025-01-08,LAB_GOV_USD,95.9977370056
2025-01-09,LAB_GOV_USD,96.5180857700
2025-01-10,LAB_GOV_USD,96.0240790264
2025-01-13,LAB_GOV_USD,95.7140094477
2025-01-14,LAB_GOV_USD,95.9192838290
2025-01-15,LAB_GOV_USD,96.0532331471
2025-01-16,LAB_GOV_USD,95.5433862013
2025-01-17,LAB_GOV_USD,95.3053035178
2025-01-20,LAB_GOV_USD,96.0115730379
2025-01-21,LAB_GOV_USD,96.0865564105
2025-01-22,LAB_GOV_USD,95.3832288094
2025-01-23,LAB_GOV_USD,95.8328906039
2025-01-24,LAB_GOV_USD,95.9184719328
2025-01-27,LAB_GOV_USD,95.7670389551
2025-01-28,LAB_GOV_USD,95.9436750463
2025-01-29,LAB_GOV_USD,96.0796521733
2025-01-30,LAB_GOV_USD,96.0556391777
2025-01-31,LAB_GOV_USD,96.7354634310
2025-02-03,LAB_GOV_USD,96.8143025011
2025-02-04,LAB_GOV_USD,97.2050244169
2025-02-05,LAB_GOV_USD,97.2923652694
2025-02-06,LAB_GOV_USD,97.3396054731
2025-02-07,LAB_GOV_USD,97.0153911833
2025-02-10,LAB_GOV_USD,96.5639610062
2025-02-11,LAB_GOV_USD,96.9745463306
2025-02-12,LAB_GOV_USD,97.4194892431
2025-02-13,LAB_GOV_USD,97.8748417371
2025-02-14,LAB_GOV_USD,98.5955635323
2025-02-17,LAB_GOV_USD,98.5942588896
2025-02-18,LAB_GOV_USD,98.7119505816
2025-02-19,LAB_GOV_USD,99.1816909434
2025-02-20,LAB_GOV_USD,98.9497298113
2025-02-21,LAB_GOV_USD,98.7348791251
2025-02-24,LAB_GOV_USD,98.5432667509
2025-02-25,LAB_GOV_USD,98.3991794562
2025-02-26,LAB_GOV_USD,97.9878337058
2025-02-27,LAB_GOV_USD,97.8007782097
2025-02-28,LAB_GOV_USD,97.4560408133
2025-03-03,LAB_GOV_USD,97.7428413863
2025-03-04,LAB_GOV_USD,97.7062532541
2025-03-05,LAB_GOV_USD,97.7866221861
2025-03-06,LAB_GOV_USD,97.3201002609
2025-03-07,LAB_GOV_USD,97.5241685397
2025-03-10,LAB_GOV_USD,97.7229429500
2025-03-11,LAB_GOV_USD,98.0959277156
2025-03-12,LAB_GOV_USD,97.7954473202
2025-03-13,LAB_GOV_USD,98.2061928632
2025-03-14,LAB_GOV_USD,99.0830460125
2025-03-17,LAB_GOV_USD,99.4081506815
2025-03-18,LAB_GOV_USD,99.7823114126
2025-03-19,LAB_GOV_USD,99.6404027487
2025-03-20,LAB_GOV_USD,99.6749496627
2025-03-21,LAB_GOV_USD,99.9767295607
2025-03-24,LAB_GOV_USD,99.9188646134
2025-03-25,LAB_GOV_USD,99.4622976792
2025-03-26,LAB_GOV_USD,98.7012678697
2025-03-27,LAB_GOV_USD,98.5886341810
2025-03-28,LAB_GOV_USD,99.0140772888
2025-03-31,LAB_GOV_USD,98.7001702812
2025-04-01,LAB_GOV_USD,98.7556121995
2025-04-02,LAB_GOV_USD,99.2957081448
2025-04-03,LAB_GOV_USD,98.8970228730
2025-04-04,LAB_GOV_USD,99.4884938080
2025-04-07,LAB_GOV_USD,99.2540706854
2025-04-08,LAB_GOV_USD,99.0568807214
2025-04-09,LAB_GOV_USD,99.1396807662
2025-04-10,LAB_GOV_USD,99.2594269161
2025-04-11,LAB_GOV_USD,99.6179475773
2025-04-14,LAB_GOV_USD,100.0642873719
2025-04-15,LAB_GOV_USD,99.5644727376
2025-04-16,LAB_GOV_USD,99.8324573916
2025-04-17,LAB_GOV_USD,99.9257032596
2025-04-18,LAB_GOV_USD,99.9524684777
2025-04-21,LAB_GOV_USD,100.0769794854
2025-04-22,LAB_GOV_USD,100.2131203957
2025-04-23,LAB_GOV_USD,99.6859543612
2025-04-24,LAB_GOV_USD,99.9447854674
2025-04-25,LAB_GOV_USD,100.1976650714
2025-04-28,LAB_GOV_USD,99.6495677990
2025-04-29,LAB_GOV_USD,99.7995364474
2025-04-30,LAB_GOV_USD,99.2605525097
2025-05-01,LAB_GOV_USD,99.6099571565
2025-05-02,LAB_GOV_USD,99.2375552594
2025-05-05,LAB_GOV_USD,98.6491984473
2025-05-06,LAB_GOV_USD,98.6683907235
2025-05-07,LAB_GOV_USD,99.2895962738
2025-05-08,LAB_GOV_USD,99.5415117493
2025-05-09,LAB_GOV_USD,99.9685381808
2025-05-12,LAB_GOV_USD,99.6602728167
2025-05-13,LAB_GOV_USD,99.0088741578
2025-05-14,LAB_GOV_USD,99.0151161267
2025-05-15,LAB_GOV_USD,98.8991594083
2025-05-16,LAB_GOV_USD,98.7169405518
2025-05-19,LAB_GOV_USD,98.9204904113
2025-05-20,LAB_GOV_USD,98.8259331739
2025-05-21,LAB_GOV_USD,98.6238357895
2025-05-22,LAB_GOV_USD,98.8879126755
2025-05-23,LAB_GOV_USD,98.5935877518
2025-05-26,LAB_GOV_USD,98.3993480106
2025-05-27,LAB_GOV_USD,98.2967206661
2025-05-28,LAB_GOV_USD,97.9729943551
2025-05-29,LAB_GOV_USD,98.7067478742
2025-05-30,LAB_GOV_USD,98.9095318690
2025-06-02,LAB_GOV_USD,98.4424622126
2025-06-03,LAB_GOV_USD,98.4058735497
2025-06-04,LAB_GOV_USD,98.1949887754
2025-06-05,LAB_GOV_USD,98.1311776935
2025-06-06,LAB_GOV_USD,98.2152640987
2025-06-09,LAB_GOV_USD,98.1653359993
2025-06-10,LAB_GOV_USD,97.8332970331
2025-06-11,LAB_GOV_USD,97.6686672437
2025-06-12,LAB_GOV_USD,98.2569349724
2025-06-13,LAB_GOV_USD,98.1148679904
2025-06-16,LAB_GOV_USD,98.7089806789
2025-06-17,LAB_GOV_USD,99.4107023365
2025-06-18,LAB_GOV_USD,99.6077147952
2025-06-19,LAB_GOV_USD,99.0480455875
2025-06-20,LAB_GOV_USD,98.7685319348
2025-06-23,LAB_GOV_USD,99.2748365238
2025-06-24,LAB_GOV_USD,99.4342272397
2025-06-25,LAB_GOV_USD,99.6961777333
2025-06-26,LAB_GOV_USD,99.7945069741
2025-06-27,LAB_GOV_USD,99.6614345766
2025-06-30,LAB_GOV_USD,100.3013894790
2025-07-01,LAB_GOV_USD,100.3697631790
2025-07-02,LAB_GOV_USD,100.9612604737
2025-07-03,LAB_GOV_USD,100.6158655242
2025-07-04,LAB_GOV_USD,100.9203560719
2025-07-07,LAB_GOV_USD,100.9129137098
2025-07-08,LAB_GOV_USD,100.8350333042
2025-07-09,LAB_GOV_USD,100.9748266713
2025-07-10,LAB_GOV_USD,101.7281271807
2025-07-11,LAB_GOV_USD,101.3371827159
2025-07-14,LAB_GOV_USD,100.1374149923
2025-07-15,LAB_GOV_USD,100.7434367774
2025-07-16,LAB_GOV_USD,101.3473577456
2025-07-17,LAB_GOV_USD,100.9002903667
2025-07-18,LAB_GOV_USD,100.6637831268
2025-07-21,LAB_GOV_USD,100.8775256465
2025-07-22,LAB_GOV_USD,100.4709292612
2025-07-23,LAB_GOV_USD,100.7767963311
2025-07-24,LAB_GOV_USD,101.6400013232
2025-07-25,LAB_GOV_USD,101.5376447987
2025-07-28,LAB_GOV_USD,101.3767440034
2025-07-29,LAB_GOV_USD,100.9488701278
2025-07-30,LAB_GOV_USD,100.7183938585
2025-07-31,LAB_GOV_USD,100.8526909000
2025-08-01,LAB_GOV_USD,100.7744179187
2025-08-04,LAB_GOV_USD,100.6761051694
2025-08-05,LAB_GOV_USD,100.2234483213
2025-08-06,LAB_GOV_USD,100.5591367126
2025-08-07,LAB_GOV_USD,100.2543311984
2025-08-08,LAB_GOV_USD,99.7602679073
2025-08-11,LAB_GOV_USD,99.3332021105
2025-08-12,LAB_GOV_USD,99.0292127505
2025-08-13,LAB_GOV_USD,99.7575754660
2025-08-14,LAB_GOV_USD,99.5973673764
2025-08-15,LAB_GOV_USD,99.8624260566
2025-08-18,LAB_GOV_USD,99.8697758795
2025-08-19,LAB_GOV_USD,99.6990582499
2025-08-20,LAB_GOV_USD,99.6358720144
2025-08-21,LAB_GOV_USD,99.2381269641
2025-08-22,LAB_GOV_USD,99.6429813095
2025-08-25,LAB_GOV_USD,99.5113744007
2025-08-26,LAB_GOV_USD,98.8918636289
2025-08-27,LAB_GOV_USD,99.2092853905
2025-08-28,LAB_GOV_USD,99.2990386877
2025-08-29,LAB_GOV_USD,99.9495313159
2025-09-01,LAB_GOV_USD,99.6014320044
2025-09-02,LAB_GOV_USD,99.8459692195
2025-09-03,LAB_GOV_USD,99.6443364474
2025-09-04,LAB_GOV_USD,99.0315283191
2025-09-05,LAB_GOV_USD,98.1126722785
2025-09-08,LAB_GOV_USD,98.1741693900
2025-09-09,LAB_GOV_USD,98.0090884053
2025-09-10,LAB_GOV_USD,98.9813540420
2025-09-11,LAB_GOV_USD,98.7988710103
2025-09-12,LAB_GOV_USD,99.3786444979
2025-09-15,LAB_GOV_USD,99.6935006161
2025-09-16,LAB_GOV_USD,98.8724681518
2025-09-17,LAB_GOV_USD,98.7401591259
2025-09-18,LAB_GOV_USD,99.6268447414
2025-09-19,LAB_GOV_USD,100.1389759464
2025-09-22,LAB_GOV_USD,100.3482174868
2025-09-23,LAB_GOV_USD,100.2225931268
2025-09-24,LAB_GOV_USD,100.0329464995
2025-09-25,LAB_GOV_USD,99.8563025916
2025-09-26,LAB_GOV_USD,100.2755084935
2025-09-29,LAB_GOV_USD,100.3229068097
2025-09-30,LAB_GOV_USD,99.7560213491
2025-10-01,LAB_GOV_USD,99.2339625171
2025-10-02,LAB_GOV_USD,99.1083378820
2025-10-03,LAB_GOV_USD,99.5435632359
2025-10-06,LAB_GOV_USD,99.8502450034
2025-10-07,LAB_GOV_USD,100.2276643624
2025-10-08,LAB_GOV_USD,100.0054897627
2025-10-09,LAB_GOV_USD,99.4463808287
2025-10-10,LAB_GOV_USD,100.0075179526
2025-10-13,LAB_GOV_USD,99.7197870601
2025-10-14,LAB_GOV_USD,100.2221151462
2025-10-15,LAB_GOV_USD,100.4876918045
2025-10-16,LAB_GOV_USD,100.6905300121
2025-10-17,LAB_GOV_USD,100.3321833828
2025-10-20,LAB_GOV_USD,100.1067992624
2025-10-21,LAB_GOV_USD,100.4027186727
2025-10-22,LAB_GOV_USD,100.1470401363
2025-10-23,LAB_GOV_USD,99.9897832132
2025-10-24,LAB_GOV_USD,99.8573736390
2025-10-27,LAB_GOV_USD,99.5761296839
2025-10-28,LAB_GOV_USD,99.8470285153
2025-10-29,LAB_GOV_USD,99.8601437141
2025-10-30,LAB_GOV_USD,100.2554677867
2025-10-31,LAB_GOV_USD,100.7958383223
2025-11-03,LAB_GOV_USD,100.5647430178
2025-11-04,LAB_GOV_USD,100.4749232181
2025-11-05,LAB_GOV_USD,100.8000687038
2025-11-06,LAB_GOV_USD,100.4136154115
2025-11-07,LAB_GOV_USD,101.3595279806
2025-11-10,LAB_GOV_USD,101.6795940983
2025-11-11,LAB_GOV_USD,102.0749504356
2025-11-12,LAB_GOV_USD,102.2038454402
2025-11-13,LAB_GOV_USD,101.3061672337
2025-11-14,LAB_GOV_USD,100.7974207698
2025-11-17,LAB_GOV_USD,101.3727520858
2025-11-18,LAB_GOV_USD,102.0546928527
2025-11-19,LAB_GOV_USD,102.1643454979
2025-11-20,LAB_GOV_USD,102.5821366637
2025-11-21,LAB_GOV_USD,102.7114860095
2025-11-24,LAB_GOV_USD,102.1472944636
2025-11-25,LAB_GOV_USD,101.9405568281
2025-11-26,LAB_GOV_USD,101.7806126859
2025-11-27,LAB_GOV_USD,102.2378309321
2025-11-28,LAB_GOV_USD,101.5465813415
2025-12-01,LAB_GOV_USD,101.4830390997
2025-12-02,LAB_GOV_USD,101.7045169146
2025-12-03,LAB_GOV_USD,101.2896055252
2025-12-04,LAB_GOV_USD,101.8352976058
2025-12-05,LAB_GOV_USD,101.8283840467
2025-12-08,LAB_GOV_USD,101.3146666746
2025-12-09,LAB_GOV_USD,100.7889223141
2025-12-10,LAB_GOV_USD,100.8120109381
2025-12-11,LAB_GOV_USD,100.6701510331
2025-12-12,LAB_GOV_USD,101.1601339619
2025-12-15,LAB_GOV_USD,101.6779907891
2025-12-16,LAB_GOV_USD,102.0520435766
2025-12-17,LAB_GOV_USD,102.3557915905
2025-12-18,LAB_GOV_USD,102.2309585800
2025-12-19,LAB_GOV_USD,102.1176479066
2025-12-22,LAB_GOV_USD,102.1370402769
2025-12-23,LAB_GOV_USD,102.4403071301
2025-12-24,LAB_GOV_USD,102.8823641485
2025-12-25,LAB_GOV_USD,102.7504372250
2025-12-26,LAB_GOV_USD,103.1994570536
2025-12-29,LAB_GOV_USD,103.6988266389
2025-12-30,LAB_GOV_USD,103.5499052883
2025-12-31,LAB_GOV_USD,103.0168503679
